removed_task,removed_path,removed_label,kept_task,kept_path,kept_label,hamming
T1_APTOS,/kaggle/input/datasets/mariaherrerot/aptos2019/test_images/test_images/e6a6acf7fca1.png,Moderate DR,T1_APTOS,/kaggle/input/datasets/mariaherrerot/aptos2019/test_images/test_images/e52ed5c29c5e.png,Severe DR,4
T1_APTOS,/kaggle/input/datasets/mariaherrerot/aptos2019/test_images/test_images/ed6bd9293a89.png,No DR,T1_APTOS,/kaggle/input/datasets/mariaherrerot/aptos2019/test_images/test_images/ebf4b22240f4.png,No DR,4
T1_APTOS,/kaggle/input/datasets/mariaherrerot/aptos2019/test_images/test_images/ef7eb85b75fc.png,No DR,T1_APTOS,/kaggle/input/datasets/mariaherrerot/aptos2019/test_images/test_images/e632e38fd2d4.png,No DR,4
T1_APTOS,/kaggle/input/datasets/mariaherrerot/aptos2019/test_images/test_images/ef99c499d665.png,No DR,T1_APTOS,/kaggle/input/datasets/mariaherrerot/aptos2019/test_images/test_images/ec6f1797a25a.png,No DR,4
T1_APTOS,/kaggle/input/datasets/mariaherrerot/aptos2019/test_images/test_images/f09cfc6a4dbd.png,No DR,T1_APTOS,/kaggle/input/datasets/mariaherrerot/aptos2019/test_images/test_images/ec6f1797a25a.png,No DR,4
T1_APTOS,/kaggle/input/datasets/mariaherrerot/aptos2019/test_images/test_images/f23902998c21.png,Moderate DR,T1_APTOS,/kaggle/input/datasets/mariaherrerot/aptos2019/test_images/test_images/e8d1c6c07cf2.png,Severe DR,0
T1_APTOS,/kaggle/input/datasets/mariaherrerot/aptos2019/test_images/test_images/f26b02ead915.png,No DR,T1_APTOS,/kaggle/input/datasets/mariaherrerot/aptos2019/test_images/test_images/eebd1e195952.png,No DR,4
T1_APTOS,/kaggle/input/datasets/mariaherrerot/aptos2019/test_images/test_images/f580566e27f5.png,No DR,T1_APTOS,/kaggle/input/datasets/mariaherrerot/aptos2019/test_images/test_images/ed2c52c14493.png,No DR,4
T1_APTOS,/kaggle/input/datasets/mariaherrerot/aptos2019/test_images/test_images/f5c953bee7cd.png,No DR,T1_APTOS,/kaggle/input/datasets/mariaherrerot/aptos2019/test_images/test_images/ea9c41e1ced0.png,No DR,4
T1_APTOS,/kaggle/input/datasets/mariaherrerot/aptos2019/test_images/test_images/f64b6e85f1c9.png,No DR,T1_APTOS,/kaggle/input/datasets/mariaherrerot/aptos2019/test_images/test_images/e66ad813a508.png,No DR,4
T1_APTOS,/kaggle/input/datasets/mariaherrerot/aptos2019/test_images/test_images/f819c65b803c.png,No DR,T1_APTOS,/kaggle/input/datasets/mariaherrerot/aptos2019/test_images/test_images/ef8c39eb9157.png,No DR,4
T1_APTOS,/kaggle/input/datasets/mariaherrerot/aptos2019/test_images/test_images/fa9f1bc03f21.png,No DR,T1_APTOS,/kaggle/input/datasets/mariaherrerot/aptos2019/test_images/test_images/ef4121e9bb67.png,No DR,4
T1_APTOS,/kaggle/input/datasets/mariaherrerot/aptos2019/test_images/test_images/fc1b1841eadf.png,Moderate DR,T1_APTOS,/kaggle/input/datasets/mariaherrerot/aptos2019/test_images/test_images/f2ee81781411.png,Moderate DR,4
T1_APTOS,/kaggle/input/datasets/mariaherrerot/aptos2019/test_images/test_images/fc603cbedb41.png,Moderate DR,T1_APTOS,/kaggle/input/datasets/mariaherrerot/aptos2019/test_images/test_images/ed88faaa325a.png,Moderate DR,4
T1_APTOS,/kaggle/input/datasets/mariaherrerot/aptos2019/test_images/test_images/fd0a70082e7c.png,No DR,T1_APTOS,/kaggle/input/datasets/mariaherrerot/aptos2019/test_images/test_images/e7291472109b.png,No DR,4
T1_APTOS,/kaggle/input/datasets/mariaherrerot/aptos2019/test_images/test_images/fd87b6b2e664.png,No DR,T1_APTOS,/kaggle/input/datasets/mariaherrerot/aptos2019/test_images/test_images/f252046c0fe6.png,No DR,4
T1_APTOS,/kaggle/input/datasets/mariaherrerot/aptos2019/test_images/test_images/fed5bb685832.png,No DR,T1_APTOS,/kaggle/input/datasets/mariaherrerot/aptos2019/test_images/test_images/f00ce9b9d6f4.png,No DR,4
T1_APTOS,/kaggle/input/datasets/mariaherrerot/aptos2019/test_images/test_images/ff1e940105f9.png,No DR,T1_APTOS,/kaggle/input/datasets/mariaherrerot/aptos2019/test_images/test_images/f366fb1cc475.png,No DR,4
T1_APTOS,/kaggle/input/datasets/mariaherrerot/aptos2019/test_images/test_images/ff344e5c9341.png,Moderate DR,T1_APTOS,/kaggle/input/datasets/mariaherrerot/aptos2019/test_images/test_images/f9ecf1795804.png,Moderate DR,2
T1_APTOS,/kaggle/input/datasets/mariaherrerot/aptos2019/test_images/test_images/ff52392372d3.png,Moderate DR,T1_APTOS,/kaggle/input/datasets/mariaherrerot/aptos2019/test_images/test_images/f1a761c68559.png,Moderate DR,0
T1_APTOS,/kaggle/input/datasets/mariaherrerot/aptos2019/test_images/test_images/ff631653374e.png,No DR,T1_APTOS,/kaggle/input/datasets/mariaherrerot/aptos2019/test_images/test_images/ec6f1797a25a.png,No DR,4
T1_APTOS,/kaggle/input/datasets/mariaherrerot/aptos2019/test_images/test_images/ffd97f8cd5aa.png,No DR,T1_APTOS,/kaggle/input/datasets/mariaherrerot/aptos2019/test_images/test_images/ebf4b22240f4.png,No DR,2
T1_APTOS,/kaggle/input/datasets/mariaherrerot/aptos2019/train_images/train_images/1b398c0494d1.png,No DR,T1_APTOS,/kaggle/input/datasets/mariaherrerot/aptos2019/test_images/test_images/e6552b7432b3.png,No DR,4
T1_APTOS,/kaggle/input/datasets/mariaherrerot/aptos2019/train_images/train_images/1c0e5dd1b14c.png,Moderate DR,T1_APTOS,/kaggle/input/datasets/mariaherrerot/aptos2019/test_images/test_images/f2094a20b275.png,Moderate DR,4
T1_APTOS,/kaggle/input/datasets/mariaherrerot/aptos2019/train_images/train_images/1c5e6cdc7ee1.png,Moderate DR,T1_APTOS,/kaggle/input/datasets/mariaherrerot/aptos2019/train_images/train_images/1ae8c165fd53.png,Moderate DR,4
T1_APTOS,/kaggle/input/datasets/mariaherrerot/aptos2019/train_images/train_images/1c9c583c10bf.png,No DR,T1_APTOS,/kaggle/input/datasets/mariaherrerot/aptos2019/test_images/test_images/ea15a290eb96.png,Mild DR,0
T1_APTOS,/kaggle/input/datasets/mariaherrerot/aptos2019/train_images/train_images/1ca91751be4d.png,No DR,T1_APTOS,/kaggle/input/datasets/mariaherrerot/aptos2019/test_images/test_images/ea9c41e1ced0.png,No DR,4
T1_APTOS,/kaggle/input/datasets/mariaherrerot/aptos2019/train_images/train_images/1d37f1c8b6d8.png,No DR,T1_APTOS,/kaggle/input/datasets/mariaherrerot/aptos2019/test_images/test_images/fca1a8738b8a.png,No DR,4
T1_APTOS,/kaggle/input/datasets/mariaherrerot/aptos2019/train_images/train_images/1d3e9b939732.png,No DR,T1_APTOS,/kaggle/input/datasets/mariaherrerot/aptos2019/train_images/train_images/1c7a013eeba7.png,No DR,4
T1_APTOS,/kaggle/input/datasets/mariaherrerot/aptos2019/train_images/train_images/1e9224ccca95.png,Proliferative DR,T1_APTOS,/kaggle/input/datasets/mariaherrerot/aptos2019/test_images/test_images/f6f3ea0d2693.png,Proliferative DR,0
T1_APTOS,/kaggle/input/datasets/mariaherrerot/aptos2019/train_images/train_images/1f5496352859.png,No DR,T1_APTOS,/kaggle/input/datasets/mariaherrerot/aptos2019/test_images/test_images/f431f2e119d7.png,No DR,4
T1_APTOS,/kaggle/input/datasets/mariaherrerot/aptos2019/train_images/train_images/22d843b2bbd1.png,No DR,T1_APTOS,/kaggle/input/datasets/mariaherrerot/aptos2019/train_images/train_images/1b3647865779.png,No DR,4
T1_APTOS,/kaggle/input/datasets/mariaherrerot/aptos2019/train_images/train_images/2399d68d407f.png,No DR,T1_APTOS,/kaggle/input/datasets/mariaherrerot/aptos2019/test_images/test_images/f952ad2e4356.png,No DR,4
T1_APTOS,/kaggle/input/datasets/mariaherrerot/aptos2019/train_images/train_images/23d7ca170bdb.png,Moderate DR,T1_APTOS,/kaggle/input/datasets/mariaherrerot/aptos2019/test_images/test_images/ea9e0fb6fb0b.png,Moderate DR,0
T1_APTOS,/kaggle/input/datasets/mariaherrerot/aptos2019/train_images/train_images/2628305cbb29.png,Proliferative DR,T1_APTOS,/kaggle/input/datasets/mariaherrerot/aptos2019/test_images/test_images/f8cf7ed8ef00.png,Proliferative DR,4
T1_APTOS,/kaggle/input/datasets/mariaherrerot/aptos2019/train_images/train_images/266fbefa58fb.png,No DR,T1_APTOS,/kaggle/input/datasets/mariaherrerot/aptos2019/test_images/test_images/e6552b7432b3.png,No DR,4
T1_APTOS,/kaggle/input/datasets/mariaherrerot/aptos2019/train_images/train_images/26cd40b57ad1.png,No DR,T1_APTOS,/kaggle/input/datasets/mariaherrerot/aptos2019/test_images/test_images/f4df3d86688d.png,No DR,4
T1_APTOS,/kaggle/input/datasets/mariaherrerot/aptos2019/train_images/train_images/26fc2358a38d.png,No DR,T1_APTOS,/kaggle/input/datasets/mariaherrerot/aptos2019/test_images/test_images/f4ea2a2cfbb9.png,No DR,4
T1_APTOS,/kaggle/input/datasets/mariaherrerot/aptos2019/train_images/train_images/278aa860dffd.png,Mild DR,T1_APTOS,/kaggle/input/datasets/mariaherrerot/aptos2019/test_images/test_images/f066db7a2efe.png,No DR,0
T1_APTOS,/kaggle/input/datasets/mariaherrerot/aptos2019/train_images/train_images/27933cdbe0cc.png,No DR,T1_APTOS,/kaggle/input/datasets/mariaherrerot/aptos2019/test_images/test_images/f90f8931a9bc.png,No DR,4
T1_APTOS,/kaggle/input/datasets/mariaherrerot/aptos2019/train_images/train_images/28dc010a0780.png,No DR,T1_APTOS,/kaggle/input/datasets/mariaherrerot/aptos2019/train_images/train_images/207dd0487264.png,No DR,4
T1_APTOS,/kaggle/input/datasets/mariaherrerot/aptos2019/train_images/train_images/29192375ab1b.png,No DR,T1_APTOS,/kaggle/input/datasets/mariaherrerot/aptos2019/test_images/test_images/eabf421f94d0.png,No DR,4
T1_APTOS,/kaggle/input/datasets/mariaherrerot/aptos2019/train_images/train_images/29f44aea93a4.png,Moderate DR,T1_APTOS,/kaggle/input/datasets/mariaherrerot/aptos2019/train_images/train_images/1d14dd912671.png,Moderate DR,4
T1_APTOS,/kaggle/input/datasets/mariaherrerot/aptos2019/train_images/train_images/2a4520f1f9a3.png,No DR,T1_APTOS,/kaggle/input/datasets/mariaherrerot/aptos2019/test_images/test_images/eabf421f94d0.png,No DR,4
T1_APTOS,/kaggle/input/datasets/mariaherrerot/aptos2019/train_images/train_images/2b21d293fdf2.png,Moderate DR,T1_APTOS,/kaggle/input/datasets/mariaherrerot/aptos2019/train_images/train_images/2a3a1ed1c285.png,Moderate DR,0
T1_APTOS,/kaggle/input/datasets/mariaherrerot/aptos2019/train_images/train_images/2b88cb6e31cd.png,Moderate DR,T1_APTOS,/kaggle/input/datasets/mariaherrerot/aptos2019/train_images/train_images/1ae8c165fd53.png,Moderate DR,4
T1_APTOS,/kaggle/input/datasets/mariaherrerot/aptos2019/train_images/train_images/2d3f4094c08a.png,No DR,T1_APTOS,/kaggle/input/datasets/mariaherrerot/aptos2019/train_images/train_images/1cb6961d141c.png,No DR,4
T1_APTOS,/kaggle/input/datasets/mariaherrerot/aptos2019/train_images/train_images/2eba4279e503.png,No DR,T1_APTOS,/kaggle/input/datasets/mariaherrerot/aptos2019/train_images/train_images/2b4c7b5f1f1e.png,No DR,4
T1_APTOS,/kaggle/input/datasets/mariaherrerot/aptos2019/train_images/train_images/3218a6d8eb2c.png,Severe DR,T1_APTOS,/kaggle/input/datasets/mariaherrerot/aptos2019/train_images/train_images/1f0e223b8055.png,Moderate DR,4
T1_APTOS,/kaggle/input/datasets/mariaherrerot/aptos2019/train_images/train_images/3254e48c8aa0.png,No DR,T1_APTOS,/kaggle/input/datasets/mariaherrerot/aptos2019/train_images/train_images/1c7a013eeba7.png,No DR,4
T1_APTOS,/kaggle/input/datasets/mariaherrerot/aptos2019/train_images/train_images/32a3eb37ff40.png,Moderate DR,T1_APTOS,/kaggle/input/datasets/mariaherrerot/aptos2019/test_images/test_images/fca931da5c5e.png,Mild DR,4
T1_APTOS,/kaggle/input/datasets/mariaherrerot/aptos2019/train_images/train_images/32ed318235b8.png,No DR,T1_APTOS,/kaggle/input/datasets/mariaherrerot/aptos2019/test_images/test_images/ebf4b22240f4.png,No DR,4
T1_APTOS,/kaggle/input/datasets/mariaherrerot/aptos2019/train_images/train_images/331121c65e88.png,No DR,T1_APTOS,/kaggle/input/datasets/mariaherrerot/aptos2019/test_images/test_images/f952ad2e4356.png,No DR,4
T1_APTOS,/kaggle/input/datasets/mariaherrerot/aptos2019/train_images/train_images/33b978734eab.png,No DR,T1_APTOS,/kaggle/input/datasets/mariaherrerot/aptos2019/test_images/test_images/ee77763a6afb.png,No DR,4
T1_APTOS,/kaggle/input/datasets/mariaherrerot/aptos2019/train_images/train_images/3435fd8675a2.png,Severe DR,T1_APTOS,/kaggle/input/datasets/mariaherrerot/aptos2019/test_images/test_images/e9ab8413e771.png,Proliferative DR,4
T1_APTOS,/kaggle/input/datasets/mariaherrerot/aptos2019/train_images/train_images/359bab5d784b.png,No DR,T1_APTOS,/kaggle/input/datasets/mariaherrerot/aptos2019/test_images/test_images/eabf421f94d0.png,No DR,2
T1_APTOS,/kaggle/input/datasets/mariaherrerot/aptos2019/train_images/train_images/35aa7f5c2ec0.png,Mild DR,T1_APTOS,/kaggle/input/datasets/mariaherrerot/aptos2019/train_images/train_images/1c4d87baaffc.png,Moderate DR,0
T1_APTOS,/kaggle/input/datasets/mariaherrerot/aptos2019/train_images/train_images/36ec36c301c1.png,Moderate DR,T1_APTOS,/kaggle/input/datasets/mariaherrerot/aptos2019/train_images/train_images/26e231747848.png,Moderate DR,0
T1_APTOS,/kaggle/input/datasets/mariaherrerot/aptos2019/train_images/train_images/370f575adb23.png,No DR,T1_APTOS,/kaggle/input/datasets/mariaherrerot/aptos2019/test_images/test_images/e60e4edb3ca9.png,No DR,4
T1_APTOS,/kaggle/input/datasets/mariaherrerot/aptos2019/train_images/train_images/3710ff45299c.png,No DR,T1_APTOS,/kaggle/input/datasets/mariaherrerot/aptos2019/test_images/test_images/f4df3d86688d.png,No DR,4
T1_APTOS,/kaggle/input/datasets/mariaherrerot/aptos2019/train_images/train_images/384db24ebbd7.png,No DR,T1_APTOS,/kaggle/input/datasets/mariaherrerot/aptos2019/test_images/test_images/ef4121e9bb67.png,No DR,4
T1_APTOS,/kaggle/input/datasets/mariaherrerot/aptos2019/train_images/train_images/38b9bb961847.png,Mild DR,T1_APTOS,/kaggle/input/datasets/mariaherrerot/aptos2019/train_images/train_images/1df1530b9b8d.png,No DR,4
T1_APTOS,/kaggle/input/datasets/mariaherrerot/aptos2019/train_images/train_images/38c7153457e2.png,No DR,T1_APTOS,/kaggle/input/datasets/mariaherrerot/aptos2019/test_images/test_images/e7291472109b.png,No DR,4
T1_APTOS,/kaggle/input/datasets/mariaherrerot/aptos2019/train_images/train_images/38f1901f214a.png,No DR,T1_APTOS,/kaggle/input/datasets/mariaherrerot/aptos2019/train_images/train_images/218c822a3dd9.png,No DR,4
T1_APTOS,/kaggle/input/datasets/mariaherrerot/aptos2019/train_images/train_images/38fe9f854046.png,Moderate DR,T1_APTOS,/kaggle/input/datasets/mariaherrerot/aptos2019/train_images/train_images/1dfbede13143.png,Moderate DR,0
T1_APTOS,/kaggle/input/datasets/mariaherrerot/aptos2019/train_images/train_images/3908b3cfd620.png,No DR,T1_APTOS,/kaggle/input/datasets/mariaherrerot/aptos2019/test_images/test_images/ef4121e9bb67.png,No DR,4
T1_APTOS,/kaggle/input/datasets/mariaherrerot/aptos2019/train_images/train_images/3a1ecf5e2839.png,Proliferative DR,T1_APTOS,/kaggle/input/datasets/mariaherrerot/aptos2019/train_images/train_images/2b48daf24be0.png,Severe DR,4
T1_APTOS,/kaggle/input/datasets/mariaherrerot/aptos2019/train_images/train_images/3af9aaa880e9.png,No DR,T1_APTOS,/kaggle/input/datasets/mariaherrerot/aptos2019/test_images/test_images/fdc685055659.png,No DR,4
T1_APTOS,/kaggle/input/datasets/mariaherrerot/aptos2019/train_images/train_images/3b0190bbe615.png,No DR,T1_APTOS,/kaggle/input/datasets/mariaherrerot/aptos2019/test_images/test_images/e59c5f345bb0.png,No DR,4
T1_APTOS,/kaggle/input/datasets/mariaherrerot/aptos2019/train_images/train_images/3b9817a39adf.png,No DR,T1_APTOS,/kaggle/input/datasets/mariaherrerot/aptos2019/test_images/test_images/e6552b7432b3.png,No DR,4
T1_APTOS,/kaggle/input/datasets/mariaherrerot/aptos2019/train_images/train_images/3c311c9109b0.png,Moderate DR,T1_APTOS,/kaggle/input/datasets/mariaherrerot/aptos2019/train_images/train_images/2b48daf24be0.png,Severe DR,4
T1_APTOS,/kaggle/input/datasets/mariaherrerot/aptos2019/train_images/train_images/3c53198519f7.png,Moderate DR,T1_APTOS,/kaggle/input/datasets/mariaherrerot/aptos2019/train_images/train_images/1ae8c165fd53.png,Moderate DR,4
T1_APTOS,/kaggle/input/datasets/mariaherrerot/aptos2019/train_images/train_images/3c72f580d4ba.png,Mild DR,T1_APTOS,/kaggle/input/datasets/mariaherrerot/aptos2019/test_images/test_images/f00ce9b9d6f4.png,No DR,2
T1_APTOS,/kaggle/input/datasets/mariaherrerot/aptos2019/train_images/train_images/3ca637fddd56.png,Proliferative DR,T1_APTOS,/kaggle/input/datasets/mariaherrerot/aptos2019/train_images/train_images/3b4a5fcbe5e0.png,Proliferative DR,0
T1_APTOS,/kaggle/input/datasets/mariaherrerot/aptos2019/train_images/train_images/3cab32dd6ef9.png,No DR,T1_APTOS,/kaggle/input/datasets/mariaherrerot/aptos2019/train_images/train_images/369229040a34.png,No DR,4
T1_APTOS,/kaggle/input/datasets/mariaherrerot/aptos2019/train_images/train_images/3ccf96c1dd6d.png,Proliferative DR,T1_APTOS,/kaggle/input/datasets/mariaherrerot/aptos2019/train_images/train_images/1ae8c165fd53.png,Moderate DR,4
T1_APTOS,/kaggle/input/datasets/mariaherrerot/aptos2019/train_images/train_images/3ce2f8a77a32.png,No DR,T1_APTOS,/kaggle/input/datasets/mariaherrerot/aptos2019/train_images/train_images/342edf9b889d.png,No DR,4
T1_APTOS,/kaggle/input/datasets/mariaherrerot/aptos2019/train_images/train_images/3ddb86eb530e.png,Moderate DR,T1_APTOS,/kaggle/input/datasets/mariaherrerot/aptos2019/train_images/train_images/3b018e8b7303.png,Severe DR,0
T1_APTOS,/kaggle/input/datasets/mariaherrerot/aptos2019/train_images/train_images/3f44d749cd0b.png,No DR,T1_APTOS,/kaggle/input/datasets/mariaherrerot/aptos2019/test_images/test_images/f9e1c439d4c8.png,No DR,0
T1_APTOS,/kaggle/input/datasets/mariaherrerot/aptos2019/train_images/train_images/3f6c627e2ff2.png,No DR,T1_APTOS,/kaggle/input/datasets/mariaherrerot/aptos2019/test_images/test_images/ea5c42a78979.png,No DR,4
T1_APTOS,/kaggle/input/datasets/mariaherrerot/aptos2019/train_images/train_images/3ffa14d60b24.png,Moderate DR,T1_APTOS,/kaggle/input/datasets/mariaherrerot/aptos2019/test_images/test_images/eba3acc42197.png,Mild DR,4
T1_APTOS,/kaggle/input/datasets/mariaherrerot/aptos2019/train_images/train_images/41345cec5957.png,No DR,T1_APTOS,/kaggle/input/datasets/mariaherrerot/aptos2019/test_images/test_images/eeaea2c5ff34.png,No DR,4
T1_APTOS,/kaggle/input/datasets/mariaherrerot/aptos2019/train_images/train_images/4145dcb25053.png,No DR,T1_APTOS,/kaggle/input/datasets/mariaherrerot/aptos2019/train_images/train_images/1eee55494271.png,No DR,4
T1_APTOS,/kaggle/input/datasets/mariaherrerot/aptos2019/train_images/train_images/415f2d2bd2a1.png,No DR,T1_APTOS,/kaggle/input/datasets/mariaherrerot/aptos2019/train_images/train_images/1c7a013eeba7.png,No DR,4
T1_APTOS,/kaggle/input/datasets/mariaherrerot/aptos2019/train_images/train_images/41960d5f58c2.png,No DR,T1_APTOS,/kaggle/input/datasets/mariaherrerot/aptos2019/train_images/train_images/1db18bdd43aa.png,Moderate DR,4
T1_APTOS,/kaggle/input/datasets/mariaherrerot/aptos2019/train_images/train_images/42b93b574f23.png,Moderate DR,T1_APTOS,/kaggle/input/datasets/mariaherrerot/aptos2019/train_images/train_images/4205e9deb058.png,No DR,4
T1_APTOS,/kaggle/input/datasets/mariaherrerot/aptos2019/train_images/train_images/4350a1b2f3cb.png,No DR,T1_APTOS,/kaggle/input/datasets/mariaherrerot/aptos2019/train_images/train_images/3f98be586fe3.png,No DR,4
T1_APTOS,/kaggle/input/datasets/mariaherrerot/aptos2019/train_images/train_images/435414ccccf7.png,No DR,T1_APTOS,/kaggle/input/datasets/mariaherrerot/aptos2019/test_images/test_images/ef247f28004f.png,No DR,2
T1_APTOS,/kaggle/input/datasets/mariaherrerot/aptos2019/train_images/train_images/4384fa687afa.png,Moderate DR,T1_APTOS,/kaggle/input/datasets/mariaherrerot/aptos2019/train_images/train_images/232549883508.png,Moderate DR,4
T1_APTOS,/kaggle/input/datasets/mariaherrerot/aptos2019/train_images/train_images/43fb6eda9b97.png,Moderate DR,T1_APTOS,/kaggle/input/datasets/mariaherrerot/aptos2019/test_images/test_images/e4e343eaae2a.png,Moderate DR,0
T1_APTOS,/kaggle/input/datasets/mariaherrerot/aptos2019/train_images/train_images/4409965eb2a4.png,No DR,T1_APTOS,/kaggle/input/datasets/mariaherrerot/aptos2019/test_images/test_images/f4d3169b468a.png,No DR,4
T1_APTOS,/kaggle/input/datasets/mariaherrerot/aptos2019/train_images/train_images/441117562359.png,Moderate DR,T1_APTOS,/kaggle/input/datasets/mariaherrerot/aptos2019/test_images/test_images/f2094a20b275.png,Moderate DR,4
T1_APTOS,/kaggle/input/datasets/mariaherrerot/aptos2019/train_images/train_images/4462fba1d2a1.png,Proliferative DR,T1_APTOS,/kaggle/input/datasets/mariaherrerot/aptos2019/test_images/test_images/f2094a20b275.png,Moderate DR,4
T1_APTOS,/kaggle/input/datasets/mariaherrerot/aptos2019/train_images/train_images/44a4d04162cc.png,No DR,T1_APTOS,/kaggle/input/datasets/mariaherrerot/aptos2019/train_images/train_images/1f4fb37e0854.png,No DR,4
T1_APTOS,/kaggle/input/datasets/mariaherrerot/aptos2019/train_images/train_images/45693d027798.png,No DR,T1_APTOS,/kaggle/input/datasets/mariaherrerot/aptos2019/test_images/test_images/eda1d75cbcf0.png,No DR,4
T1_APTOS,/kaggle/input/datasets/mariaherrerot/aptos2019/train_images/train_images/461fa5292fda.png,No DR,T1_APTOS,/kaggle/input/datasets/mariaherrerot/aptos2019/train_images/train_images/348598d01e18.png,No DR,4
T1_APTOS,/kaggle/input/datasets/mariaherrerot/aptos2019/train_images/train_images/46acc506fa61.png,No DR,T1_APTOS,/kaggle/input/datasets/mariaherrerot/aptos2019/test_images/test_images/e6552b7432b3.png,No DR,2
T1_APTOS,/kaggle/input/datasets/mariaherrerot/aptos2019/train_images/train_images/4704dbb59536.png,No DR,T1_APTOS,/kaggle/input/datasets/mariaherrerot/aptos2019/test_images/test_images/fc898dfeb24f.png,No DR,4
T1_APTOS,/kaggle/input/datasets/mariaherrerot/aptos2019/train_images/train_images/475300735b7f.png,No DR,T1_APTOS,/kaggle/input/datasets/mariaherrerot/aptos2019/train_images/train_images/1f4fb37e0854.png,No DR,4
T1_APTOS,/kaggle/input/datasets/mariaherrerot/aptos2019/train_images/train_images/47536db39f00.png,No DR,T1_APTOS,/kaggle/input/datasets/mariaherrerot/aptos2019/test_images/test_images/eedae6b28f96.png,No DR,4
T1_APTOS,/kaggle/input/datasets/mariaherrerot/aptos2019/train_images/train_images/47e51065b819.png,Moderate DR,T1_APTOS,/kaggle/input/datasets/mariaherrerot/aptos2019/test_images/test_images/f920ccd926db.png,Moderate DR,4
T1_APTOS,/kaggle/input/datasets/mariaherrerot/aptos2019/train_images/train_images/486e852a3b4d.png,No DR,T1_APTOS,/kaggle/input/datasets/mariaherrerot/aptos2019/test_images/test_images/eb175669d789.png,No DR,2
T1_APTOS,/kaggle/input/datasets/mariaherrerot/aptos2019/train_images/train_images/4926dea289f8.png,No DR,T1_APTOS,/kaggle/input/datasets/mariaherrerot/aptos2019/train_images/train_images/1f4fb37e0854.png,No DR,4
T1_APTOS,/kaggle/input/datasets/mariaherrerot/aptos2019/train_images/train_images/4927945ecfed.png,No DR,T1_APTOS,/kaggle/input/datasets/mariaherrerot/aptos2019/test_images/test_images/e60e4edb3ca9.png,No DR,4
T1_APTOS,/kaggle/input/datasets/mariaherrerot/aptos2019/train_images/train_images/49419f8d5cb4.png,Moderate DR,T1_APTOS,/kaggle/input/datasets/mariaherrerot/aptos2019/test_images/test_images/f2ee81781411.png,Moderate DR,4
T1_APTOS,/kaggle/input/datasets/mariaherrerot/aptos2019/train_images/train_images/4982378d72f9.png,No DR,T1_APTOS,/kaggle/input/datasets/mariaherrerot/aptos2019/test_images/test_images/f431f2e119d7.png,No DR,4
T1_APTOS,/kaggle/input/datasets/mariaherrerot/aptos2019/train_images/train_images/499c8df39222.png,Proliferative DR,T1_APTOS,/kaggle/input/datasets/mariaherrerot/aptos2019/train_images/train_images/23148a40ecb0.png,Moderate DR,4
T1_APTOS,/kaggle/input/datasets/mariaherrerot/aptos2019/train_images/train_images/49d69c4c6290.png,Moderate DR,T1_APTOS,/kaggle/input/datasets/mariaherrerot/aptos2019/train_images/train_images/232549883508.png,Moderate DR,4
T1_APTOS,/kaggle/input/datasets/mariaherrerot/aptos2019/train_images/train_images/4a05f81b3aba.png,No DR,T1_APTOS,/kaggle/input/datasets/mariaherrerot/aptos2019/test_images/test_images/ebf4b22240f4.png,No DR,4
T1_APTOS,/kaggle/input/datasets/mariaherrerot/aptos2019/train_images/train_images/4a1afe4044f4.png,No DR,T1_APTOS,/kaggle/input/datasets/mariaherrerot/aptos2019/test_images/test_images/f2c0b41acd05.png,No DR,4
T1_APTOS,/kaggle/input/datasets/mariaherrerot/aptos2019/train_images/train_images/4a5a6efc0bef.png,No DR,T1_APTOS,/kaggle/input/datasets/mariaherrerot/aptos2019/train_images/train_images/365f8c01d994.png,Mild DR,4
T1_APTOS,/kaggle/input/datasets/mariaherrerot/aptos2019/train_images/train_images/4aa3d771c5e4.png,No DR,T1_APTOS,/kaggle/input/datasets/mariaherrerot/aptos2019/train_images/train_images/496155f71d0a.png,No DR,4
T1_APTOS,/kaggle/input/datasets/mariaherrerot/aptos2019/train_images/train_images/4ab8c0cece7f.png,No DR,T1_APTOS,/kaggle/input/datasets/mariaherrerot/aptos2019/train_images/train_images/1b862fb6f65d.png,No DR,4
T1_APTOS,/kaggle/input/datasets/mariaherrerot/aptos2019/train_images/train_images/4c53cc97ea13.png,No DR,T1_APTOS,/kaggle/input/datasets/mariaherrerot/aptos2019/train_images/train_images/436fa3fd145a.png,No DR,4
T1_APTOS,/kaggle/input/datasets/mariaherrerot/aptos2019/train_images/train_images/4cae247d9909.png,Mild DR,T1_APTOS,/kaggle/input/datasets/mariaherrerot/aptos2019/train_images/train_images/1f3f32efaf20.png,No DR,4
T1_APTOS,/kaggle/input/datasets/mariaherrerot/aptos2019/train_images/train_images/4ccee4db09b6.png,No DR,T1_APTOS,/kaggle/input/datasets/mariaherrerot/aptos2019/train_images/train_images/360832d84ce0.png,No DR,4
T1_APTOS,/kaggle/input/datasets/mariaherrerot/aptos2019/train_images/train_images/4ccfa0b4e96c.png,Proliferative DR,T1_APTOS,/kaggle/input/datasets/mariaherrerot/aptos2019/train_images/train_images/33778d136069.png,Severe DR,0
T1_APTOS,/kaggle/input/datasets/mariaherrerot/aptos2019/train_images/train_images/4ce74e5eb51d.png,Moderate DR,T1_APTOS,/kaggle/input/datasets/mariaherrerot/aptos2019/test_images/test_images/f5e9a307288c.png,Moderate DR,4
T1_APTOS,/kaggle/input/datasets/mariaherrerot/aptos2019/train_images/train_images/4cfd22ae43d4.png,No DR,T1_APTOS,/kaggle/input/datasets/mariaherrerot/aptos2019/test_images/test_images/f35d80bb1a22.png,No DR,4
T1_APTOS,/kaggle/input/datasets/mariaherrerot/aptos2019/train_images/train_images/4d167ca69ea8.png,No DR,T1_APTOS,/kaggle/input/datasets/mariaherrerot/aptos2019/train_images/train_images/496155f71d0a.png,No DR,4
T1_APTOS,/kaggle/input/datasets/mariaherrerot/aptos2019/train_images/train_images/4e1e252317b5.png,No DR,T1_APTOS,/kaggle/input/datasets/mariaherrerot/aptos2019/train_images/train_images/365f8c01d994.png,Mild DR,4
T1_APTOS,/kaggle/input/datasets/mariaherrerot/aptos2019/train_images/train_images/4e231670b48c.png,No DR,T1_APTOS,/kaggle/input/datasets/mariaherrerot/aptos2019/test_images/test_images/fc782722a50c.png,No DR,4
T1_APTOS,/kaggle/input/datasets/mariaherrerot/aptos2019/train_images/train_images/4e54ccfd49b2.png,No DR,T1_APTOS,/kaggle/input/datasets/mariaherrerot/aptos2019/train_images/train_images/496155f71d0a.png,No DR,2
T1_APTOS,/kaggle/input/datasets/mariaherrerot/aptos2019/train_images/train_images/4ecd1fdd1435.png,Mild DR,T1_APTOS,/kaggle/input/datasets/mariaherrerot/aptos2019/train_images/train_images/2b48daf24be0.png,Severe DR,4
T1_APTOS,/kaggle/input/datasets/mariaherrerot/aptos2019/train_images/train_images/4ef16a53d899.png,No DR,T1_APTOS,/kaggle/input/datasets/mariaherrerot/aptos2019/train_images/train_images/436fa3fd145a.png,No DR,2
T1_APTOS,/kaggle/input/datasets/mariaherrerot/aptos2019/train_images/train_images/4f5dd7660b17.png,No DR,T1_APTOS,/kaggle/input/datasets/mariaherrerot/aptos2019/train_images/train_images/2f284b6a1940.png,Proliferative DR,4
T1_APTOS,/kaggle/input/datasets/mariaherrerot/aptos2019/train_images/train_images/4fecf87184e6.png,Severe DR,T1_APTOS,/kaggle/input/datasets/mariaherrerot/aptos2019/test_images/test_images/f7edc074f06b.png,Moderate DR,0
T1_APTOS,/kaggle/input/datasets/mariaherrerot/aptos2019/train_images/train_images/4fef9ed8a4c5.png,Severe DR,T1_APTOS,/kaggle/input/datasets/mariaherrerot/aptos2019/test_images/test_images/f9ecf1795804.png,Moderate DR,4
T1_APTOS,/kaggle/input/datasets/mariaherrerot/aptos2019/train_images/train_images/500aad15b7c8.png,No DR,T1_APTOS,/kaggle/input/datasets/mariaherrerot/aptos2019/test_images/test_images/f02956bd7c50.png,No DR,4
T1_APTOS,/kaggle/input/datasets/mariaherrerot/aptos2019/train_images/train_images/50840c36f0b4.png,Mild DR,T1_APTOS,/kaggle/input/datasets/mariaherrerot/aptos2019/test_images/test_images/e9ab8413e771.png,Proliferative DR,4
T1_APTOS,/kaggle/input/datasets/mariaherrerot/aptos2019/train_images/train_images/50a2aef380c8.png,Severe DR,T1_APTOS,/kaggle/input/datasets/mariaherrerot/aptos2019/test_images/test_images/f025f33b2c9b.png,Proliferative DR,4
T1_APTOS,/kaggle/input/datasets/mariaherrerot/aptos2019/train_images/train_images/50d8249f7bc9.png,No DR,T1_APTOS,/kaggle/input/datasets/mariaherrerot/aptos2019/test_images/test_images/f71aca5a7dc3.png,No DR,2
T1_APTOS,/kaggle/input/datasets/mariaherrerot/aptos2019/train_images/train_images/51030843fde2.png,Moderate DR,T1_APTOS,/kaggle/input/datasets/mariaherrerot/aptos2019/train_images/train_images/44c869174e3a.png,Moderate DR,4
T1_APTOS,/kaggle/input/datasets/mariaherrerot/aptos2019/train_images/train_images/51131b48f9d4.png,Mild DR,T1_APTOS,/kaggle/input/datasets/mariaherrerot/aptos2019/train_images/train_images/42a850acd2ac.png,Moderate DR,0
T1_APTOS,/kaggle/input/datasets/mariaherrerot/aptos2019/train_images/train_images/51269b77d312.png,Severe DR,T1_APTOS,/kaggle/input/datasets/mariaherrerot/aptos2019/test_images/test_images/ed6704e3b72e.png,Severe DR,4
T1_APTOS,/kaggle/input/datasets/mariaherrerot/aptos2019/train_images/train_images/51a078d6d43a.png,No DR,T1_APTOS,/kaggle/input/datasets/mariaherrerot/aptos2019/train_images/train_images/3325b1fe55d2.png,No DR,4
T1_APTOS,/kaggle/input/datasets/mariaherrerot/aptos2019/train_images/train_images/51d0034d177d.png,Moderate DR,T1_APTOS,/kaggle/input/datasets/mariaherrerot/aptos2019/train_images/train_images/345b1f0abbba.png,No DR,4
T1_APTOS,/kaggle/input/datasets/mariaherrerot/aptos2019/train_images/train_images/521d3e264d71.png,Moderate DR,T1_APTOS,/kaggle/input/datasets/mariaherrerot/aptos2019/test_images/test_images/fe0fc67c7980.png,Severe DR,0
T1_APTOS,/kaggle/input/datasets/mariaherrerot/aptos2019/train_images/train_images/523b3f0fc646.png,Mild DR,T1_APTOS,/kaggle/input/datasets/mariaherrerot/aptos2019/train_images/train_images/4d17559ac1e2.png,No DR,4
T1_APTOS,/kaggle/input/datasets/mariaherrerot/aptos2019/train_images/train_images/5265dc9acdf8.png,Moderate DR,T1_APTOS,/kaggle/input/datasets/mariaherrerot/aptos2019/train_images/train_images/3ac3fbfca7d4.png,Proliferative DR,4
T1_APTOS,/kaggle/input/datasets/mariaherrerot/aptos2019/train_images/train_images/529906ff9dfa.png,No DR,T1_APTOS,/kaggle/input/datasets/mariaherrerot/aptos2019/train_images/train_images/1b862fb6f65d.png,No DR,2
T1_APTOS,/kaggle/input/datasets/mariaherrerot/aptos2019/train_images/train_images/5299a532f0e0.png,No DR,T1_APTOS,/kaggle/input/datasets/mariaherrerot/aptos2019/train_images/train_images/496155f71d0a.png,No DR,2
T1_APTOS,/kaggle/input/datasets/mariaherrerot/aptos2019/train_images/train_images/52dbec057cc8.png,Moderate DR,T1_APTOS,/kaggle/input/datasets/mariaherrerot/aptos2019/train_images/train_images/2f9b66784109.png,Moderate DR,4
T1_APTOS,/kaggle/input/datasets/mariaherrerot/aptos2019/train_images/train_images/52edbe29d655.png,No DR,T1_APTOS,/kaggle/input/datasets/mariaherrerot/aptos2019/train_images/train_images/3325b1fe55d2.png,No DR,2
T1_APTOS,/kaggle/input/datasets/mariaherrerot/aptos2019/train_images/train_images/53273d664cd8.png,No DR,T1_APTOS,/kaggle/input/datasets/mariaherrerot/aptos2019/test_images/test_images/f6d760566a51.png,No DR,4
T1_APTOS,/kaggle/input/datasets/mariaherrerot/aptos2019/train_images/train_images/53ddae6a619e.png,No DR,T1_APTOS,/kaggle/input/datasets/mariaherrerot/aptos2019/test_images/test_images/f58cdfa968be.png,No DR,4
T1_APTOS,/kaggle/input/datasets/mariaherrerot/aptos2019/train_images/train_images/54f57cf26126.png,No DR,T1_APTOS,/kaggle/input/datasets/mariaherrerot/aptos2019/train_images/train_images/54334705a34d.png,No DR,4
T1_APTOS,/kaggle/input/datasets/mariaherrerot/aptos2019/train_images/train_images/5548a7961a3e.png,Mild DR,T1_APTOS,/kaggle/input/datasets/mariaherrerot/aptos2019/train_images/train_images/3f49f8d100e9.png,Severe DR,4
T1_APTOS,/kaggle/input/datasets/mariaherrerot/aptos2019/train_images/train_images/55f7f018c61c.png,No DR,T1_APTOS,/kaggle/input/datasets/mariaherrerot/aptos2019/train_images/train_images/4d17559ac1e2.png,No DR,4
T1_APTOS,/kaggle/input/datasets/mariaherrerot/aptos2019/train_images/train_images/565f3404f9b2.png,No DR,T1_APTOS,/kaggle/input/datasets/mariaherrerot/aptos2019/test_images/test_images/e82232a3c28b.png,No DR,4
T1_APTOS,/kaggle/input/datasets/mariaherrerot/aptos2019/train_images/train_images/56e56aa08362.png,Moderate DR,T1_APTOS,/kaggle/input/datasets/mariaherrerot/aptos2019/test_images/test_images/ea588d1e5d96.png,Moderate DR,4
T1_APTOS,/kaggle/input/datasets/mariaherrerot/aptos2019/train_images/train_images/571bbdbf585e.png,No DR,T1_APTOS,/kaggle/input/datasets/mariaherrerot/aptos2019/train_images/train_images/1c7a013eeba7.png,No DR,2
T1_APTOS,/kaggle/input/datasets/mariaherrerot/aptos2019/train_images/train_images/5889a0c75cac.png,No DR,T1_APTOS,/kaggle/input/datasets/mariaherrerot/aptos2019/test_images/test_images/e50b0174690d.png,No DR,4
T1_APTOS,/kaggle/input/datasets/mariaherrerot/aptos2019/train_images/train_images/58a9e0d7f7af.png,No DR,T1_APTOS,/kaggle/input/datasets/mariaherrerot/aptos2019/train_images/train_images/504a69096fcb.png,No DR,4
T1_APTOS,/kaggle/input/datasets/mariaherrerot/aptos2019/train_images/train_images/58af2c054ced.png,No DR,T1_APTOS,/kaggle/input/datasets/mariaherrerot/aptos2019/test_images/test_images/fca1a8738b8a.png,No DR,4
T1_APTOS,/kaggle/input/datasets/mariaherrerot/aptos2019/train_images/train_images/58c12863f33d.png,No DR,T1_APTOS,/kaggle/input/datasets/mariaherrerot/aptos2019/test_images/test_images/f3a4751af42e.png,No DR,4
T1_APTOS,/kaggle/input/datasets/mariaherrerot/aptos2019/train_images/train_images/5905a9b06a73.png,Moderate DR,T1_APTOS,/kaggle/input/datasets/mariaherrerot/aptos2019/train_images/train_images/3f49f8d100e9.png,Severe DR,4
T1_APTOS,/kaggle/input/datasets/mariaherrerot/aptos2019/train_images/train_images/594f69b503ad.png,Moderate DR,T1_APTOS,/kaggle/input/datasets/mariaherrerot/aptos2019/train_images/train_images/1bf30c84bbad.png,Proliferative DR,4
T1_APTOS,/kaggle/input/datasets/mariaherrerot/aptos2019/train_images/train_images/595446774178.png,Mild DR,T1_APTOS,/kaggle/input/datasets/mariaherrerot/aptos2019/train_images/train_images/36041171f441.png,Mild DR,0
T1_APTOS,/kaggle/input/datasets/mariaherrerot/aptos2019/train_images/train_images/59bd19c1c5bb.png,No DR,T1_APTOS,/kaggle/input/datasets/mariaherrerot/aptos2019/test_images/test_images/f4ea2a2cfbb9.png,No DR,4
T1_APTOS,/kaggle/input/datasets/mariaherrerot/aptos2019/train_images/train_images/5a0fe0ee4301.png,No DR,T1_APTOS,/kaggle/input/datasets/mariaherrerot/aptos2019/train_images/train_images/389552047476.png,No DR,4
T1_APTOS,/kaggle/input/datasets/mariaherrerot/aptos2019/train_images/train_images/5a36cea278ae.png,Moderate DR,T1_APTOS,/kaggle/input/datasets/mariaherrerot/aptos2019/train_images/train_images/1ae8c165fd53.png,Moderate DR,0
T1_APTOS,/kaggle/input/datasets/mariaherrerot/aptos2019/train_images/train_images/5a444c32cd9a.png,No DR,T1_APTOS,/kaggle/input/datasets/mariaherrerot/aptos2019/test_images/test_images/e4dcca36ceb4.png,No DR,4
T1_APTOS,/kaggle/input/datasets/mariaherrerot/aptos2019/train_images/train_images/5ad3dabeb2cd.png,No DR,T1_APTOS,/kaggle/input/datasets/mariaherrerot/aptos2019/test_images/test_images/eda1d75cbcf0.png,No DR,2
T1_APTOS,/kaggle/input/datasets/mariaherrerot/aptos2019/train_images/train_images/5b32ece9c627.png,No DR,T1_APTOS,/kaggle/input/datasets/mariaherrerot/aptos2019/train_images/train_images/545df1bbcd61.png,Mild DR,4
T1_APTOS,/kaggle/input/datasets/mariaherrerot/aptos2019/train_images/train_images/5b47043942f4.png,No DR,T1_APTOS,/kaggle/input/datasets/mariaherrerot/aptos2019/train_images/train_images/4a96c28f3f07.png,No DR,4
T1_APTOS,/kaggle/input/datasets/mariaherrerot/aptos2019/train_images/train_images/5baed382f062.png,No DR,T1_APTOS,/kaggle/input/datasets/mariaherrerot/aptos2019/train_images/train_images/1cb6961d141c.png,No DR,4
T1_APTOS,/kaggle/input/datasets/mariaherrerot/aptos2019/train_images/train_images/5c817060c0ed.png,No DR,T1_APTOS,/kaggle/input/datasets/mariaherrerot/aptos2019/test_images/test_images/fa7fa797c650.png,No DR,4
T1_APTOS,/kaggle/input/datasets/mariaherrerot/aptos2019/train_images/train_images/5c8482926a08.png,Moderate DR,T1_APTOS,/kaggle/input/datasets/mariaherrerot/aptos2019/test_images/test_images/e6a58edc5b42.png,Moderate DR,4
T1_APTOS,/kaggle/input/datasets/mariaherrerot/aptos2019/train_images/train_images/5ca779ace6e7.png,No DR,T1_APTOS,/kaggle/input/datasets/mariaherrerot/aptos2019/test_images/test_images/e7291472109b.png,No DR,4
T1_APTOS,/kaggle/input/datasets/mariaherrerot/aptos2019/train_images/train_images/5d5b5da5f939.png,No DR,T1_APTOS,/kaggle/input/datasets/mariaherrerot/aptos2019/train_images/train_images/2a2a6435f7f3.png,No DR,4
T1_APTOS,/kaggle/input/datasets/mariaherrerot/aptos2019/train_images/train_images/5d6239c0fd39.png,No DR,T1_APTOS,/kaggle/input/datasets/mariaherrerot/aptos2019/test_images/test_images/fbdc796290d4.png,No DR,4
T1_APTOS,/kaggle/input/datasets/mariaherrerot/aptos2019/train_images/train_images/5d9c841eb245.png,No DR,T1_APTOS,/kaggle/input/datasets/mariaherrerot/aptos2019/train_images/train_images/5288f7441f64.png,No DR,4
T1_APTOS,/kaggle/input/datasets/mariaherrerot/aptos2019/train_images/train_images/5dc23e440de3.png,Moderate DR,T1_APTOS,/kaggle/input/datasets/mariaherrerot/aptos2019/test_images/test_images/f4d3777f2710.png,Moderate DR,0
T1_APTOS,/kaggle/input/datasets/mariaherrerot/aptos2019/train_images/train_images/5e97cb2b0888.png,No DR,T1_APTOS,/kaggle/input/datasets/mariaherrerot/aptos2019/test_images/test_images/eabc7c716255.png,No DR,4
T1_APTOS,/kaggle/input/datasets/mariaherrerot/aptos2019/train_images/train_images/5f4a8c074bd5.png,No DR,T1_APTOS,/kaggle/input/datasets/mariaherrerot/aptos2019/test_images/test_images/f7e9fa75c7c1.png,No DR,4
T1_APTOS,/kaggle/input/datasets/mariaherrerot/aptos2019/train_images/train_images/6028a575dc27.png,Mild DR,T1_APTOS,/kaggle/input/datasets/mariaherrerot/aptos2019/train_images/train_images/33e8e26a75d4.png,Moderate DR,4
T1_APTOS,/kaggle/input/datasets/mariaherrerot/aptos2019/train_images/train_images/60f15dd68d30.png,Proliferative DR,T1_APTOS,/kaggle/input/datasets/mariaherrerot/aptos2019/test_images/test_images/fcc6aa6755e6.png,Severe DR,0
T1_APTOS,/kaggle/input/datasets/mariaherrerot/aptos2019/train_images/train_images/6155cf375354.png,No DR,T1_APTOS,/kaggle/input/datasets/mariaherrerot/aptos2019/test_images/test_images/fa573163dd8b.png,No DR,2
T1_APTOS,/kaggle/input/datasets/mariaherrerot/aptos2019/train_images/train_images/6165081b9021.png,Mild DR,T1_APTOS,/kaggle/input/datasets/mariaherrerot/aptos2019/train_images/train_images/42985aa2e32f.png,No DR,0
T1_APTOS,/kaggle/input/datasets/mariaherrerot/aptos2019/train_images/train_images/61d9c88a3a4b.png,No DR,T1_APTOS,/kaggle/input/datasets/mariaherrerot/aptos2019/train_images/train_images/1db0393cdbc1.png,No DR,4
T1_APTOS,/kaggle/input/datasets/mariaherrerot/aptos2019/train_images/train_images/628b581aa905.png,No DR,T1_APTOS,/kaggle/input/datasets/mariaherrerot/aptos2019/test_images/test_images/f952ad2e4356.png,No DR,4
T1_APTOS,/kaggle/input/datasets/mariaherrerot/aptos2019/train_images/train_images/6294b378d09f.png,No DR,T1_APTOS,/kaggle/input/datasets/mariaherrerot/aptos2019/train_images/train_images/1cb6961d141c.png,No DR,4
T1_APTOS,/kaggle/input/datasets/mariaherrerot/aptos2019/train_images/train_images/62b4be2799ca.png,No DR,T1_APTOS,/kaggle/input/datasets/mariaherrerot/aptos2019/test_images/test_images/fe3f62695b2d.png,No DR,4
T1_APTOS,/kaggle/input/datasets/mariaherrerot/aptos2019/train_images/train_images/62b826899151.png,No DR,T1_APTOS,/kaggle/input/datasets/mariaherrerot/aptos2019/train_images/train_images/2da82d14e1b7.png,No DR,4
T1_APTOS,/kaggle/input/datasets/mariaherrerot/aptos2019/train_images/train_images/62cc7ddb53b6.png,Moderate DR,T1_APTOS,/kaggle/input/datasets/mariaherrerot/aptos2019/test_images/test_images/f9ecf1795804.png,Moderate DR,4
T1_APTOS,/kaggle/input/datasets/mariaherrerot/aptos2019/train_images/train_images/63b71347e95d.png,No DR,T1_APTOS,/kaggle/input/datasets/mariaherrerot/aptos2019/train_images/train_images/1f4fb37e0854.png,No DR,2
T1_APTOS,/kaggle/input/datasets/mariaherrerot/aptos2019/train_images/train_images/63c0eafd6aa9.png,No DR,T1_APTOS,/kaggle/input/datasets/mariaherrerot/aptos2019/train_images/train_images/545df1bbcd61.png,Mild DR,4
T1_APTOS,/kaggle/input/datasets/mariaherrerot/aptos2019/train_images/train_images/64b9206afb3f.png,No DR,T1_APTOS,/kaggle/input/datasets/mariaherrerot/aptos2019/train_images/train_images/356304d15a5c.png,No DR,4
T1_APTOS,/kaggle/input/datasets/mariaherrerot/aptos2019/train_images/train_images/65a7fe9482fe.png,No DR,T1_APTOS,/kaggle/input/datasets/mariaherrerot/aptos2019/train_images/train_images/61c667663f2f.png,No DR,4
T1_APTOS,/kaggle/input/datasets/mariaherrerot/aptos2019/train_images/train_images/65cf00be6fb4.png,No DR,T1_APTOS,/kaggle/input/datasets/mariaherrerot/aptos2019/test_images/test_images/ef247f28004f.png,No DR,4
T1_APTOS,/kaggle/input/datasets/mariaherrerot/aptos2019/train_images/train_images/65f5d2a6eb7e.png,No DR,T1_APTOS,/kaggle/input/datasets/mariaherrerot/aptos2019/train_images/train_images/1ca35d483772.png,No DR,4
T1_APTOS,/kaggle/input/datasets/mariaherrerot/aptos2019/train_images/train_images/66460ecab347.png,No DR,T1_APTOS,/kaggle/input/datasets/mariaherrerot/aptos2019/train_images/train_images/4b6cb0bcfd44.png,No DR,2
T1_APTOS,/kaggle/input/datasets/mariaherrerot/aptos2019/train_images/train_images/664b1f9a2087.png,Proliferative DR,T1_APTOS,/kaggle/input/datasets/mariaherrerot/aptos2019/train_images/train_images/4f60129e9a5b.png,Moderate DR,2
T1_APTOS,/kaggle/input/datasets/mariaherrerot/aptos2019/train_images/train_images/668a319c2d23.png,No DR,T1_APTOS,/kaggle/input/datasets/mariaherrerot/aptos2019/train_images/train_images/501c319f7a9f.png,No DR,4
T1_APTOS,/kaggle/input/datasets/mariaherrerot/aptos2019/train_images/train_images/6735931000ec.png,Severe DR,T1_APTOS,/kaggle/input/datasets/mariaherrerot/aptos2019/test_images/test_images/ed88faaa325a.png,Moderate DR,2
T1_APTOS,/kaggle/input/datasets/mariaherrerot/aptos2019/train_images/train_images/674057ab250c.png,Moderate DR,T1_APTOS,/kaggle/input/datasets/mariaherrerot/aptos2019/test_images/test_images/e77a93c3d9a9.png,No DR,4
T1_APTOS,/kaggle/input/datasets/mariaherrerot/aptos2019/train_images/train_images/675de69373f8.png,No DR,T1_APTOS,/kaggle/input/datasets/mariaherrerot/aptos2019/train_images/train_images/41ab357d103f.png,No DR,4
T1_APTOS,/kaggle/input/datasets/mariaherrerot/aptos2019/train_images/train_images/6762b2b48ea5.png,Mild DR,T1_APTOS,/kaggle/input/datasets/mariaherrerot/aptos2019/train_images/train_images/2f284b6a1940.png,Proliferative DR,4
T1_APTOS,/kaggle/input/datasets/mariaherrerot/aptos2019/train_images/train_images/67c03349bb31.png,Moderate DR,T1_APTOS,/kaggle/input/datasets/mariaherrerot/aptos2019/train_images/train_images/1b862fb6f65d.png,No DR,4
T1_APTOS,/kaggle/input/datasets/mariaherrerot/aptos2019/train_images/train_images/67d8f94f04e0.png,No DR,T1_APTOS,/kaggle/input/datasets/mariaherrerot/aptos2019/test_images/test_images/ee77763a6afb.png,No DR,4
T1_APTOS,/kaggle/input/datasets/mariaherrerot/aptos2019/train_images/train_images/67ed8cc78b97.png,No DR,T1_APTOS,/kaggle/input/datasets/mariaherrerot/aptos2019/train_images/train_images/260a455692b5.png,No DR,2
T1_APTOS,/kaggle/input/datasets/mariaherrerot/aptos2019/train_images/train_images/691eeb59b4cb.png,No DR,T1_APTOS,/kaggle/input/datasets/mariaherrerot/aptos2019/train_images/train_images/1c13a1483f4a.png,No DR,4
T1_APTOS,/kaggle/input/datasets/mariaherrerot/aptos2019/train_images/train_images/69c4cbb630de.png,No DR,T1_APTOS,/kaggle/input/datasets/mariaherrerot/aptos2019/train_images/train_images/26d9576e8043.png,No DR,4
T1_APTOS,/kaggle/input/datasets/mariaherrerot/aptos2019/train_images/train_images/6b00cb764237.png,Mild DR,T1_APTOS,/kaggle/input/datasets/mariaherrerot/aptos2019/train_images/train_images/64678182d8a8.png,Mild DR,0
T1_APTOS,/kaggle/input/datasets/mariaherrerot/aptos2019/train_images/train_images/6b128e648646.png,Severe DR,T1_APTOS,/kaggle/input/datasets/mariaherrerot/aptos2019/train_images/train_images/44e0d56e9d42.png,Moderate DR,4
T1_APTOS,/kaggle/input/datasets/mariaherrerot/aptos2019/train_images/train_images/6b3860e8f64f.png,No DR,T1_APTOS,/kaggle/input/datasets/mariaherrerot/aptos2019/train_images/train_images/29d059522fa1.png,No DR,4
T1_APTOS,/kaggle/input/datasets/mariaherrerot/aptos2019/train_images/train_images/6b91e99c9408.png,No DR,T1_APTOS,/kaggle/input/datasets/mariaherrerot/aptos2019/test_images/test_images/e4f12411fd85.png,Proliferative DR,4
T1_APTOS,/kaggle/input/datasets/mariaherrerot/aptos2019/train_images/train_images/6bb30ec3231a.png,No DR,T1_APTOS,/kaggle/input/datasets/mariaherrerot/aptos2019/train_images/train_images/5814cbd2e9bf.png,No DR,4
T1_APTOS,/kaggle/input/datasets/mariaherrerot/aptos2019/train_images/train_images/6bf2a81a5d91.png,No DR,T1_APTOS,/kaggle/input/datasets/mariaherrerot/aptos2019/test_images/test_images/f4874247ede6.png,No DR,4
T1_APTOS,/kaggle/input/datasets/mariaherrerot/aptos2019/train_images/train_images/6c3745a222da.png,Proliferative DR,T1_APTOS,/kaggle/input/datasets/mariaherrerot/aptos2019/test_images/test_images/eadc57064154.png,Proliferative DR,0
T1_APTOS,/kaggle/input/datasets/mariaherrerot/aptos2019/train_images/train_images/6c9c902a97de.png,No DR,T1_APTOS,/kaggle/input/datasets/mariaherrerot/aptos2019/train_images/train_images/586f5c56081e.png,No DR,4
T1_APTOS,/kaggle/input/datasets/mariaherrerot/aptos2019/train_images/train_images/6cb98da77e3e.png,Moderate DR,T1_APTOS,/kaggle/input/datasets/mariaherrerot/aptos2019/train_images/train_images/48c49f662f7d.png,Moderate DR,0
T1_APTOS,/kaggle/input/datasets/mariaherrerot/aptos2019/train_images/train_images/6cd606dc52e9.png,Proliferative DR,T1_APTOS,/kaggle/input/datasets/mariaherrerot/aptos2019/train_images/train_images/1bf30c84bbad.png,Proliferative DR,4
T1_APTOS,/kaggle/input/datasets/mariaherrerot/aptos2019/train_images/train_images/6d4f6c9a8406.png,No DR,T1_APTOS,/kaggle/input/datasets/mariaherrerot/aptos2019/test_images/test_images/f3b27ac2d371.png,No DR,4
T1_APTOS,/kaggle/input/datasets/mariaherrerot/aptos2019/train_images/train_images/6d6be4cfc73f.png,No DR,T1_APTOS,/kaggle/input/datasets/mariaherrerot/aptos2019/train_images/train_images/586f5c56081e.png,No DR,4
T1_APTOS,/kaggle/input/datasets/mariaherrerot/aptos2019/train_images/train_images/6e44f6d04fc9.png,No DR,T1_APTOS,/kaggle/input/datasets/mariaherrerot/aptos2019/train_images/train_images/3f5b4c2948e8.png,Moderate DR,4
T1_APTOS,/kaggle/input/datasets/mariaherrerot/aptos2019/train_images/train_images/6e68e742f5bc.png,Moderate DR,T1_APTOS,/kaggle/input/datasets/mariaherrerot/aptos2019/train_images/train_images/4f60129e9a5b.png,Moderate DR,4
T1_APTOS,/kaggle/input/datasets/mariaherrerot/aptos2019/train_images/train_images/6f0463c1ff18.png,Moderate DR,T1_APTOS,/kaggle/input/datasets/mariaherrerot/aptos2019/test_images/test_images/f2094a20b275.png,Moderate DR,4
T1_APTOS,/kaggle/input/datasets/mariaherrerot/aptos2019/train_images/train_images/6f0e5848d9ce.png,No DR,T1_APTOS,/kaggle/input/datasets/mariaherrerot/aptos2019/train_images/train_images/6dc0281f11e3.png,No DR,4
T1_APTOS,/kaggle/input/datasets/mariaherrerot/aptos2019/train_images/train_images/7005be54cab1.png,Mild DR,T1_APTOS,/kaggle/input/datasets/mariaherrerot/aptos2019/train_images/train_images/3ee4841936ef.png,Proliferative DR,0
T1_APTOS,/kaggle/input/datasets/mariaherrerot/aptos2019/train_images/train_images/705f508d1e42.png,No DR,T1_APTOS,/kaggle/input/datasets/mariaherrerot/aptos2019/train_images/train_images/356304d15a5c.png,No DR,4
T1_APTOS,/kaggle/input/datasets/mariaherrerot/aptos2019/train_images/train_images/7131bf4c9e6f.png,No DR,T1_APTOS,/kaggle/input/datasets/mariaherrerot/aptos2019/test_images/test_images/e5de79795c1d.png,No DR,4
T1_APTOS,/kaggle/input/datasets/mariaherrerot/aptos2019/train_images/train_images/7179f85bfd6f.png,No DR,T1_APTOS,/kaggle/input/datasets/mariaherrerot/aptos2019/train_images/train_images/4b6895d0cf8d.png,No DR,4
T1_APTOS,/kaggle/input/datasets/mariaherrerot/aptos2019/train_images/train_images/71a39c660432.png,Severe DR,T1_APTOS,/kaggle/input/datasets/mariaherrerot/aptos2019/train_images/train_images/3810040096cb.png,Proliferative DR,4
T1_APTOS,/kaggle/input/datasets/mariaherrerot/aptos2019/train_images/train_images/720b5f62ce80.png,No DR,T1_APTOS,/kaggle/input/datasets/mariaherrerot/aptos2019/train_images/train_images/61a62b1dcc36.png,No DR,2
T1_APTOS,/kaggle/input/datasets/mariaherrerot/aptos2019/train_images/train_images/721214151233.png,No DR,T1_APTOS,/kaggle/input/datasets/mariaherrerot/aptos2019/train_images/train_images/1df1530b9b8d.png,No DR,4
T1_APTOS,/kaggle/input/datasets/mariaherrerot/aptos2019/train_images/train_images/7214fc7cbe03.png,No DR,T1_APTOS,/kaggle/input/datasets/mariaherrerot/aptos2019/test_images/test_images/ef247f28004f.png,No DR,4
T1_APTOS,/kaggle/input/datasets/mariaherrerot/aptos2019/train_images/train_images/7269a1d84a57.png,No DR,T1_APTOS,/kaggle/input/datasets/mariaherrerot/aptos2019/train_images/train_images/4a4cb731f91a.png,No DR,4
T1_APTOS,/kaggle/input/datasets/mariaherrerot/aptos2019/train_images/train_images/726dff37edc0.png,No DR,T1_APTOS,/kaggle/input/datasets/mariaherrerot/aptos2019/train_images/train_images/5b804948e35f.png,Mild DR,4
T1_APTOS,/kaggle/input/datasets/mariaherrerot/aptos2019/train_images/train_images/7270367410a1.png,Proliferative DR,T1_APTOS,/kaggle/input/datasets/mariaherrerot/aptos2019/test_images/test_images/e6a58edc5b42.png,Moderate DR,4
T1_APTOS,/kaggle/input/datasets/mariaherrerot/aptos2019/train_images/train_images/7335a2d43ada.png,Mild DR,T1_APTOS,/kaggle/input/datasets/mariaherrerot/aptos2019/train_images/train_images/1bf30c84bbad.png,Proliferative DR,4
T1_APTOS,/kaggle/input/datasets/mariaherrerot/aptos2019/train_images/train_images/7347bd23ba80.png,No DR,T1_APTOS,/kaggle/input/datasets/mariaherrerot/aptos2019/train_images/train_images/5e5275ddee29.png,No DR,4
T1_APTOS,/kaggle/input/datasets/mariaherrerot/aptos2019/train_images/train_images/73ba798fee25.png,No DR,T1_APTOS,/kaggle/input/datasets/mariaherrerot/aptos2019/test_images/test_images/ec01f0862669.png,No DR,4
T1_APTOS,/kaggle/input/datasets/mariaherrerot/aptos2019/train_images/train_images/74418f620068.png,Moderate DR,T1_APTOS,/kaggle/input/datasets/mariaherrerot/aptos2019/train_images/train_images/5188a8afa879.png,Moderate DR,4
T1_APTOS,/kaggle/input/datasets/mariaherrerot/aptos2019/train_images/train_images/75238d945315.png,No DR,T1_APTOS,/kaggle/input/datasets/mariaherrerot/aptos2019/train_images/train_images/545df1bbcd61.png,Mild DR,4
T1_APTOS,/kaggle/input/datasets/mariaherrerot/aptos2019/train_images/train_images/7525ebb3434d.png,Severe DR,T1_APTOS,/kaggle/input/datasets/mariaherrerot/aptos2019/train_images/train_images/3cd801ffdbf0.png,Moderate DR,0
T1_APTOS,/kaggle/input/datasets/mariaherrerot/aptos2019/train_images/train_images/7526c59c36d3.png,No DR,T1_APTOS,/kaggle/input/datasets/mariaherrerot/aptos2019/train_images/train_images/3325b1fe55d2.png,No DR,4
T1_APTOS,/kaggle/input/datasets/mariaherrerot/aptos2019/train_images/train_images/7569ac24762e.png,No DR,T1_APTOS,/kaggle/input/datasets/mariaherrerot/aptos2019/train_images/train_images/4b6cb0bcfd44.png,No DR,4
T1_APTOS,/kaggle/input/datasets/mariaherrerot/aptos2019/train_images/train_images/756b0d6488bb.png,Mild DR,T1_APTOS,/kaggle/input/datasets/mariaherrerot/aptos2019/test_images/test_images/fe37f4492920.png,Moderate DR,2
T1_APTOS,/kaggle/input/datasets/mariaherrerot/aptos2019/train_images/train_images/757e39293591.png,No DR,T1_APTOS,/kaggle/input/datasets/mariaherrerot/aptos2019/train_images/train_images/389552047476.png,No DR,4
T1_APTOS,/kaggle/input/datasets/mariaherrerot/aptos2019/train_images/train_images/75ed83dbccce.png,No DR,T1_APTOS,/kaggle/input/datasets/mariaherrerot/aptos2019/train_images/train_images/1f3f32efaf20.png,No DR,4
T1_APTOS,/kaggle/input/datasets/mariaherrerot/aptos2019/train_images/train_images/76095c338728.png,No DR,T1_APTOS,/kaggle/input/datasets/mariaherrerot/aptos2019/test_images/test_images/ec6f1797a25a.png,No DR,2
T1_APTOS,/kaggle/input/datasets/mariaherrerot/aptos2019/train_images/train_images/7635921c5efb.png,No DR,T1_APTOS,/kaggle/input/datasets/mariaherrerot/aptos2019/train_images/train_images/318eb706a134.png,No DR,4
T1_APTOS,/kaggle/input/datasets/mariaherrerot/aptos2019/train_images/train_images/763ad1236efe.png,No DR,T1_APTOS,/kaggle/input/datasets/mariaherrerot/aptos2019/train_images/train_images/6324d77cf926.png,No DR,4
T1_APTOS,/kaggle/input/datasets/mariaherrerot/aptos2019/train_images/train_images/76cab26493f1.png,No DR,T1_APTOS,/kaggle/input/datasets/mariaherrerot/aptos2019/train_images/train_images/5d3c8c1f57da.png,No DR,2
T1_APTOS,/kaggle/input/datasets/mariaherrerot/aptos2019/train_images/train_images/76cb010f7aa0.png,No DR,T1_APTOS,/kaggle/input/datasets/mariaherrerot/aptos2019/train_images/train_images/4e85aa647534.png,No DR,4
T1_APTOS,/kaggle/input/datasets/mariaherrerot/aptos2019/train_images/train_images/76cfe8967f7d.png,Moderate DR,T1_APTOS,/kaggle/input/datasets/mariaherrerot/aptos2019/train_images/train_images/6253f23229b1.png,Severe DR,0
T1_APTOS,/kaggle/input/datasets/mariaherrerot/aptos2019/train_images/train_images/76df141d966b.png,No DR,T1_APTOS,/kaggle/input/datasets/mariaherrerot/aptos2019/train_images/train_images/61a62b1dcc36.png,No DR,2
T1_APTOS,/kaggle/input/datasets/mariaherrerot/aptos2019/train_images/train_images/772af553b8b7.png,Severe DR,T1_APTOS,/kaggle/input/datasets/mariaherrerot/aptos2019/test_images/test_images/fcc6aa6755e6.png,Severe DR,0
T1_APTOS,/kaggle/input/datasets/mariaherrerot/aptos2019/train_images/train_images/77a1f1398fdb.png,No DR,T1_APTOS,/kaggle/input/datasets/mariaherrerot/aptos2019/train_images/train_images/28a4d00927b7.png,Moderate DR,4
T1_APTOS,/kaggle/input/datasets/mariaherrerot/aptos2019/train_images/train_images/77a9538b8362.png,Mild DR,T1_APTOS,/kaggle/input/datasets/mariaherrerot/aptos2019/train_images/train_images/40e9b5630438.png,Mild DR,0
T1_APTOS,/kaggle/input/datasets/mariaherrerot/aptos2019/train_images/train_images/77acc2cafee1.png,No DR,T1_APTOS,/kaggle/input/datasets/mariaherrerot/aptos2019/train_images/train_images/5728b8aa98ef.png,No DR,4
T1_APTOS,/kaggle/input/datasets/mariaherrerot/aptos2019/train_images/train_images/780f9daaa24b.png,No DR,T1_APTOS,/kaggle/input/datasets/mariaherrerot/aptos2019/test_images/test_images/ec6f1797a25a.png,No DR,2
T1_APTOS,/kaggle/input/datasets/mariaherrerot/aptos2019/train_images/train_images/7828dd083cdc.png,No DR,T1_APTOS,/kaggle/input/datasets/mariaherrerot/aptos2019/test_images/test_images/eabf421f94d0.png,No DR,4
T1_APTOS,/kaggle/input/datasets/mariaherrerot/aptos2019/train_images/train_images/785777558f05.png,Proliferative DR,T1_APTOS,/kaggle/input/datasets/mariaherrerot/aptos2019/train_images/train_images/3dec415b188a.png,No DR,4
T1_APTOS,/kaggle/input/datasets/mariaherrerot/aptos2019/train_images/train_images/7877be80901c.png,Moderate DR,T1_APTOS,/kaggle/input/datasets/mariaherrerot/aptos2019/test_images/test_images/ee2c2a5f7d0e.png,Moderate DR,0
T1_APTOS,/kaggle/input/datasets/mariaherrerot/aptos2019/train_images/train_images/789434d095d1.png,Proliferative DR,T1_APTOS,/kaggle/input/datasets/mariaherrerot/aptos2019/test_images/test_images/eba3acc42197.png,Mild DR,4
T1_APTOS,/kaggle/input/datasets/mariaherrerot/aptos2019/train_images/train_images/79540be95177.png,Moderate DR,T1_APTOS,/kaggle/input/datasets/mariaherrerot/aptos2019/test_images/test_images/f5e9a307288c.png,Moderate DR,4
T1_APTOS,/kaggle/input/datasets/mariaherrerot/aptos2019/train_images/train_images/79cbae28d8b2.png,No DR,T1_APTOS,/kaggle/input/datasets/mariaherrerot/aptos2019/test_images/test_images/fa573163dd8b.png,No DR,2
T1_APTOS,/kaggle/input/datasets/mariaherrerot/aptos2019/train_images/train_images/79ce83c07588.png,Mild DR,T1_APTOS,/kaggle/input/datasets/mariaherrerot/aptos2019/train_images/train_images/71c1a3cdbe47.png,Mild DR,0
T1_APTOS,/kaggle/input/datasets/mariaherrerot/aptos2019/train_images/train_images/7a6e384a0846.png,Severe DR,T1_APTOS,/kaggle/input/datasets/mariaherrerot/aptos2019/train_images/train_images/351e842842a2.png,No DR,2
T1_APTOS,/kaggle/input/datasets/mariaherrerot/aptos2019/train_images/train_images/7adfb8fc0621.png,No DR,T1_APTOS,/kaggle/input/datasets/mariaherrerot/aptos2019/train_images/train_images/6e092caa065f.png,No DR,2
T1_APTOS,/kaggle/input/datasets/mariaherrerot/aptos2019/train_images/train_images/7ae69d22075a.png,Mild DR,T1_APTOS,/kaggle/input/datasets/mariaherrerot/aptos2019/train_images/train_images/1f31701dd61b.png,No DR,4
T1_APTOS,/kaggle/input/datasets/mariaherrerot/aptos2019/train_images/train_images/7af4d8704032.png,No DR,T1_APTOS,/kaggle/input/datasets/mariaherrerot/aptos2019/train_images/train_images/348598d01e18.png,No DR,4
T1_APTOS,/kaggle/input/datasets/mariaherrerot/aptos2019/train_images/train_images/7b20210d9120.png,Mild DR,T1_APTOS,/kaggle/input/datasets/mariaherrerot/aptos2019/train_images/train_images/44f4ae58990e.png,Moderate DR,4
T1_APTOS,/kaggle/input/datasets/mariaherrerot/aptos2019/train_images/train_images/7bda86d95c5b.png,Moderate DR,T1_APTOS,/kaggle/input/datasets/mariaherrerot/aptos2019/test_images/test_images/f025f33b2c9b.png,Proliferative DR,4
T1_APTOS,/kaggle/input/datasets/mariaherrerot/aptos2019/train_images/train_images/7bf981d9c7fe.png,Mild DR,T1_APTOS,/kaggle/input/datasets/mariaherrerot/aptos2019/train_images/train_images/36677b70b1ef.png,Mild DR,0
T1_APTOS,/kaggle/input/datasets/mariaherrerot/aptos2019/train_images/train_images/7c3747c0b2c3.png,No DR,T1_APTOS,/kaggle/input/datasets/mariaherrerot/aptos2019/test_images/test_images/f4874247ede6.png,No DR,4
T1_APTOS,/kaggle/input/datasets/mariaherrerot/aptos2019/train_images/train_images/7c90ab025331.png,Proliferative DR,T1_APTOS,/kaggle/input/datasets/mariaherrerot/aptos2019/train_images/train_images/3ac3fbfca7d4.png,Proliferative DR,4
T1_APTOS,/kaggle/input/datasets/mariaherrerot/aptos2019/train_images/train_images/7ccf9d25dc48.png,No DR,T1_APTOS,/kaggle/input/datasets/mariaherrerot/aptos2019/train_images/train_images/1b862fb6f65d.png,No DR,2
T1_APTOS,/kaggle/input/datasets/mariaherrerot/aptos2019/train_images/train_images/7ce671f952be.png,No DR,T1_APTOS,/kaggle/input/datasets/mariaherrerot/aptos2019/test_images/test_images/eda29a9d78f3.png,No DR,4
T1_APTOS,/kaggle/input/datasets/mariaherrerot/aptos2019/train_images/train_images/7d0a871c45db.png,No DR,T1_APTOS,/kaggle/input/datasets/mariaherrerot/aptos2019/train_images/train_images/2dd28ac497d2.png,No DR,4
T1_APTOS,/kaggle/input/datasets/mariaherrerot/aptos2019/train_images/train_images/7d261f986bef.png,Moderate DR,T1_APTOS,/kaggle/input/datasets/mariaherrerot/aptos2019/test_images/test_images/f2094a20b275.png,Moderate DR,4
T1_APTOS,/kaggle/input/datasets/mariaherrerot/aptos2019/train_images/train_images/7d48f8cdfb69.png,No DR,T1_APTOS,/kaggle/input/datasets/mariaherrerot/aptos2019/train_images/train_images/3fe282197c1c.png,No DR,4
T1_APTOS,/kaggle/input/datasets/mariaherrerot/aptos2019/train_images/train_images/7da558d92100.png,No DR,T1_APTOS,/kaggle/input/datasets/mariaherrerot/aptos2019/test_images/test_images/e5f332efcbc7.png,No DR,4
T1_APTOS,/kaggle/input/datasets/mariaherrerot/aptos2019/train_images/train_images/7e6e90a93aa5.png,Moderate DR,T1_APTOS,/kaggle/input/datasets/mariaherrerot/aptos2019/train_images/train_images/1d14dd912671.png,Moderate DR,4
T1_APTOS,/kaggle/input/datasets/mariaherrerot/aptos2019/train_images/train_images/7e77b61e1639.png,No DR,T1_APTOS,/kaggle/input/datasets/mariaherrerot/aptos2019/train_images/train_images/6d6fcf49e515.png,No DR,2
T1_APTOS,/kaggle/input/datasets/mariaherrerot/aptos2019/train_images/train_images/7e980424868e.png,No DR,T1_APTOS,/kaggle/input/datasets/mariaherrerot/aptos2019/train_images/train_images/5264a54e1830.png,No DR,4
T1_APTOS,/kaggle/input/datasets/mariaherrerot/aptos2019/train_images/train_images/7ec0e61a7e29.png,No DR,T1_APTOS,/kaggle/input/datasets/mariaherrerot/aptos2019/train_images/train_images/2dd28ac497d2.png,No DR,2
T1_APTOS,/kaggle/input/datasets/mariaherrerot/aptos2019/train_images/train_images/7eeb191ad06b.png,No DR,T1_APTOS,/kaggle/input/datasets/mariaherrerot/aptos2019/train_images/train_images/1c7a013eeba7.png,No DR,4
T1_APTOS,/kaggle/input/datasets/mariaherrerot/aptos2019/train_images/train_images/7ef5ff774a48.png,Mild DR,T1_APTOS,/kaggle/input/datasets/mariaherrerot/aptos2019/train_images/train_images/1f4fb37e0854.png,No DR,4
T1_APTOS,/kaggle/input/datasets/mariaherrerot/aptos2019/train_images/train_images/7f6690fa390a.png,No DR,T1_APTOS,/kaggle/input/datasets/mariaherrerot/aptos2019/test_images/test_images/f0267c42907c.png,No DR,4
T1_APTOS,/kaggle/input/datasets/mariaherrerot/aptos2019/train_images/train_images/80d24897669f.png,Mild DR,T1_APTOS,/kaggle/input/datasets/mariaherrerot/aptos2019/test_images/test_images/fea14b3d44b0.png,Mild DR,0
T1_APTOS,/kaggle/input/datasets/mariaherrerot/aptos2019/train_images/train_images/8185ce1cdcef.png,No DR,T1_APTOS,/kaggle/input/datasets/mariaherrerot/aptos2019/train_images/train_images/7b87b0015282.png,No DR,4
T1_APTOS,/kaggle/input/datasets/mariaherrerot/aptos2019/train_images/train_images/81914ceb4e74.png,No DR,T1_APTOS,/kaggle/input/datasets/mariaherrerot/aptos2019/train_images/train_images/496155f71d0a.png,No DR,2
T1_APTOS,/kaggle/input/datasets/mariaherrerot/aptos2019/train_images/train_images/821789e9053f.png,Mild DR,T1_APTOS,/kaggle/input/datasets/mariaherrerot/aptos2019/train_images/train_images/2b4c7b5f1f1e.png,No DR,2
T1_APTOS,/kaggle/input/datasets/mariaherrerot/aptos2019/train_images/train_images/8273fdb4405e.png,Mild DR,T1_APTOS,/kaggle/input/datasets/mariaherrerot/aptos2019/test_images/test_images/f0098e9d4aee.png,Proliferative DR,0
T1_APTOS,/kaggle/input/datasets/mariaherrerot/aptos2019/train_images/train_images/82bb8a01935f.png,Proliferative DR,T1_APTOS,/kaggle/input/datasets/mariaherrerot/aptos2019/train_images/train_images/4029d70e9d8a.png,Mild DR,4
T1_APTOS,/kaggle/input/datasets/mariaherrerot/aptos2019/train_images/train_images/82e5bc01f8a4.png,No DR,T1_APTOS,/kaggle/input/datasets/mariaherrerot/aptos2019/train_images/train_images/4528fbbd43a3.png,No DR,4
T1_APTOS,/kaggle/input/datasets/mariaherrerot/aptos2019/train_images/train_images/830e297965a1.png,No DR,T1_APTOS,/kaggle/input/datasets/mariaherrerot/aptos2019/train_images/train_images/4c389d033cb0.png,No DR,2
T1_APTOS,/kaggle/input/datasets/mariaherrerot/aptos2019/train_images/train_images/835b9f6e12ba.png,No DR,T1_APTOS,/kaggle/input/datasets/mariaherrerot/aptos2019/train_images/train_images/80c67efc8101.png,No DR,4
T1_APTOS,/kaggle/input/datasets/mariaherrerot/aptos2019/train_images/train_images/83df53d58f28.png,No DR,T1_APTOS,/kaggle/input/datasets/mariaherrerot/aptos2019/train_images/train_images/7b87b0015282.png,No DR,4
T1_APTOS,/kaggle/input/datasets/mariaherrerot/aptos2019/train_images/train_images/840527bc6628.png,Moderate DR,T1_APTOS,/kaggle/input/datasets/mariaherrerot/aptos2019/train_images/train_images/4294a14c656a.png,Severe DR,4
T1_APTOS,/kaggle/input/datasets/mariaherrerot/aptos2019/train_images/train_images/840a06a9c690.png,No DR,T1_APTOS,/kaggle/input/datasets/mariaherrerot/aptos2019/train_images/train_images/52ddde91a349.png,No DR,4
T1_APTOS,/kaggle/input/datasets/mariaherrerot/aptos2019/train_images/train_images/84b4da14bc23.png,No DR,T1_APTOS,/kaggle/input/datasets/mariaherrerot/aptos2019/train_images/train_images/35df2bc6ae95.png,No DR,4
T1_APTOS,/kaggle/input/datasets/mariaherrerot/aptos2019/train_images/train_images/84b79243e430.png,No DR,T1_APTOS,/kaggle/input/datasets/mariaherrerot/aptos2019/test_images/test_images/ec6f1797a25a.png,No DR,4
T1_APTOS,/kaggle/input/datasets/mariaherrerot/aptos2019/train_images/train_images/857002ed4e49.png,Moderate DR,T1_APTOS,/kaggle/input/datasets/mariaherrerot/aptos2019/train_images/train_images/4294a14c656a.png,Severe DR,4
T1_APTOS,/kaggle/input/datasets/mariaherrerot/aptos2019/train_images/train_images/85cc6d636898.png,Moderate DR,T1_APTOS,/kaggle/input/datasets/mariaherrerot/aptos2019/train_images/train_images/23148a40ecb0.png,Moderate DR,2
T1_APTOS,/kaggle/input/datasets/mariaherrerot/aptos2019/train_images/train_images/85fce24084da.png,Moderate DR,T1_APTOS,/kaggle/input/datasets/mariaherrerot/aptos2019/test_images/test_images/eadfc8809ec8.png,Moderate DR,4
T1_APTOS,/kaggle/input/datasets/mariaherrerot/aptos2019/train_images/train_images/8693ab1fd2be.png,No DR,T1_APTOS,/kaggle/input/datasets/mariaherrerot/aptos2019/train_images/train_images/5b804948e35f.png,Mild DR,2
T1_APTOS,/kaggle/input/datasets/mariaherrerot/aptos2019/train_images/train_images/86b3a7929bec.png,Moderate DR,T1_APTOS,/kaggle/input/datasets/mariaherrerot/aptos2019/train_images/train_images/1b4625877527.png,Moderate DR,0
T1_APTOS,/kaggle/input/datasets/mariaherrerot/aptos2019/train_images/train_images/86baef833ae0.png,Moderate DR,T1_APTOS,/kaggle/input/datasets/mariaherrerot/aptos2019/train_images/train_images/7a0cff4c24b2.png,Moderate DR,0
T1_APTOS,/kaggle/input/datasets/mariaherrerot/aptos2019/train_images/train_images/86d58f850a0c.png,No DR,T1_APTOS,/kaggle/input/datasets/mariaherrerot/aptos2019/train_images/train_images/5078caaf1f57.png,No DR,4
T1_APTOS,/kaggle/input/datasets/mariaherrerot/aptos2019/train_images/train_images/870f433e8f37.png,No DR,T1_APTOS,/kaggle/input/datasets/mariaherrerot/aptos2019/train_images/train_images/586f5c56081e.png,No DR,4
T1_APTOS,/kaggle/input/datasets/mariaherrerot/aptos2019/train_images/train_images/87295c5fa1cc.png,No DR,T1_APTOS,/kaggle/input/datasets/mariaherrerot/aptos2019/test_images/test_images/fe3f62695b2d.png,No DR,2
T1_APTOS,/kaggle/input/datasets/mariaherrerot/aptos2019/train_images/train_images/873dcc0b468f.png,Proliferative DR,T1_APTOS,/kaggle/input/datasets/mariaherrerot/aptos2019/train_images/train_images/453d553b0a94.png,Moderate DR,4
T1_APTOS,/kaggle/input/datasets/mariaherrerot/aptos2019/train_images/train_images/878a3a097436.png,Moderate DR,T1_APTOS,/kaggle/input/datasets/mariaherrerot/aptos2019/train_images/train_images/80feb1f7ca5e.png,Moderate DR,0
T1_APTOS,/kaggle/input/datasets/mariaherrerot/aptos2019/train_images/train_images/878e356c8fc9.png,No DR,T1_APTOS,/kaggle/input/datasets/mariaherrerot/aptos2019/train_images/train_images/7d94a000c2d0.png,No DR,4
T1_APTOS,/kaggle/input/datasets/mariaherrerot/aptos2019/train_images/train_images/87a9f4d20f07.png,No DR,T1_APTOS,/kaggle/input/datasets/mariaherrerot/aptos2019/train_images/train_images/2a2a6435f7f3.png,No DR,4
T1_APTOS,/kaggle/input/datasets/mariaherrerot/aptos2019/train_images/train_images/880edb2cdb69.png,No DR,T1_APTOS,/kaggle/input/datasets/mariaherrerot/aptos2019/test_images/test_images/f02babb3a023.png,No DR,4
T1_APTOS,/kaggle/input/datasets/mariaherrerot/aptos2019/train_images/train_images/883c6a184f16.png,No DR,T1_APTOS,/kaggle/input/datasets/mariaherrerot/aptos2019/test_images/test_images/e6552b7432b3.png,No DR,4
T1_APTOS,/kaggle/input/datasets/mariaherrerot/aptos2019/train_images/train_images/883ddb650967.png,No DR,T1_APTOS,/kaggle/input/datasets/mariaherrerot/aptos2019/test_images/test_images/e82232a3c28b.png,No DR,4
T1_APTOS,/kaggle/input/datasets/mariaherrerot/aptos2019/train_images/train_images/8860c7b11530.png,Moderate DR,T1_APTOS,/kaggle/input/datasets/mariaherrerot/aptos2019/train_images/train_images/4294a14c656a.png,Severe DR,4
T1_APTOS,/kaggle/input/datasets/mariaherrerot/aptos2019/train_images/train_images/88e4399d207c.png,No DR,T1_APTOS,/kaggle/input/datasets/mariaherrerot/aptos2019/test_images/test_images/fe3f62695b2d.png,No DR,4
T1_APTOS,/kaggle/input/datasets/mariaherrerot/aptos2019/train_images/train_images/89ee1fa16f90.png,Moderate DR,T1_APTOS,/kaggle/input/datasets/mariaherrerot/aptos2019/train_images/train_images/4478b870e549.png,Moderate DR,0
T1_APTOS,/kaggle/input/datasets/mariaherrerot/aptos2019/train_images/train_images/8a25a080f28f.png,Mild DR,T1_APTOS,/kaggle/input/datasets/mariaherrerot/aptos2019/train_images/train_images/5e7db41b3bee.png,Proliferative DR,4
T1_APTOS,/kaggle/input/datasets/mariaherrerot/aptos2019/train_images/train_images/8a482c024fc2.png,No DR,T1_APTOS,/kaggle/input/datasets/mariaherrerot/aptos2019/train_images/train_images/881ec6186e68.png,No DR,4
T1_APTOS,/kaggle/input/datasets/mariaherrerot/aptos2019/train_images/train_images/8a759f94613a.png,Moderate DR,T1_APTOS,/kaggle/input/datasets/mariaherrerot/aptos2019/train_images/train_images/2cceb07ff706.png,Moderate DR,0
T1_APTOS,/kaggle/input/datasets/mariaherrerot/aptos2019/train_images/train_images/8aa3c4681542.png,No DR,T1_APTOS,/kaggle/input/datasets/mariaherrerot/aptos2019/train_images/train_images/6e092caa065f.png,No DR,4
T1_APTOS,/kaggle/input/datasets/mariaherrerot/aptos2019/train_images/train_images/8b568d47a1fd.png,No DR,T1_APTOS,/kaggle/input/datasets/mariaherrerot/aptos2019/test_images/test_images/e82232a3c28b.png,No DR,4
T1_APTOS,/kaggle/input/datasets/mariaherrerot/aptos2019/train_images/train_images/8c29a76fa08c.png,No DR,T1_APTOS,/kaggle/input/datasets/mariaherrerot/aptos2019/test_images/test_images/f994a3b07935.png,No DR,2
T1_APTOS,/kaggle/input/datasets/mariaherrerot/aptos2019/train_images/train_images/8c87bd748996.png,Moderate DR,T1_APTOS,/kaggle/input/datasets/mariaherrerot/aptos2019/train_images/train_images/1c4f3aa4df06.png,Proliferative DR,4
T1_APTOS,/kaggle/input/datasets/mariaherrerot/aptos2019/train_images/train_images/8cb6b0efaaac.png,Moderate DR,T1_APTOS,/kaggle/input/datasets/mariaherrerot/aptos2019/train_images/train_images/42a850acd2ac.png,Moderate DR,0
T1_APTOS,/kaggle/input/datasets/mariaherrerot/aptos2019/train_images/train_images/8cb6b5b2f19c.png,Moderate DR,T1_APTOS,/kaggle/input/datasets/mariaherrerot/aptos2019/train_images/train_images/8ab8d9b3ce3f.png,Moderate DR,4
T1_APTOS,/kaggle/input/datasets/mariaherrerot/aptos2019/train_images/train_images/8d13c46e7d75.png,No DR,T1_APTOS,/kaggle/input/datasets/mariaherrerot/aptos2019/train_images/train_images/5814cbd2e9bf.png,No DR,4
T1_APTOS,/kaggle/input/datasets/mariaherrerot/aptos2019/train_images/train_images/8d7bb0649a02.png,Moderate DR,T1_APTOS,/kaggle/input/datasets/mariaherrerot/aptos2019/train_images/train_images/7550966ef777.png,Moderate DR,0
T1_APTOS,/kaggle/input/datasets/mariaherrerot/aptos2019/train_images/train_images/8dfff47b06b7.png,Moderate DR,T1_APTOS,/kaggle/input/datasets/mariaherrerot/aptos2019/train_images/train_images/2cef97083e6f.png,Moderate DR,4
T1_APTOS,/kaggle/input/datasets/mariaherrerot/aptos2019/train_images/train_images/8e67f2d7e0ee.png,No DR,T1_APTOS,/kaggle/input/datasets/mariaherrerot/aptos2019/train_images/train_images/3286073a976e.png,No DR,4
T1_APTOS,/kaggle/input/datasets/mariaherrerot/aptos2019/train_images/train_images/8eb3337a54e9.png,Moderate DR,T1_APTOS,/kaggle/input/datasets/mariaherrerot/aptos2019/train_images/train_images/48afe8c47454.png,Moderate DR,4
T1_APTOS,/kaggle/input/datasets/mariaherrerot/aptos2019/train_images/train_images/8eeac97f02f0.png,Proliferative DR,T1_APTOS,/kaggle/input/datasets/mariaherrerot/aptos2019/train_images/train_images/4029d70e9d8a.png,Mild DR,4
T1_APTOS,/kaggle/input/datasets/mariaherrerot/aptos2019/train_images/train_images/8ef2eb8c51c4.png,Mild DR,T1_APTOS,/kaggle/input/datasets/mariaherrerot/aptos2019/train_images/train_images/8446826853d0.png,Moderate DR,0
T1_APTOS,/kaggle/input/datasets/mariaherrerot/aptos2019/train_images/train_images/8fbb2ca39911.png,No DR,T1_APTOS,/kaggle/input/datasets/mariaherrerot/aptos2019/train_images/train_images/80c67efc8101.png,No DR,4
T1_APTOS,/kaggle/input/datasets/mariaherrerot/aptos2019/train_images/train_images/901a3552fe26.png,No DR,T1_APTOS,/kaggle/input/datasets/mariaherrerot/aptos2019/test_images/test_images/fa7fa797c650.png,No DR,4
T1_APTOS,/kaggle/input/datasets/mariaherrerot/aptos2019/train_images/train_images/9033f1493da1.png,Moderate DR,T1_APTOS,/kaggle/input/datasets/mariaherrerot/aptos2019/train_images/train_images/5188a8afa879.png,Moderate DR,2
T1_APTOS,/kaggle/input/datasets/mariaherrerot/aptos2019/train_images/train_images/90a786abe58e.png,No DR,T1_APTOS,/kaggle/input/datasets/mariaherrerot/aptos2019/test_images/test_images/e7291472109b.png,No DR,4
T1_APTOS,/kaggle/input/datasets/mariaherrerot/aptos2019/train_images/train_images/9122b31414d3.png,No DR,T1_APTOS,/kaggle/input/datasets/mariaherrerot/aptos2019/train_images/train_images/3bf2deaa5ef0.png,No DR,4
T1_APTOS,/kaggle/input/datasets/mariaherrerot/aptos2019/train_images/train_images/91b6ebaa3678.png,Severe DR,T1_APTOS,/kaggle/input/datasets/mariaherrerot/aptos2019/train_images/train_images/7e160c8b611e.png,Severe DR,0
T1_APTOS,/kaggle/input/datasets/mariaherrerot/aptos2019/train_images/train_images/91cbe1c775ef.png,Moderate DR,T1_APTOS,/kaggle/input/datasets/mariaherrerot/aptos2019/test_images/test_images/f2094a20b275.png,Moderate DR,4
T1_APTOS,/kaggle/input/datasets/mariaherrerot/aptos2019/train_images/train_images/91e8af9ceee9.png,Moderate DR,T1_APTOS,/kaggle/input/datasets/mariaherrerot/aptos2019/test_images/test_images/e6f0ce5bf282.png,Moderate DR,4
T1_APTOS,/kaggle/input/datasets/mariaherrerot/aptos2019/train_images/train_images/921433215353.png,Moderate DR,T1_APTOS,/kaggle/input/datasets/mariaherrerot/aptos2019/train_images/train_images/6810410187a0.png,Moderate DR,4
T1_APTOS,/kaggle/input/datasets/mariaherrerot/aptos2019/train_images/train_images/9287e57326d0.png,No DR,T1_APTOS,/kaggle/input/datasets/mariaherrerot/aptos2019/train_images/train_images/260a455692b5.png,No DR,4
T1_APTOS,/kaggle/input/datasets/mariaherrerot/aptos2019/train_images/train_images/934104859e68.png,No DR,T1_APTOS,/kaggle/input/datasets/mariaherrerot/aptos2019/train_images/train_images/274f4de2a59d.png,No DR,4
T1_APTOS,/kaggle/input/datasets/mariaherrerot/aptos2019/train_images/train_images/936299166bea.png,No DR,T1_APTOS,/kaggle/input/datasets/mariaherrerot/aptos2019/train_images/train_images/3f0d3629d69e.png,No DR,4
T1_APTOS,/kaggle/input/datasets/mariaherrerot/aptos2019/train_images/train_images/93d6d20a5ee3.png,No DR,T1_APTOS,/kaggle/input/datasets/mariaherrerot/aptos2019/test_images/test_images/f90f8931a9bc.png,No DR,4
T1_APTOS,/kaggle/input/datasets/mariaherrerot/aptos2019/train_images/train_images/94076a9fb9b5.png,No DR,T1_APTOS,/kaggle/input/datasets/mariaherrerot/aptos2019/train_images/train_images/1df1530b9b8d.png,No DR,2
T1_APTOS,/kaggle/input/datasets/mariaherrerot/aptos2019/train_images/train_images/94111ed3d276.png,Mild DR,T1_APTOS,/kaggle/input/datasets/mariaherrerot/aptos2019/train_images/train_images/5e7db41b3bee.png,Proliferative DR,4
T1_APTOS,/kaggle/input/datasets/mariaherrerot/aptos2019/train_images/train_images/94b1d8ad35ec.png,Mild DR,T1_APTOS,/kaggle/input/datasets/mariaherrerot/aptos2019/train_images/train_images/4d7d6928534a.png,Mild DR,0
T1_APTOS,/kaggle/input/datasets/mariaherrerot/aptos2019/train_images/train_images/94b9ccc73bb9.png,No DR,T1_APTOS,/kaggle/input/datasets/mariaherrerot/aptos2019/train_images/train_images/3d2ecffe0386.png,No DR,4
T1_APTOS,/kaggle/input/datasets/mariaherrerot/aptos2019/train_images/train_images/956765d5f46d.png,No DR,T1_APTOS,/kaggle/input/datasets/mariaherrerot/aptos2019/train_images/train_images/8b8fe3fc8950.png,No DR,4
T1_APTOS,/kaggle/input/datasets/mariaherrerot/aptos2019/train_images/train_images/96793edb1003.png,No DR,T1_APTOS,/kaggle/input/datasets/mariaherrerot/aptos2019/train_images/train_images/5fcff7280019.png,No DR,4
T1_APTOS,/kaggle/input/datasets/mariaherrerot/aptos2019/train_images/train_images/96ce10a1dbd7.png,No DR,T1_APTOS,/kaggle/input/datasets/mariaherrerot/aptos2019/test_images/test_images/fa7fa797c650.png,No DR,4
T1_APTOS,/kaggle/input/datasets/mariaherrerot/aptos2019/train_images/train_images/96ea316ed0ab.png,No DR,T1_APTOS,/kaggle/input/datasets/mariaherrerot/aptos2019/train_images/train_images/1d74c4713e21.png,No DR,4
T1_APTOS,/kaggle/input/datasets/mariaherrerot/aptos2019/train_images/train_images/973b0facfa9b.png,No DR,T1_APTOS,/kaggle/input/datasets/mariaherrerot/aptos2019/train_images/train_images/3325b1fe55d2.png,No DR,4
T1_APTOS,/kaggle/input/datasets/mariaherrerot/aptos2019/train_images/train_images/974c7d7b9c64.png,No DR,T1_APTOS,/kaggle/input/datasets/mariaherrerot/aptos2019/test_images/test_images/ec6f1797a25a.png,No DR,4
T1_APTOS,/kaggle/input/datasets/mariaherrerot/aptos2019/train_images/train_images/976082127e2a.png,No DR,T1_APTOS,/kaggle/input/datasets/mariaherrerot/aptos2019/train_images/train_images/86410aa13b3e.png,No DR,4
T1_APTOS,/kaggle/input/datasets/mariaherrerot/aptos2019/train_images/train_images/97a235367f9d.png,No DR,T1_APTOS,/kaggle/input/datasets/mariaherrerot/aptos2019/test_images/test_images/eabc7c716255.png,No DR,4
T1_APTOS,/kaggle/input/datasets/mariaherrerot/aptos2019/train_images/train_images/97bf61736b86.png,Moderate DR,T1_APTOS,/kaggle/input/datasets/mariaherrerot/aptos2019/train_images/train_images/21abd36095a1.png,Proliferative DR,4
T1_APTOS,/kaggle/input/datasets/mariaherrerot/aptos2019/train_images/train_images/97d02a9b94f7.png,No DR,T1_APTOS,/kaggle/input/datasets/mariaherrerot/aptos2019/test_images/test_images/f3b27ac2d371.png,No DR,4
T1_APTOS,/kaggle/input/datasets/mariaherrerot/aptos2019/train_images/train_images/98104c8c67eb.png,Moderate DR,T1_APTOS,/kaggle/input/datasets/mariaherrerot/aptos2019/train_images/train_images/75a7bc945b7d.png,Moderate DR,0
T1_APTOS,/kaggle/input/datasets/mariaherrerot/aptos2019/train_images/train_images/98277aeb96a7.png,No DR,T1_APTOS,/kaggle/input/datasets/mariaherrerot/aptos2019/train_images/train_images/8f06ca4642bd.png,No DR,4
T1_APTOS,/kaggle/input/datasets/mariaherrerot/aptos2019/train_images/train_images/983c98354e9c.png,No DR,T1_APTOS,/kaggle/input/datasets/mariaherrerot/aptos2019/train_images/train_images/6f689fced922.png,No DR,4
T1_APTOS,/kaggle/input/datasets/mariaherrerot/aptos2019/train_images/train_images/9859e2a6cc24.png,Proliferative DR,T1_APTOS,/kaggle/input/datasets/mariaherrerot/aptos2019/train_images/train_images/5eb311bcb5f9.png,Moderate DR,4
T1_APTOS,/kaggle/input/datasets/mariaherrerot/aptos2019/train_images/train_images/9870ce41cac4.png,No DR,T1_APTOS,/kaggle/input/datasets/mariaherrerot/aptos2019/train_images/train_images/1cb6961d141c.png,No DR,4
T1_APTOS,/kaggle/input/datasets/mariaherrerot/aptos2019/train_images/train_images/98e44127872f.png,No DR,T1_APTOS,/kaggle/input/datasets/mariaherrerot/aptos2019/train_images/train_images/799214e8b07c.png,No DR,4
T1_APTOS,/kaggle/input/datasets/mariaherrerot/aptos2019/train_images/train_images/98f7136d2e7a.png,Moderate DR,T1_APTOS,/kaggle/input/datasets/mariaherrerot/aptos2019/test_images/test_images/e740af6ac6ea.png,Proliferative DR,0
T1_APTOS,/kaggle/input/datasets/mariaherrerot/aptos2019/train_images/train_images/991a0b7a8c87.png,No DR,T1_APTOS,/kaggle/input/datasets/mariaherrerot/aptos2019/test_images/test_images/ff4832d55461.png,No DR,4
T1_APTOS,/kaggle/input/datasets/mariaherrerot/aptos2019/train_images/train_images/992599744a23.png,No DR,T1_APTOS,/kaggle/input/datasets/mariaherrerot/aptos2019/train_images/train_images/6b7cf869622a.png,Moderate DR,4
T1_APTOS,/kaggle/input/datasets/mariaherrerot/aptos2019/train_images/train_images/9985375d709f.png,No DR,T1_APTOS,/kaggle/input/datasets/mariaherrerot/aptos2019/train_images/train_images/80c67efc8101.png,No DR,2
T1_APTOS,/kaggle/input/datasets/mariaherrerot/aptos2019/train_images/train_images/999115d9386b.png,Moderate DR,T1_APTOS,/kaggle/input/datasets/mariaherrerot/aptos2019/train_images/train_images/7e4019ac7f5a.png,Proliferative DR,4
T1_APTOS,/kaggle/input/datasets/mariaherrerot/aptos2019/train_images/train_images/999ad827ed35.png,No DR,T1_APTOS,/kaggle/input/datasets/mariaherrerot/aptos2019/train_images/train_images/8acdf12f412a.png,No DR,4
T1_APTOS,/kaggle/input/datasets/mariaherrerot/aptos2019/train_images/train_images/99c626e58464.png,No DR,T1_APTOS,/kaggle/input/datasets/mariaherrerot/aptos2019/train_images/train_images/58eb3809f456.png,No DR,2
T1_APTOS,/kaggle/input/datasets/mariaherrerot/aptos2019/train_images/train_images/99c6a123ed6a.png,No DR,T1_APTOS,/kaggle/input/datasets/mariaherrerot/aptos2019/train_images/train_images/1f3f32efaf20.png,No DR,4
T1_APTOS,/kaggle/input/datasets/mariaherrerot/aptos2019/train_images/train_images/9a1029536d78.png,No DR,T1_APTOS,/kaggle/input/datasets/mariaherrerot/aptos2019/train_images/train_images/24b943fe725e.png,Mild DR,4
T1_APTOS,/kaggle/input/datasets/mariaherrerot/aptos2019/train_images/train_images/9a3c03a5ad0f.png,Moderate DR,T1_APTOS,/kaggle/input/datasets/mariaherrerot/aptos2019/test_images/test_images/f03d3c4ce7fb.png,Proliferative DR,0
T1_APTOS,/kaggle/input/datasets/mariaherrerot/aptos2019/train_images/train_images/9a94e0316ee3.png,Severe DR,T1_APTOS,/kaggle/input/datasets/mariaherrerot/aptos2019/train_images/train_images/2b48daf24be0.png,Severe DR,0
T1_APTOS,/kaggle/input/datasets/mariaherrerot/aptos2019/train_images/train_images/9ac2e3e9fca5.png,No DR,T1_APTOS,/kaggle/input/datasets/mariaherrerot/aptos2019/train_images/train_images/61c667663f2f.png,No DR,4
T1_APTOS,/kaggle/input/datasets/mariaherrerot/aptos2019/train_images/train_images/9b70f84400af.png,No DR,T1_APTOS,/kaggle/input/datasets/mariaherrerot/aptos2019/test_images/test_images/f762c272c522.png,Mild DR,4
T1_APTOS,/kaggle/input/datasets/mariaherrerot/aptos2019/train_images/train_images/9b7b6e4db1d5.png,Moderate DR,T1_APTOS,/kaggle/input/datasets/mariaherrerot/aptos2019/test_images/test_images/f762c272c522.png,Mild DR,4
T1_APTOS,/kaggle/input/datasets/mariaherrerot/aptos2019/train_images/train_images/9ba469af2980.png,No DR,T1_APTOS,/kaggle/input/datasets/mariaherrerot/aptos2019/train_images/train_images/8846b09384a4.png,No DR,4
T1_APTOS,/kaggle/input/datasets/mariaherrerot/aptos2019/train_images/train_images/9bf060db8376.png,Severe DR,T1_APTOS,/kaggle/input/datasets/mariaherrerot/aptos2019/test_images/test_images/f7edc074f06b.png,Moderate DR,0
T1_APTOS,/kaggle/input/datasets/mariaherrerot/aptos2019/train_images/train_images/9c514d2d5b3f.png,No DR,T1_APTOS,/kaggle/input/datasets/mariaherrerot/aptos2019/train_images/train_images/639915f58a2f.png,No DR,2
T1_APTOS,/kaggle/input/datasets/mariaherrerot/aptos2019/train_images/train_images/9c52b87d01f1.png,Severe DR,T1_APTOS,/kaggle/input/datasets/mariaherrerot/aptos2019/train_images/train_images/6e92b1c5ac8e.png,Severe DR,0
T1_APTOS,/kaggle/input/datasets/mariaherrerot/aptos2019/train_images/train_images/9c6512166557.png,No DR,T1_APTOS,/kaggle/input/datasets/mariaherrerot/aptos2019/train_images/train_images/260a455692b5.png,No DR,4
T1_APTOS,/kaggle/input/datasets/mariaherrerot/aptos2019/train_images/train_images/9c72ed6befa0.png,Proliferative DR,T1_APTOS,/kaggle/input/datasets/mariaherrerot/aptos2019/train_images/train_images/5d3c8c1f57da.png,No DR,4
T1_APTOS,/kaggle/input/datasets/mariaherrerot/aptos2019/train_images/train_images/9c893e16c055.png,No DR,T1_APTOS,/kaggle/input/datasets/mariaherrerot/aptos2019/train_images/train_images/874f8c1929f6.png,No DR,4
T1_APTOS,/kaggle/input/datasets/mariaherrerot/aptos2019/train_images/train_images/9ce46d400cd6.png,No DR,T1_APTOS,/kaggle/input/datasets/mariaherrerot/aptos2019/train_images/train_images/61c667663f2f.png,No DR,2
T1_APTOS,/kaggle/input/datasets/mariaherrerot/aptos2019/train_images/train_images/9cf7c1349673.png,No DR,T1_APTOS,/kaggle/input/datasets/mariaherrerot/aptos2019/train_images/train_images/941d874c8afb.png,No DR,4
T1_APTOS,/kaggle/input/datasets/mariaherrerot/aptos2019/train_images/train_images/9e2058917304.png,No DR,T1_APTOS,/kaggle/input/datasets/mariaherrerot/aptos2019/train_images/train_images/6324d77cf926.png,No DR,4
T1_APTOS,/kaggle/input/datasets/mariaherrerot/aptos2019/train_images/train_images/9eaac43744f5.png,Moderate DR,T1_APTOS,/kaggle/input/datasets/mariaherrerot/aptos2019/train_images/train_images/3ac3fbfca7d4.png,Proliferative DR,2
T1_APTOS,/kaggle/input/datasets/mariaherrerot/aptos2019/train_images/train_images/9f1b14dfa14c.png,No DR,T1_APTOS,/kaggle/input/datasets/mariaherrerot/aptos2019/test_images/test_images/ef247f28004f.png,No DR,2
T1_APTOS,/kaggle/input/datasets/mariaherrerot/aptos2019/train_images/train_images/9f285b3e57ed.png,No DR,T1_APTOS,/kaggle/input/datasets/mariaherrerot/aptos2019/test_images/test_images/e6552b7432b3.png,No DR,4
T1_APTOS,/kaggle/input/datasets/mariaherrerot/aptos2019/train_images/train_images/9f4132bd6ed6.png,Moderate DR,T1_APTOS,/kaggle/input/datasets/mariaherrerot/aptos2019/test_images/test_images/f762c272c522.png,Mild DR,4
T1_APTOS,/kaggle/input/datasets/mariaherrerot/aptos2019/train_images/train_images/9f935fb38440.png,No DR,T1_APTOS,/kaggle/input/datasets/mariaherrerot/aptos2019/test_images/test_images/f9d8ff3e6592.png,No DR,4
T1_APTOS,/kaggle/input/datasets/mariaherrerot/aptos2019/train_images/train_images/9fa02dfb5553.png,No DR,T1_APTOS,/kaggle/input/datasets/mariaherrerot/aptos2019/train_images/train_images/1c7a013eeba7.png,No DR,2
T1_APTOS,/kaggle/input/datasets/mariaherrerot/aptos2019/train_images/train_images/a07d571bf7ba.png,No DR,T1_APTOS,/kaggle/input/datasets/mariaherrerot/aptos2019/test_images/test_images/f8d62557ad0c.png,No DR,4
T1_APTOS,/kaggle/input/datasets/mariaherrerot/aptos2019/train_images/train_images/a0b7ad98df57.png,No DR,T1_APTOS,/kaggle/input/datasets/mariaherrerot/aptos2019/train_images/train_images/958c1fa044ba.png,No DR,4
T1_APTOS,/kaggle/input/datasets/mariaherrerot/aptos2019/train_images/train_images/a0d04a19cf40.png,Moderate DR,T1_APTOS,/kaggle/input/datasets/mariaherrerot/aptos2019/train_images/train_images/8421107255ae.png,Moderate DR,4
T1_APTOS,/kaggle/input/datasets/mariaherrerot/aptos2019/train_images/train_images/a0e635689259.png,No DR,T1_APTOS,/kaggle/input/datasets/mariaherrerot/aptos2019/train_images/train_images/26d9576e8043.png,No DR,4
T1_APTOS,/kaggle/input/datasets/mariaherrerot/aptos2019/train_images/train_images/a15470303941.png,Moderate DR,T1_APTOS,/kaggle/input/datasets/mariaherrerot/aptos2019/train_images/train_images/2f284b6a1940.png,Proliferative DR,2
T1_APTOS,/kaggle/input/datasets/mariaherrerot/aptos2019/train_images/train_images/a15652b22ab8.png,Moderate DR,T1_APTOS,/kaggle/input/datasets/mariaherrerot/aptos2019/train_images/train_images/9b32e8ef0ca0.png,Moderate DR,0
T1_APTOS,/kaggle/input/datasets/mariaherrerot/aptos2019/train_images/train_images/a1872f9c0cba.png,No DR,T1_APTOS,/kaggle/input/datasets/mariaherrerot/aptos2019/train_images/train_images/9e99ae6ee7af.png,No DR,4
T1_APTOS,/kaggle/input/datasets/mariaherrerot/aptos2019/train_images/train_images/a19507501b40.png,Moderate DR,T1_APTOS,/kaggle/input/datasets/mariaherrerot/aptos2019/train_images/train_images/3a1d3ce00f0c.png,Moderate DR,0
T1_APTOS,/kaggle/input/datasets/mariaherrerot/aptos2019/train_images/train_images/a1b12fdce6c3.png,Moderate DR,T1_APTOS,/kaggle/input/datasets/mariaherrerot/aptos2019/train_images/train_images/5e7db41b3bee.png,Proliferative DR,0
T1_APTOS,/kaggle/input/datasets/mariaherrerot/aptos2019/train_images/train_images/a1b28bcbce00.png,No DR,T1_APTOS,/kaggle/input/datasets/mariaherrerot/aptos2019/test_images/test_images/e632e38fd2d4.png,No DR,4
T1_APTOS,/kaggle/input/datasets/mariaherrerot/aptos2019/train_images/train_images/a1e236fbc863.png,No DR,T1_APTOS,/kaggle/input/datasets/mariaherrerot/aptos2019/test_images/test_images/e5de79795c1d.png,No DR,4
T1_APTOS,/kaggle/input/datasets/mariaherrerot/aptos2019/train_images/train_images/a2811f512c1c.png,No DR,T1_APTOS,/kaggle/input/datasets/mariaherrerot/aptos2019/train_images/train_images/5e5275ddee29.png,No DR,4
T1_APTOS,/kaggle/input/datasets/mariaherrerot/aptos2019/train_images/train_images/a2ad3da4c7d6.png,Moderate DR,T1_APTOS,/kaggle/input/datasets/mariaherrerot/aptos2019/test_images/test_images/ed2c06fcc573.png,Moderate DR,4
T1_APTOS,/kaggle/input/datasets/mariaherrerot/aptos2019/train_images/train_images/a2b97d98f130.png,No DR,T1_APTOS,/kaggle/input/datasets/mariaherrerot/aptos2019/train_images/train_images/345b1f0abbba.png,No DR,2
T1_APTOS,/kaggle/input/datasets/mariaherrerot/aptos2019/train_images/train_images/a2b995b81692.png,No DR,T1_APTOS,/kaggle/input/datasets/mariaherrerot/aptos2019/train_images/train_images/6324d77cf926.png,No DR,4
T1_APTOS,/kaggle/input/datasets/mariaherrerot/aptos2019/train_images/train_images/a2ddabee14e9.png,Proliferative DR,T1_APTOS,/kaggle/input/datasets/mariaherrerot/aptos2019/train_images/train_images/232549883508.png,Moderate DR,4
T1_APTOS,/kaggle/input/datasets/mariaherrerot/aptos2019/train_images/train_images/a3b2e93d058b.png,Moderate DR,T1_APTOS,/kaggle/input/datasets/mariaherrerot/aptos2019/train_images/train_images/3fd7df6099e3.png,Moderate DR,0
T1_APTOS,/kaggle/input/datasets/mariaherrerot/aptos2019/train_images/train_images/a3fcf42ff56d.png,Proliferative DR,T1_APTOS,/kaggle/input/datasets/mariaherrerot/aptos2019/train_images/train_images/4e82c3c8d31f.png,Mild DR,4
T1_APTOS,/kaggle/input/datasets/mariaherrerot/aptos2019/train_images/train_images/a4012932e18d.png,No DR,T1_APTOS,/kaggle/input/datasets/mariaherrerot/aptos2019/train_images/train_images/906d02fb822d.png,No DR,0
T1_APTOS,/kaggle/input/datasets/mariaherrerot/aptos2019/train_images/train_images/a44345b27804.png,No DR,T1_APTOS,/kaggle/input/datasets/mariaherrerot/aptos2019/train_images/train_images/83a63c4a3e4a.png,No DR,4
T1_APTOS,/kaggle/input/datasets/mariaherrerot/aptos2019/train_images/train_images/a47432cd41e7.png,Mild DR,T1_APTOS,/kaggle/input/datasets/mariaherrerot/aptos2019/train_images/train_images/1e8a1fdee5b9.png,Mild DR,0
T1_APTOS,/kaggle/input/datasets/mariaherrerot/aptos2019/train_images/train_images/a4d41c495666.png,Moderate DR,T1_APTOS,/kaggle/input/datasets/mariaherrerot/aptos2019/train_images/train_images/5327f88a1919.png,Moderate DR,4
T1_APTOS,/kaggle/input/datasets/mariaherrerot/aptos2019/train_images/train_images/a53d6d2472a6.png,No DR,T1_APTOS,/kaggle/input/datasets/mariaherrerot/aptos2019/train_images/train_images/201f6e10c108.png,No DR,4
T1_APTOS,/kaggle/input/datasets/mariaherrerot/aptos2019/train_images/train_images/a56230242a95.png,Moderate DR,T1_APTOS,/kaggle/input/datasets/mariaherrerot/aptos2019/train_images/train_images/1c6d119c3d70.png,Moderate DR,0
T1_APTOS,/kaggle/input/datasets/mariaherrerot/aptos2019/train_images/train_images/a5c9a8c726b2.png,Proliferative DR,T1_APTOS,/kaggle/input/datasets/mariaherrerot/aptos2019/train_images/train_images/3325b1fe55d2.png,No DR,4
T1_APTOS,/kaggle/input/datasets/mariaherrerot/aptos2019/train_images/train_images/a61723fc38c2.png,No DR,T1_APTOS,/kaggle/input/datasets/mariaherrerot/aptos2019/train_images/train_images/946545473380.png,No DR,4
T1_APTOS,/kaggle/input/datasets/mariaherrerot/aptos2019/train_images/train_images/a627eb8c08c5.png,No DR,T1_APTOS,/kaggle/input/datasets/mariaherrerot/aptos2019/train_images/train_images/49eb73968c44.png,No DR,4
T1_APTOS,/kaggle/input/datasets/mariaherrerot/aptos2019/train_images/train_images/a646c084928c.png,No DR,T1_APTOS,/kaggle/input/datasets/mariaherrerot/aptos2019/train_images/train_images/68ddb15a74de.png,No DR,4
T1_APTOS,/kaggle/input/datasets/mariaherrerot/aptos2019/train_images/train_images/a73d012c4c38.png,No DR,T1_APTOS,/kaggle/input/datasets/mariaherrerot/aptos2019/train_images/train_images/a30a143a53a3.png,No DR,4
T1_APTOS,/kaggle/input/datasets/mariaherrerot/aptos2019/train_images/train_images/a76132e79688.png,No DR,T1_APTOS,/kaggle/input/datasets/mariaherrerot/aptos2019/train_images/train_images/1b862fb6f65d.png,No DR,4
T1_APTOS,/kaggle/input/datasets/mariaherrerot/aptos2019/train_images/train_images/a7b03e58a6e1.png,No DR,T1_APTOS,/kaggle/input/datasets/mariaherrerot/aptos2019/train_images/train_images/7bc00e58d419.png,No DR,4
T1_APTOS,/kaggle/input/datasets/mariaherrerot/aptos2019/train_images/train_images/a7b0d0c51731.png,Moderate DR,T1_APTOS,/kaggle/input/datasets/mariaherrerot/aptos2019/train_images/train_images/1cb814ed6332.png,Moderate DR,0
T1_APTOS,/kaggle/input/datasets/mariaherrerot/aptos2019/train_images/train_images/a7c10ca6c117.png,No DR,T1_APTOS,/kaggle/input/datasets/mariaherrerot/aptos2019/test_images/test_images/ed2c52c14493.png,No DR,4
T1_APTOS,/kaggle/input/datasets/mariaherrerot/aptos2019/train_images/train_images/a821b6ecef33.png,No DR,T1_APTOS,/kaggle/input/datasets/mariaherrerot/aptos2019/train_images/train_images/80ed04a84a16.png,No DR,4
T1_APTOS,/kaggle/input/datasets/mariaherrerot/aptos2019/train_images/train_images/a8263d248523.png,No DR,T1_APTOS,/kaggle/input/datasets/mariaherrerot/aptos2019/train_images/train_images/351e842842a2.png,No DR,4
T1_APTOS,/kaggle/input/datasets/mariaherrerot/aptos2019/train_images/train_images/a8582e346df0.png,Mild DR,T1_APTOS,/kaggle/input/datasets/mariaherrerot/aptos2019/train_images/train_images/7a3ea1779b13.png,Mild DR,0
T1_APTOS,/kaggle/input/datasets/mariaherrerot/aptos2019/train_images/train_images/a85cda5f725d.png,No DR,T1_APTOS,/kaggle/input/datasets/mariaherrerot/aptos2019/train_images/train_images/1c7a013eeba7.png,No DR,2
T1_APTOS,/kaggle/input/datasets/mariaherrerot/aptos2019/train_images/train_images/a86128b601a7.png,No DR,T1_APTOS,/kaggle/input/datasets/mariaherrerot/aptos2019/train_images/train_images/68987fb159ab.png,No DR,4
T1_APTOS,/kaggle/input/datasets/mariaherrerot/aptos2019/train_images/train_images/a8854768549f.png,No DR,T1_APTOS,/kaggle/input/datasets/mariaherrerot/aptos2019/train_images/train_images/a12ca80bb8c7.png,No DR,4
T1_APTOS,/kaggle/input/datasets/mariaherrerot/aptos2019/train_images/train_images/a8b3c0961d42.png,No DR,T1_APTOS,/kaggle/input/datasets/mariaherrerot/aptos2019/train_images/train_images/5b804948e35f.png,Mild DR,2
T1_APTOS,/kaggle/input/datasets/mariaherrerot/aptos2019/train_images/train_images/a8c54e2a4b79.png,Mild DR,T1_APTOS,/kaggle/input/datasets/mariaherrerot/aptos2019/train_images/train_images/300305ce82d2.png,Moderate DR,2
T1_APTOS,/kaggle/input/datasets/mariaherrerot/aptos2019/train_images/train_images/a8c9fcdbc0be.png,No DR,T1_APTOS,/kaggle/input/datasets/mariaherrerot/aptos2019/train_images/train_images/5327f88a1919.png,Moderate DR,4
T1_APTOS,/kaggle/input/datasets/mariaherrerot/aptos2019/train_images/train_images/a8dea22ef903.png,No DR,T1_APTOS,/kaggle/input/datasets/mariaherrerot/aptos2019/train_images/train_images/902dc5a91a3f.png,No DR,4
T1_APTOS,/kaggle/input/datasets/mariaherrerot/aptos2019/train_images/train_images/a8e88d4891c4.png,Severe DR,T1_APTOS,/kaggle/input/datasets/mariaherrerot/aptos2019/train_images/train_images/2f7789c1e046.png,Proliferative DR,0
T1_APTOS,/kaggle/input/datasets/mariaherrerot/aptos2019/train_images/train_images/a93f1ea3ff4a.png,Moderate DR,T1_APTOS,/kaggle/input/datasets/mariaherrerot/aptos2019/train_images/train_images/5188a8afa879.png,Moderate DR,4
T1_APTOS,/kaggle/input/datasets/mariaherrerot/aptos2019/train_images/train_images/a95858e052d6.png,Mild DR,T1_APTOS,/kaggle/input/datasets/mariaherrerot/aptos2019/test_images/test_images/f2094a20b275.png,Moderate DR,4
T1_APTOS,/kaggle/input/datasets/mariaherrerot/aptos2019/train_images/train_images/a963ac561580.png,No DR,T1_APTOS,/kaggle/input/datasets/mariaherrerot/aptos2019/test_images/test_images/ebd96d853918.png,No DR,4
T1_APTOS,/kaggle/input/datasets/mariaherrerot/aptos2019/train_images/train_images/a96ff96bbae5.png,No DR,T1_APTOS,/kaggle/input/datasets/mariaherrerot/aptos2019/train_images/train_images/8ead8f37423c.png,No DR,4
T1_APTOS,/kaggle/input/datasets/mariaherrerot/aptos2019/train_images/train_images/a987aa7aac37.png,No DR,T1_APTOS,/kaggle/input/datasets/mariaherrerot/aptos2019/train_images/train_images/356304d15a5c.png,No DR,2
T1_APTOS,/kaggle/input/datasets/mariaherrerot/aptos2019/train_images/train_images/a9b3177f01c0.png,No DR,T1_APTOS,/kaggle/input/datasets/mariaherrerot/aptos2019/train_images/train_images/8f06ca4642bd.png,No DR,2
T1_APTOS,/kaggle/input/datasets/mariaherrerot/aptos2019/train_images/train_images/a9e984b57556.png,Severe DR,T1_APTOS,/kaggle/input/datasets/mariaherrerot/aptos2019/train_images/train_images/5eb311bcb5f9.png,Moderate DR,0
T1_APTOS,/kaggle/input/datasets/mariaherrerot/aptos2019/train_images/train_images/aa31bc6b8f4d.png,Moderate DR,T1_APTOS,/kaggle/input/datasets/mariaherrerot/aptos2019/train_images/train_images/7c629b491d1a.png,Proliferative DR,4
T1_APTOS,/kaggle/input/datasets/mariaherrerot/aptos2019/train_images/train_images/aa4407aab872.png,No DR,T1_APTOS,/kaggle/input/datasets/mariaherrerot/aptos2019/train_images/train_images/2da82d14e1b7.png,No DR,4
T1_APTOS,/kaggle/input/datasets/mariaherrerot/aptos2019/train_images/train_images/aa60813e1a8d.png,No DR,T1_APTOS,/kaggle/input/datasets/mariaherrerot/aptos2019/train_images/train_images/3f49f8d100e9.png,Severe DR,4
T1_APTOS,/kaggle/input/datasets/mariaherrerot/aptos2019/train_images/train_images/aa6673241154.png,Proliferative DR,T1_APTOS,/kaggle/input/datasets/mariaherrerot/aptos2019/train_images/train_images/4aa07d720638.png,Mild DR,4
T1_APTOS,/kaggle/input/datasets/mariaherrerot/aptos2019/train_images/train_images/aa94cc4bfd84.png,No DR,T1_APTOS,/kaggle/input/datasets/mariaherrerot/aptos2019/train_images/train_images/3f5b4c2948e8.png,Moderate DR,4
T1_APTOS,/kaggle/input/datasets/mariaherrerot/aptos2019/train_images/train_images/aabd867043cf.png,No DR,T1_APTOS,/kaggle/input/datasets/mariaherrerot/aptos2019/test_images/test_images/f3b27ac2d371.png,No DR,4
T1_APTOS,/kaggle/input/datasets/mariaherrerot/aptos2019/train_images/train_images/aafb0c944f14.png,No DR,T1_APTOS,/kaggle/input/datasets/mariaherrerot/aptos2019/train_images/train_images/6e092caa065f.png,No DR,4
T1_APTOS,/kaggle/input/datasets/mariaherrerot/aptos2019/train_images/train_images/aafe980edd0c.png,No DR,T1_APTOS,/kaggle/input/datasets/mariaherrerot/aptos2019/test_images/test_images/f3b27ac2d371.png,No DR,4
T1_APTOS,/kaggle/input/datasets/mariaherrerot/aptos2019/train_images/train_images/ab3c505b624f.png,No DR,T1_APTOS,/kaggle/input/datasets/mariaherrerot/aptos2019/test_images/test_images/ef247f28004f.png,No DR,4
T1_APTOS,/kaggle/input/datasets/mariaherrerot/aptos2019/train_images/train_images/ab50123abadb.png,Moderate DR,T1_APTOS,/kaggle/input/datasets/mariaherrerot/aptos2019/train_images/train_images/80964d8e0863.png,Proliferative DR,0
T1_APTOS,/kaggle/input/datasets/mariaherrerot/aptos2019/train_images/train_images/ab653b8554c0.png,No DR,T1_APTOS,/kaggle/input/datasets/mariaherrerot/aptos2019/train_images/train_images/61c667663f2f.png,No DR,4
T1_APTOS,/kaggle/input/datasets/mariaherrerot/aptos2019/train_images/train_images/ab88081e5654.png,No DR,T1_APTOS,/kaggle/input/datasets/mariaherrerot/aptos2019/train_images/train_images/61a62b1dcc36.png,No DR,4
T1_APTOS,/kaggle/input/datasets/mariaherrerot/aptos2019/train_images/train_images/abf09c44d5f4.png,Moderate DR,T1_APTOS,/kaggle/input/datasets/mariaherrerot/aptos2019/train_images/train_images/a804cef3e51f.png,Moderate DR,4
T1_APTOS,/kaggle/input/datasets/mariaherrerot/aptos2019/train_images/train_images/ac0a48ccbf70.png,No DR,T1_APTOS,/kaggle/input/datasets/mariaherrerot/aptos2019/train_images/train_images/5b804948e35f.png,Mild DR,2
T1_APTOS,/kaggle/input/datasets/mariaherrerot/aptos2019/train_images/train_images/ac1667fac512.png,No DR,T1_APTOS,/kaggle/input/datasets/mariaherrerot/aptos2019/train_images/train_images/3c28fd846b43.png,No DR,4
T1_APTOS,/kaggle/input/datasets/mariaherrerot/aptos2019/train_images/train_images/ac2c814949f9.png,Moderate DR,T1_APTOS,/kaggle/input/datasets/mariaherrerot/aptos2019/test_images/test_images/e6a58edc5b42.png,Moderate DR,4
T1_APTOS,/kaggle/input/datasets/mariaherrerot/aptos2019/train_images/train_images/acf976efd7ce.png,No DR,T1_APTOS,/kaggle/input/datasets/mariaherrerot/aptos2019/train_images/train_images/2dd28ac497d2.png,No DR,4
T1_APTOS,/kaggle/input/datasets/mariaherrerot/aptos2019/train_images/train_images/ad312ca98202.png,No DR,T1_APTOS,/kaggle/input/datasets/mariaherrerot/aptos2019/test_images/test_images/e66ad813a508.png,No DR,4
T1_APTOS,/kaggle/input/datasets/mariaherrerot/aptos2019/train_images/train_images/ad6b07d5c338.png,No DR,T1_APTOS,/kaggle/input/datasets/mariaherrerot/aptos2019/train_images/train_images/1cb6961d141c.png,No DR,4
T1_APTOS,/kaggle/input/datasets/mariaherrerot/aptos2019/train_images/train_images/ad93d88c87ea.png,No DR,T1_APTOS,/kaggle/input/datasets/mariaherrerot/aptos2019/train_images/train_images/9d75de31f1b8.png,No DR,4
T1_APTOS,/kaggle/input/datasets/mariaherrerot/aptos2019/train_images/train_images/ae58ccb5905e.png,No DR,T1_APTOS,/kaggle/input/datasets/mariaherrerot/aptos2019/train_images/train_images/875d2ffcbf47.png,No DR,4
T1_APTOS,/kaggle/input/datasets/mariaherrerot/aptos2019/train_images/train_images/aed4e743c230.png,Moderate DR,T1_APTOS,/kaggle/input/datasets/mariaherrerot/aptos2019/train_images/train_images/61bbe8db6f3a.png,Mild DR,4
T1_APTOS,/kaggle/input/datasets/mariaherrerot/aptos2019/train_images/train_images/af6166d57f13.png,No DR,T1_APTOS,/kaggle/input/datasets/mariaherrerot/aptos2019/train_images/train_images/80ed04a84a16.png,No DR,4
T1_APTOS,/kaggle/input/datasets/mariaherrerot/aptos2019/train_images/train_images/af828dab3ffc.png,Moderate DR,T1_APTOS,/kaggle/input/datasets/mariaherrerot/aptos2019/train_images/train_images/247ac63e5510.png,Proliferative DR,4
T1_APTOS,/kaggle/input/datasets/mariaherrerot/aptos2019/train_images/train_images/af831c158744.png,Moderate DR,T1_APTOS,/kaggle/input/datasets/mariaherrerot/aptos2019/train_images/train_images/2cef97083e6f.png,Moderate DR,4
T1_APTOS,/kaggle/input/datasets/mariaherrerot/aptos2019/train_images/train_images/af87d48ffe01.png,No DR,T1_APTOS,/kaggle/input/datasets/mariaherrerot/aptos2019/test_images/test_images/f4874247ede6.png,No DR,4
T1_APTOS,/kaggle/input/datasets/mariaherrerot/aptos2019/train_images/train_images/b05922e7abd3.png,No DR,T1_APTOS,/kaggle/input/datasets/mariaherrerot/aptos2019/train_images/train_images/a0adbe677508.png,No DR,2
T1_APTOS,/kaggle/input/datasets/mariaherrerot/aptos2019/train_images/train_images/b07bc463b718.png,Mild DR,T1_APTOS,/kaggle/input/datasets/mariaherrerot/aptos2019/train_images/train_images/a3bd2e034614.png,No DR,4
T1_APTOS,/kaggle/input/datasets/mariaherrerot/aptos2019/train_images/train_images/b0d35981708b.png,Moderate DR,T1_APTOS,/kaggle/input/datasets/mariaherrerot/aptos2019/test_images/test_images/f2ee81781411.png,Moderate DR,2
T1_APTOS,/kaggle/input/datasets/mariaherrerot/aptos2019/train_images/train_images/b0f0fa677d5f.png,No DR,T1_APTOS,/kaggle/input/datasets/mariaherrerot/aptos2019/train_images/train_images/71e43b4f8ba6.png,No DR,4
T1_APTOS,/kaggle/input/datasets/mariaherrerot/aptos2019/train_images/train_images/b10fca20c885.png,No DR,T1_APTOS,/kaggle/input/datasets/mariaherrerot/aptos2019/train_images/train_images/5264a54e1830.png,No DR,4
T1_APTOS,/kaggle/input/datasets/mariaherrerot/aptos2019/train_images/train_images/b187b3c93afb.png,Moderate DR,T1_APTOS,/kaggle/input/datasets/mariaherrerot/aptos2019/train_images/train_images/9e3510963315.png,Proliferative DR,0
T1_APTOS,/kaggle/input/datasets/mariaherrerot/aptos2019/train_images/train_images/b294927b14b0.png,No DR,T1_APTOS,/kaggle/input/datasets/mariaherrerot/aptos2019/train_images/train_images/6e092caa065f.png,No DR,4
T1_APTOS,/kaggle/input/datasets/mariaherrerot/aptos2019/train_images/train_images/b2b79b37d314.png,No DR,T1_APTOS,/kaggle/input/datasets/mariaherrerot/aptos2019/train_images/train_images/2da82d14e1b7.png,No DR,4
T1_APTOS,/kaggle/input/datasets/mariaherrerot/aptos2019/train_images/train_images/b2b7ccd34cbd.png,No DR,T1_APTOS,/kaggle/input/datasets/mariaherrerot/aptos2019/train_images/train_images/8e76054f0831.png,No DR,4
T1_APTOS,/kaggle/input/datasets/mariaherrerot/aptos2019/train_images/train_images/b376def52ccc.png,Moderate DR,T1_APTOS,/kaggle/input/datasets/mariaherrerot/aptos2019/train_images/train_images/38487e1a5b1f.png,Moderate DR,0
T1_APTOS,/kaggle/input/datasets/mariaherrerot/aptos2019/train_images/train_images/b3c0c3330278.png,Moderate DR,T1_APTOS,/kaggle/input/datasets/mariaherrerot/aptos2019/train_images/train_images/1ae8c165fd53.png,Moderate DR,4
T1_APTOS,/kaggle/input/datasets/mariaherrerot/aptos2019/train_images/train_images/b460ca9fa26f.png,No DR,T1_APTOS,/kaggle/input/datasets/mariaherrerot/aptos2019/test_images/test_images/f4df3d86688d.png,No DR,4
T1_APTOS,/kaggle/input/datasets/mariaherrerot/aptos2019/train_images/train_images/b468ebf5cb11.png,Moderate DR,T1_APTOS,/kaggle/input/datasets/mariaherrerot/aptos2019/test_images/test_images/f2d2a0c92034.png,Proliferative DR,4
T1_APTOS,/kaggle/input/datasets/mariaherrerot/aptos2019/train_images/train_images/b49b2fac2514.png,Proliferative DR,T1_APTOS,/kaggle/input/datasets/mariaherrerot/aptos2019/train_images/train_images/5a11d21c2828.png,Moderate DR,4
T1_APTOS,/kaggle/input/datasets/mariaherrerot/aptos2019/train_images/train_images/b5204c0decc7.png,No DR,T1_APTOS,/kaggle/input/datasets/mariaherrerot/aptos2019/test_images/test_images/ea7e21bab610.png,No DR,4
T1_APTOS,/kaggle/input/datasets/mariaherrerot/aptos2019/train_images/train_images/b598bc9753c2.png,No DR,T1_APTOS,/kaggle/input/datasets/mariaherrerot/aptos2019/train_images/train_images/61c667663f2f.png,No DR,4
T1_APTOS,/kaggle/input/datasets/mariaherrerot/aptos2019/train_images/train_images/b5a3ca5c0a80.png,No DR,T1_APTOS,/kaggle/input/datasets/mariaherrerot/aptos2019/train_images/train_images/8bf2d925dc0c.png,No DR,4
T1_APTOS,/kaggle/input/datasets/mariaherrerot/aptos2019/train_images/train_images/b5b913358b32.png,No DR,T1_APTOS,/kaggle/input/datasets/mariaherrerot/aptos2019/train_images/train_images/8bf2d925dc0c.png,No DR,4
T1_APTOS,/kaggle/input/datasets/mariaherrerot/aptos2019/train_images/train_images/b5bf7b84fc66.png,No DR,T1_APTOS,/kaggle/input/datasets/mariaherrerot/aptos2019/train_images/train_images/32d7d360d891.png,No DR,4
T1_APTOS,/kaggle/input/datasets/mariaherrerot/aptos2019/train_images/train_images/b64e1eef3d63.png,No DR,T1_APTOS,/kaggle/input/datasets/mariaherrerot/aptos2019/train_images/train_images/1b3647865779.png,No DR,4
T1_APTOS,/kaggle/input/datasets/mariaherrerot/aptos2019/train_images/train_images/b65ff67743b2.png,Moderate DR,T1_APTOS,/kaggle/input/datasets/mariaherrerot/aptos2019/train_images/train_images/6810410187a0.png,Moderate DR,4
T1_APTOS,/kaggle/input/datasets/mariaherrerot/aptos2019/train_images/train_images/b67ae80f7eba.png,No DR,T1_APTOS,/kaggle/input/datasets/mariaherrerot/aptos2019/train_images/train_images/525d0dd8dc45.png,No DR,4
T1_APTOS,/kaggle/input/datasets/mariaherrerot/aptos2019/train_images/train_images/b72a86d61959.png,No DR,T1_APTOS,/kaggle/input/datasets/mariaherrerot/aptos2019/test_images/test_images/eed4afc8ec83.png,Mild DR,4
T1_APTOS,/kaggle/input/datasets/mariaherrerot/aptos2019/train_images/train_images/b72f59b85f7c.png,No DR,T1_APTOS,/kaggle/input/datasets/mariaherrerot/aptos2019/train_images/train_images/1f9ccda4ddf2.png,No DR,4
T1_APTOS,/kaggle/input/datasets/mariaherrerot/aptos2019/train_images/train_images/b7a1bb106051.png,No DR,T1_APTOS,/kaggle/input/datasets/mariaherrerot/aptos2019/train_images/train_images/6dc07f968794.png,No DR,4
T1_APTOS,/kaggle/input/datasets/mariaherrerot/aptos2019/train_images/train_images/b7ce561a7328.png,No DR,T1_APTOS,/kaggle/input/datasets/mariaherrerot/aptos2019/train_images/train_images/946545473380.png,No DR,4
T1_APTOS,/kaggle/input/datasets/mariaherrerot/aptos2019/train_images/train_images/b7e0f95353f2.png,Severe DR,T1_APTOS,/kaggle/input/datasets/mariaherrerot/aptos2019/train_images/train_images/a182b5b191de.png,Proliferative DR,4
T1_APTOS,/kaggle/input/datasets/mariaherrerot/aptos2019/train_images/train_images/b835b6e31a59.png,No DR,T1_APTOS,/kaggle/input/datasets/mariaherrerot/aptos2019/test_images/test_images/eda29a9d78f3.png,No DR,2
T1_APTOS,/kaggle/input/datasets/mariaherrerot/aptos2019/train_images/train_images/b842b43cb7fb.png,No DR,T1_APTOS,/kaggle/input/datasets/mariaherrerot/aptos2019/train_images/train_images/484dbeb9bf2a.png,No DR,4
T1_APTOS,/kaggle/input/datasets/mariaherrerot/aptos2019/train_images/train_images/b8ac328009e0.png,Moderate DR,T1_APTOS,/kaggle/input/datasets/mariaherrerot/aptos2019/test_images/test_images/ff0740cb484a.png,Moderate DR,0
T1_APTOS,/kaggle/input/datasets/mariaherrerot/aptos2019/train_images/train_images/b8dab47a260e.png,No DR,T1_APTOS,/kaggle/input/datasets/mariaherrerot/aptos2019/train_images/train_images/946545473380.png,No DR,2
T1_APTOS,/kaggle/input/datasets/mariaherrerot/aptos2019/train_images/train_images/b8ebedd382de.png,Mild DR,T1_APTOS,/kaggle/input/datasets/mariaherrerot/aptos2019/train_images/train_images/1e8a1fdee5b9.png,Mild DR,0
T1_APTOS,/kaggle/input/datasets/mariaherrerot/aptos2019/train_images/train_images/b90bc89ce8d8.png,Proliferative DR,T1_APTOS,/kaggle/input/datasets/mariaherrerot/aptos2019/train_images/train_images/3e86335bc2fd.png,Moderate DR,4
T1_APTOS,/kaggle/input/datasets/mariaherrerot/aptos2019/train_images/train_images/b91ef82e723a.png,Moderate DR,T1_APTOS,/kaggle/input/datasets/mariaherrerot/aptos2019/train_images/train_images/2df07eb5779f.png,Proliferative DR,0
T1_APTOS,/kaggle/input/datasets/mariaherrerot/aptos2019/train_images/train_images/b927a9238434.png,Moderate DR,T1_APTOS,/kaggle/input/datasets/mariaherrerot/aptos2019/train_images/train_images/1ae8c165fd53.png,Moderate DR,4
T1_APTOS,/kaggle/input/datasets/mariaherrerot/aptos2019/train_images/train_images/b92eacd1392a.png,No DR,T1_APTOS,/kaggle/input/datasets/mariaherrerot/aptos2019/train_images/train_images/5995321563b7.png,No DR,4
T1_APTOS,/kaggle/input/datasets/mariaherrerot/aptos2019/train_images/train_images/b96b518596b3.png,Proliferative DR,T1_APTOS,/kaggle/input/datasets/mariaherrerot/aptos2019/train_images/train_images/873fe0404d6e.png,Moderate DR,4
T1_APTOS,/kaggle/input/datasets/mariaherrerot/aptos2019/train_images/train_images/b99c825b93c5.png,Moderate DR,T1_APTOS,/kaggle/input/datasets/mariaherrerot/aptos2019/train_images/train_images/518e880613de.png,Proliferative DR,4
T1_APTOS,/kaggle/input/datasets/mariaherrerot/aptos2019/train_images/train_images/b9bc81fcb075.png,No DR,T1_APTOS,/kaggle/input/datasets/mariaherrerot/aptos2019/train_images/train_images/3bf2deaa5ef0.png,No DR,4
T1_APTOS,/kaggle/input/datasets/mariaherrerot/aptos2019/train_images/train_images/ba4d2c4b3039.png,Proliferative DR,T1_APTOS,/kaggle/input/datasets/mariaherrerot/aptos2019/test_images/test_images/ea1d045f9fea.png,Moderate DR,4
T1_APTOS,/kaggle/input/datasets/mariaherrerot/aptos2019/train_images/train_images/ba735b286d62.png,Proliferative DR,T1_APTOS,/kaggle/input/datasets/mariaherrerot/aptos2019/test_images/test_images/ed3a0fc5b546.png,Proliferative DR,0
T1_APTOS,/kaggle/input/datasets/mariaherrerot/aptos2019/train_images/train_images/bac1744955c2.png,No DR,T1_APTOS,/kaggle/input/datasets/mariaherrerot/aptos2019/test_images/test_images/e7291472109b.png,No DR,4
T1_APTOS,/kaggle/input/datasets/mariaherrerot/aptos2019/train_images/train_images/badb5ff8d3c7.png,No DR,T1_APTOS,/kaggle/input/datasets/mariaherrerot/aptos2019/train_images/train_images/2923971566fe.png,No DR,0
T1_APTOS,/kaggle/input/datasets/mariaherrerot/aptos2019/train_images/train_images/bb2f89488ecd.png,No DR,T1_APTOS,/kaggle/input/datasets/mariaherrerot/aptos2019/test_images/test_images/ebd96d853918.png,No DR,4
T1_APTOS,/kaggle/input/datasets/mariaherrerot/aptos2019/train_images/train_images/bb5083fae98f.png,Severe DR,T1_APTOS,/kaggle/input/datasets/mariaherrerot/aptos2019/train_images/train_images/2f284b6a1940.png,Proliferative DR,0
T1_APTOS,/kaggle/input/datasets/mariaherrerot/aptos2019/train_images/train_images/bb733062f494.png,Moderate DR,T1_APTOS,/kaggle/input/datasets/mariaherrerot/aptos2019/train_images/train_images/99e8bf998285.png,Moderate DR,4
T1_APTOS,/kaggle/input/datasets/mariaherrerot/aptos2019/train_images/train_images/bb752b179751.png,No DR,T1_APTOS,/kaggle/input/datasets/mariaherrerot/aptos2019/train_images/train_images/80c67efc8101.png,No DR,4
T1_APTOS,/kaggle/input/datasets/mariaherrerot/aptos2019/train_images/train_images/bb7e0a2544cd.png,Severe DR,T1_APTOS,/kaggle/input/datasets/mariaherrerot/aptos2019/test_images/test_images/e76a9cbb2a8c.png,Severe DR,0
T1_APTOS,/kaggle/input/datasets/mariaherrerot/aptos2019/train_images/train_images/bb85097857fa.png,No DR,T1_APTOS,/kaggle/input/datasets/mariaherrerot/aptos2019/train_images/train_images/750e0168399d.png,No DR,4
T1_APTOS,/kaggle/input/datasets/mariaherrerot/aptos2019/train_images/train_images/bc23f74e14dd.png,Moderate DR,T1_APTOS,/kaggle/input/datasets/mariaherrerot/aptos2019/test_images/test_images/e632e38fd2d4.png,No DR,4
T1_APTOS,/kaggle/input/datasets/mariaherrerot/aptos2019/train_images/train_images/bcdc8db5423b.png,Moderate DR,T1_APTOS,/kaggle/input/datasets/mariaherrerot/aptos2019/test_images/test_images/f920ccd926db.png,Moderate DR,0
T1_APTOS,/kaggle/input/datasets/mariaherrerot/aptos2019/train_images/train_images/bd06028eb7dd.png,No DR,T1_APTOS,/kaggle/input/datasets/mariaherrerot/aptos2019/test_images/test_images/f4d3169b468a.png,No DR,4
T1_APTOS,/kaggle/input/datasets/mariaherrerot/aptos2019/train_images/train_images/bd34a0639575.png,No DR,T1_APTOS,/kaggle/input/datasets/mariaherrerot/aptos2019/test_images/test_images/ec6f1797a25a.png,No DR,2
T1_APTOS,/kaggle/input/datasets/mariaherrerot/aptos2019/train_images/train_images/bd375ba756b1.png,No DR,T1_APTOS,/kaggle/input/datasets/mariaherrerot/aptos2019/train_images/train_images/81704925f759.png,No DR,4
T1_APTOS,/kaggle/input/datasets/mariaherrerot/aptos2019/train_images/train_images/bd5013540a13.png,Proliferative DR,T1_APTOS,/kaggle/input/datasets/mariaherrerot/aptos2019/train_images/train_images/22895c89792f.png,Proliferative DR,0
T1_APTOS,/kaggle/input/datasets/mariaherrerot/aptos2019/train_images/train_images/bd9904495ccd.png,Proliferative DR,T1_APTOS,/kaggle/input/datasets/mariaherrerot/aptos2019/test_images/test_images/f025f33b2c9b.png,Proliferative DR,4
T1_APTOS,/kaggle/input/datasets/mariaherrerot/aptos2019/train_images/train_images/bdf47b9f10c4.png,No DR,T1_APTOS,/kaggle/input/datasets/mariaherrerot/aptos2019/train_images/train_images/61c667663f2f.png,No DR,4
T1_APTOS,/kaggle/input/datasets/mariaherrerot/aptos2019/train_images/train_images/bdff5d8bddf8.png,Proliferative DR,T1_APTOS,/kaggle/input/datasets/mariaherrerot/aptos2019/train_images/train_images/1ae8c165fd53.png,Moderate DR,4
T1_APTOS,/kaggle/input/datasets/mariaherrerot/aptos2019/train_images/train_images/be161517d3ac.png,Moderate DR,T1_APTOS,/kaggle/input/datasets/mariaherrerot/aptos2019/train_images/train_images/9b418ce42c13.png,Moderate DR,0
T1_APTOS,/kaggle/input/datasets/mariaherrerot/aptos2019/train_images/train_images/bf7b4eae7ad0.png,No DR,T1_APTOS,/kaggle/input/datasets/mariaherrerot/aptos2019/train_images/train_images/496155f71d0a.png,No DR,2
T1_APTOS,/kaggle/input/datasets/mariaherrerot/aptos2019/train_images/train_images/bf9cba745efc.png,Moderate DR,T1_APTOS,/kaggle/input/datasets/mariaherrerot/aptos2019/train_images/train_images/7b87b0015282.png,No DR,4
T1_APTOS,/kaggle/input/datasets/mariaherrerot/aptos2019/train_images/train_images/bfa30ebf63a8.png,No DR,T1_APTOS,/kaggle/input/datasets/mariaherrerot/aptos2019/train_images/train_images/6324d77cf926.png,No DR,4
T1_APTOS,/kaggle/input/datasets/mariaherrerot/aptos2019/train_images/train_images/bfb578c0e8d8.png,No DR,T1_APTOS,/kaggle/input/datasets/mariaherrerot/aptos2019/train_images/train_images/351e842842a2.png,No DR,4
T1_APTOS,/kaggle/input/datasets/mariaherrerot/aptos2019/train_images/train_images/bfefa7344e7d.png,Proliferative DR,T1_APTOS,/kaggle/input/datasets/mariaherrerot/aptos2019/train_images/train_images/8688f3d0fcaf.png,Severe DR,0
T1_APTOS,/kaggle/input/datasets/mariaherrerot/aptos2019/train_images/train_images/c027e5482e8c.png,Mild DR,T1_APTOS,/kaggle/input/datasets/mariaherrerot/aptos2019/train_images/train_images/7a3ea1779b13.png,Mild DR,0
T1_APTOS,/kaggle/input/datasets/mariaherrerot/aptos2019/train_images/train_images/c05b7b4c22fe.png,Moderate DR,T1_APTOS,/kaggle/input/datasets/mariaherrerot/aptos2019/train_images/train_images/aca88f566228.png,Moderate DR,0
T1_APTOS,/kaggle/input/datasets/mariaherrerot/aptos2019/train_images/train_images/c096131ad065.png,No DR,T1_APTOS,/kaggle/input/datasets/mariaherrerot/aptos2019/train_images/train_images/71e43b4f8ba6.png,No DR,4
T1_APTOS,/kaggle/input/datasets/mariaherrerot/aptos2019/train_images/train_images/c0a0828e01b4.png,Severe DR,T1_APTOS,/kaggle/input/datasets/mariaherrerot/aptos2019/test_images/test_images/e6a58edc5b42.png,Moderate DR,4
T1_APTOS,/kaggle/input/datasets/mariaherrerot/aptos2019/train_images/train_images/c0e509786f7f.png,Proliferative DR,T1_APTOS,/kaggle/input/datasets/mariaherrerot/aptos2019/train_images/train_images/aeed1f251ceb.png,Proliferative DR,0
T1_APTOS,/kaggle/input/datasets/mariaherrerot/aptos2019/train_images/train_images/c0f15fe3b4b7.png,Mild DR,T1_APTOS,/kaggle/input/datasets/mariaherrerot/aptos2019/train_images/train_images/1bf30c84bbad.png,Proliferative DR,4
T1_APTOS,/kaggle/input/datasets/mariaherrerot/aptos2019/train_images/train_images/c102db7634d8.png,Mild DR,T1_APTOS,/kaggle/input/datasets/mariaherrerot/aptos2019/train_images/train_images/873fe0404d6e.png,Moderate DR,4
T1_APTOS,/kaggle/input/datasets/mariaherrerot/aptos2019/train_images/train_images/c1819db0aece.png,No DR,T1_APTOS,/kaggle/input/datasets/mariaherrerot/aptos2019/train_images/train_images/545df1bbcd61.png,Mild DR,4
T1_APTOS,/kaggle/input/datasets/mariaherrerot/aptos2019/train_images/train_images/c1c8550508e0.png,Moderate DR,T1_APTOS,/kaggle/input/datasets/mariaherrerot/aptos2019/train_images/train_images/530d78467615.png,Moderate DR,0
T1_APTOS,/kaggle/input/datasets/mariaherrerot/aptos2019/train_images/train_images/c23ff6dcf15e.png,No DR,T1_APTOS,/kaggle/input/datasets/mariaherrerot/aptos2019/train_images/train_images/342edf9b889d.png,No DR,4
T1_APTOS,/kaggle/input/datasets/mariaherrerot/aptos2019/train_images/train_images/c24bcf7a1bc4.png,No DR,T1_APTOS,/kaggle/input/datasets/mariaherrerot/aptos2019/test_images/test_images/fb88783de055.png,No DR,4
T1_APTOS,/kaggle/input/datasets/mariaherrerot/aptos2019/train_images/train_images/c261b1aaa828.png,Moderate DR,T1_APTOS,/kaggle/input/datasets/mariaherrerot/aptos2019/train_images/train_images/613bacb35c05.png,Mild DR,4
T1_APTOS,/kaggle/input/datasets/mariaherrerot/aptos2019/train_images/train_images/c2d2b4f536da.png,Moderate DR,T1_APTOS,/kaggle/input/datasets/mariaherrerot/aptos2019/train_images/train_images/1ee1eb7943db.png,Moderate DR,0
T1_APTOS,/kaggle/input/datasets/mariaherrerot/aptos2019/train_images/train_images/c2f3281cf528.png,No DR,T1_APTOS,/kaggle/input/datasets/mariaherrerot/aptos2019/train_images/train_images/61c667663f2f.png,No DR,2
T1_APTOS,/kaggle/input/datasets/mariaherrerot/aptos2019/train_images/train_images/c31651ea04c6.png,Severe DR,T1_APTOS,/kaggle/input/datasets/mariaherrerot/aptos2019/train_images/train_images/1cc58b15f466.png,No DR,4
T1_APTOS,/kaggle/input/datasets/mariaherrerot/aptos2019/train_images/train_images/c334f8688b77.png,No DR,T1_APTOS,/kaggle/input/datasets/mariaherrerot/aptos2019/train_images/train_images/6324d77cf926.png,No DR,4
T1_APTOS,/kaggle/input/datasets/mariaherrerot/aptos2019/train_images/train_images/c373b73a80c8.png,No DR,T1_APTOS,/kaggle/input/datasets/mariaherrerot/aptos2019/test_images/test_images/ef247f28004f.png,No DR,4
T1_APTOS,/kaggle/input/datasets/mariaherrerot/aptos2019/train_images/train_images/c3e02d4a1798.png,Moderate DR,T1_APTOS,/kaggle/input/datasets/mariaherrerot/aptos2019/test_images/test_images/f2094a20b275.png,Moderate DR,4
T1_APTOS,/kaggle/input/datasets/mariaherrerot/aptos2019/train_images/train_images/c40976189f22.png,Mild DR,T1_APTOS,/kaggle/input/datasets/mariaherrerot/aptos2019/train_images/train_images/89b725411cee.png,Moderate DR,2
T1_APTOS,/kaggle/input/datasets/mariaherrerot/aptos2019/train_images/train_images/c4aef0d88d1b.png,No DR,T1_APTOS,/kaggle/input/datasets/mariaherrerot/aptos2019/train_images/train_images/b553e7909535.png,No DR,4
T1_APTOS,/kaggle/input/datasets/mariaherrerot/aptos2019/train_images/train_images/c52bb7343387.png,Moderate DR,T1_APTOS,/kaggle/input/datasets/mariaherrerot/aptos2019/train_images/train_images/2463bb04ebc3.png,Moderate DR,4
T1_APTOS,/kaggle/input/datasets/mariaherrerot/aptos2019/train_images/train_images/c546670d9684.png,No DR,T1_APTOS,/kaggle/input/datasets/mariaherrerot/aptos2019/train_images/train_images/30cab14951ac.png,Mild DR,0
T1_APTOS,/kaggle/input/datasets/mariaherrerot/aptos2019/train_images/train_images/c56293f53191.png,No DR,T1_APTOS,/kaggle/input/datasets/mariaherrerot/aptos2019/train_images/train_images/a07d9a5045cb.png,No DR,4
T1_APTOS,/kaggle/input/datasets/mariaherrerot/aptos2019/train_images/train_images/c5a0e84e955d.png,No DR,T1_APTOS,/kaggle/input/datasets/mariaherrerot/aptos2019/train_images/train_images/c21eb81de9fc.png,No DR,4
T1_APTOS,/kaggle/input/datasets/mariaherrerot/aptos2019/train_images/train_images/c5b58cc992af.png,No DR,T1_APTOS,/kaggle/input/datasets/mariaherrerot/aptos2019/train_images/train_images/80f6b30ece8c.png,No DR,4
T1_APTOS,/kaggle/input/datasets/mariaherrerot/aptos2019/train_images/train_images/c5bec7f1e5f3.png,No DR,T1_APTOS,/kaggle/input/datasets/mariaherrerot/aptos2019/train_images/train_images/4528fbbd43a3.png,No DR,4
T1_APTOS,/kaggle/input/datasets/mariaherrerot/aptos2019/train_images/train_images/c62585bd68fb.png,Proliferative DR,T1_APTOS,/kaggle/input/datasets/mariaherrerot/aptos2019/test_images/test_images/e9ab8413e771.png,Proliferative DR,4
T1_APTOS,/kaggle/input/datasets/mariaherrerot/aptos2019/train_images/train_images/c68dfa021d62.png,Moderate DR,T1_APTOS,/kaggle/input/datasets/mariaherrerot/aptos2019/train_images/train_images/a804cef3e51f.png,Moderate DR,4
T1_APTOS,/kaggle/input/datasets/mariaherrerot/aptos2019/train_images/train_images/c6a8f8f998a2.png,No DR,T1_APTOS,/kaggle/input/datasets/mariaherrerot/aptos2019/train_images/train_images/496155f71d0a.png,No DR,2
T1_APTOS,/kaggle/input/datasets/mariaherrerot/aptos2019/train_images/train_images/c6c2bad91f23.png,Moderate DR,T1_APTOS,/kaggle/input/datasets/mariaherrerot/aptos2019/test_images/test_images/f2d2a0c92034.png,Proliferative DR,4
T1_APTOS,/kaggle/input/datasets/mariaherrerot/aptos2019/train_images/train_images/c704bd669f36.png,No DR,T1_APTOS,/kaggle/input/datasets/mariaherrerot/aptos2019/train_images/train_images/35df2bc6ae95.png,No DR,4
T1_APTOS,/kaggle/input/datasets/mariaherrerot/aptos2019/train_images/train_images/c80f79579fed.png,Moderate DR,T1_APTOS,/kaggle/input/datasets/mariaherrerot/aptos2019/train_images/train_images/300305ce82d2.png,Moderate DR,4
T1_APTOS,/kaggle/input/datasets/mariaherrerot/aptos2019/train_images/train_images/c87493ed320c.png,Moderate DR,T1_APTOS,/kaggle/input/datasets/mariaherrerot/aptos2019/test_images/test_images/f2ee81781411.png,Moderate DR,4
T1_APTOS,/kaggle/input/datasets/mariaherrerot/aptos2019/train_images/train_images/c8fc0df22999.png,Mild DR,T1_APTOS,/kaggle/input/datasets/mariaherrerot/aptos2019/train_images/train_images/64678182d8a8.png,Mild DR,4
T1_APTOS,/kaggle/input/datasets/mariaherrerot/aptos2019/train_images/train_images/c90c6b94cf40.png,No DR,T1_APTOS,/kaggle/input/datasets/mariaherrerot/aptos2019/train_images/train_images/484dbeb9bf2a.png,No DR,4
T1_APTOS,/kaggle/input/datasets/mariaherrerot/aptos2019/train_images/train_images/c98f623d08d1.png,No DR,T1_APTOS,/kaggle/input/datasets/mariaherrerot/aptos2019/train_images/train_images/2b4c7b5f1f1e.png,No DR,2
T1_APTOS,/kaggle/input/datasets/mariaherrerot/aptos2019/train_images/train_images/c9f0dc2c8b43.png,Moderate DR,T1_APTOS,/kaggle/input/datasets/mariaherrerot/aptos2019/train_images/train_images/9c5dd3612f0c.png,Moderate DR,0
T1_APTOS,/kaggle/input/datasets/mariaherrerot/aptos2019/train_images/train_images/ca0f1a17c8e5.png,Moderate DR,T1_APTOS,/kaggle/input/datasets/mariaherrerot/aptos2019/test_images/test_images/ea05c22d92e9.png,Moderate DR,0
T1_APTOS,/kaggle/input/datasets/mariaherrerot/aptos2019/train_images/train_images/ca25745942b0.png,Mild DR,T1_APTOS,/kaggle/input/datasets/mariaherrerot/aptos2019/train_images/train_images/76e589911303.png,Mild DR,4
T1_APTOS,/kaggle/input/datasets/mariaherrerot/aptos2019/train_images/train_images/ca63fe4f4b52.png,Mild DR,T1_APTOS,/kaggle/input/datasets/mariaherrerot/aptos2019/test_images/test_images/f80118bbda18.png,Moderate DR,4
T1_APTOS,/kaggle/input/datasets/mariaherrerot/aptos2019/train_images/train_images/ca6842bfcbc9.png,Mild DR,T1_APTOS,/kaggle/input/datasets/mariaherrerot/aptos2019/train_images/train_images/7a3ea1779b13.png,Mild DR,0
T1_APTOS,/kaggle/input/datasets/mariaherrerot/aptos2019/train_images/train_images/ca891d37a43c.png,Moderate DR,T1_APTOS,/kaggle/input/datasets/mariaherrerot/aptos2019/train_images/train_images/1ec95179cdfe.png,No DR,4
T1_APTOS,/kaggle/input/datasets/mariaherrerot/aptos2019/train_images/train_images/ca9c912ebad7.png,Moderate DR,T1_APTOS,/kaggle/input/datasets/mariaherrerot/aptos2019/train_images/train_images/2bb063318cf1.png,Severe DR,4
T1_APTOS,/kaggle/input/datasets/mariaherrerot/aptos2019/train_images/train_images/caec68f11c86.png,Moderate DR,T1_APTOS,/kaggle/input/datasets/mariaherrerot/aptos2019/test_images/test_images/f4df3d86688d.png,No DR,4
T1_APTOS,/kaggle/input/datasets/mariaherrerot/aptos2019/train_images/train_images/cb2f3c5d71a7.png,Mild DR,T1_APTOS,/kaggle/input/datasets/mariaherrerot/aptos2019/train_images/train_images/842d697884f6.png,Moderate DR,4
T1_APTOS,/kaggle/input/datasets/mariaherrerot/aptos2019/train_images/train_images/cc12453ea915.png,Mild DR,T1_APTOS,/kaggle/input/datasets/mariaherrerot/aptos2019/train_images/train_images/65e51e18242b.png,Mild DR,0
T1_APTOS,/kaggle/input/datasets/mariaherrerot/aptos2019/train_images/train_images/cc964bf04dbc.png,No DR,T1_APTOS,/kaggle/input/datasets/mariaherrerot/aptos2019/test_images/test_images/ebf4b22240f4.png,No DR,2
T1_APTOS,/kaggle/input/datasets/mariaherrerot/aptos2019/train_images/train_images/ccd34029493d.png,Moderate DR,T1_APTOS,/kaggle/input/datasets/mariaherrerot/aptos2019/train_images/train_images/1e4650743fa2.png,Moderate DR,4
T1_APTOS,/kaggle/input/datasets/mariaherrerot/aptos2019/train_images/train_images/cd29c88c9e36.png,Moderate DR,T1_APTOS,/kaggle/input/datasets/mariaherrerot/aptos2019/train_images/train_images/48afe8c47454.png,Moderate DR,4
T1_APTOS,/kaggle/input/datasets/mariaherrerot/aptos2019/train_images/train_images/cd3fd04d72f5.png,Moderate DR,T1_APTOS,/kaggle/input/datasets/mariaherrerot/aptos2019/train_images/train_images/5d3c8c1f57da.png,No DR,2
T1_APTOS,/kaggle/input/datasets/mariaherrerot/aptos2019/train_images/train_images/cd4e7f9fa1a9.png,Moderate DR,T1_APTOS,/kaggle/input/datasets/mariaherrerot/aptos2019/train_images/train_images/9f1efb799b7b.png,Moderate DR,0
T1_APTOS,/kaggle/input/datasets/mariaherrerot/aptos2019/train_images/train_images/cd54d022e37d.png,Proliferative DR,T1_APTOS,/kaggle/input/datasets/mariaherrerot/aptos2019/test_images/test_images/e724866f5084.png,Moderate DR,4
T1_APTOS,/kaggle/input/datasets/mariaherrerot/aptos2019/train_images/train_images/cd66754e1b3b.png,No DR,T1_APTOS,/kaggle/input/datasets/mariaherrerot/aptos2019/train_images/train_images/540e4973829e.png,No DR,4
T1_APTOS,/kaggle/input/datasets/mariaherrerot/aptos2019/train_images/train_images/cd941e5bc659.png,No DR,T1_APTOS,/kaggle/input/datasets/mariaherrerot/aptos2019/train_images/train_images/7b87b0015282.png,No DR,4
T1_APTOS,/kaggle/input/datasets/mariaherrerot/aptos2019/train_images/train_images/ce887b196c23.png,Moderate DR,T1_APTOS,/kaggle/input/datasets/mariaherrerot/aptos2019/test_images/test_images/e7a7187066ad.png,Moderate DR,0
T1_APTOS,/kaggle/input/datasets/mariaherrerot/aptos2019/train_images/train_images/cf8ae5501bd6.png,No DR,T1_APTOS,/kaggle/input/datasets/mariaherrerot/aptos2019/test_images/test_images/e9ce5bf645ab.png,No DR,4
T1_APTOS,/kaggle/input/datasets/mariaherrerot/aptos2019/train_images/train_images/cffc50047828.png,No DR,T1_APTOS,/kaggle/input/datasets/mariaherrerot/aptos2019/train_images/train_images/3d2ecffe0386.png,No DR,4
T1_APTOS,/kaggle/input/datasets/mariaherrerot/aptos2019/train_images/train_images/d0079cc188e9.png,Severe DR,T1_APTOS,/kaggle/input/datasets/mariaherrerot/aptos2019/train_images/train_images/3dbfbc11e105.png,Moderate DR,0
T1_APTOS,/kaggle/input/datasets/mariaherrerot/aptos2019/train_images/train_images/d035c2bd9104.png,Severe DR,T1_APTOS,/kaggle/input/datasets/mariaherrerot/aptos2019/train_images/train_images/cd93a472e5cd.png,Proliferative DR,0
T1_APTOS,/kaggle/input/datasets/mariaherrerot/aptos2019/train_images/train_images/d0926ed2c8e5.png,No DR,T1_APTOS,/kaggle/input/datasets/mariaherrerot/aptos2019/train_images/train_images/315c1a0d87fd.png,No DR,4
T1_APTOS,/kaggle/input/datasets/mariaherrerot/aptos2019/train_images/train_images/d144144a2f3f.png,Moderate DR,T1_APTOS,/kaggle/input/datasets/mariaherrerot/aptos2019/train_images/train_images/b06dabab4f09.png,Moderate DR,0
T1_APTOS,/kaggle/input/datasets/mariaherrerot/aptos2019/train_images/train_images/d16e59a2b33a.png,No DR,T1_APTOS,/kaggle/input/datasets/mariaherrerot/aptos2019/test_images/test_images/ec6f1797a25a.png,No DR,2
T1_APTOS,/kaggle/input/datasets/mariaherrerot/aptos2019/train_images/train_images/d1afdb8cf70d.png,No DR,T1_APTOS,/kaggle/input/datasets/mariaherrerot/aptos2019/train_images/train_images/5e5275ddee29.png,No DR,4
T1_APTOS,/kaggle/input/datasets/mariaherrerot/aptos2019/train_images/train_images/d1cad012a254.png,Mild DR,T1_APTOS,/kaggle/input/datasets/mariaherrerot/aptos2019/train_images/train_images/8fc09fecd22f.png,Mild DR,0
T1_APTOS,/kaggle/input/datasets/mariaherrerot/aptos2019/train_images/train_images/d1f7ea924a01.png,No DR,T1_APTOS,/kaggle/input/datasets/mariaherrerot/aptos2019/train_images/train_images/4c389d033cb0.png,No DR,4
T1_APTOS,/kaggle/input/datasets/mariaherrerot/aptos2019/train_images/train_images/d26bb2ed6e71.png,No DR,T1_APTOS,/kaggle/input/datasets/mariaherrerot/aptos2019/train_images/train_images/1db0393cdbc1.png,No DR,4
T1_APTOS,/kaggle/input/datasets/mariaherrerot/aptos2019/train_images/train_images/d28bd830c171.png,Moderate DR,T1_APTOS,/kaggle/input/datasets/mariaherrerot/aptos2019/test_images/test_images/f9ecf1795804.png,Moderate DR,0
T1_APTOS,/kaggle/input/datasets/mariaherrerot/aptos2019/train_images/train_images/d30d079e6f9a.png,No DR,T1_APTOS,/kaggle/input/datasets/mariaherrerot/aptos2019/train_images/train_images/365f8c01d994.png,Mild DR,4
T1_APTOS,/kaggle/input/datasets/mariaherrerot/aptos2019/train_images/train_images/d3be5346684b.png,Moderate DR,T1_APTOS,/kaggle/input/datasets/mariaherrerot/aptos2019/test_images/test_images/fb767cea406c.png,No DR,4
T1_APTOS,/kaggle/input/datasets/mariaherrerot/aptos2019/train_images/train_images/d436c06f0490.png,No DR,T1_APTOS,/kaggle/input/datasets/mariaherrerot/aptos2019/train_images/train_images/93802d1e3c41.png,No DR,4
T1_APTOS,/kaggle/input/datasets/mariaherrerot/aptos2019/train_images/train_images/d48178e4a49b.png,Proliferative DR,T1_APTOS,/kaggle/input/datasets/mariaherrerot/aptos2019/test_images/test_images/f762c272c522.png,Mild DR,4
T1_APTOS,/kaggle/input/datasets/mariaherrerot/aptos2019/train_images/train_images/d4bc001f7224.png,No DR,T1_APTOS,/kaggle/input/datasets/mariaherrerot/aptos2019/train_images/train_images/260a455692b5.png,No DR,4
T1_APTOS,/kaggle/input/datasets/mariaherrerot/aptos2019/train_images/train_images/d516f77d4516.png,No DR,T1_APTOS,/kaggle/input/datasets/mariaherrerot/aptos2019/train_images/train_images/58eb3809f456.png,No DR,4
T1_APTOS,/kaggle/input/datasets/mariaherrerot/aptos2019/train_images/train_images/d51c2153d151.png,No DR,T1_APTOS,/kaggle/input/datasets/mariaherrerot/aptos2019/train_images/train_images/7b691d9ced34.png,No DR,0
T1_APTOS,/kaggle/input/datasets/mariaherrerot/aptos2019/train_images/train_images/d51e5d7484ea.png,No DR,T1_APTOS,/kaggle/input/datasets/mariaherrerot/aptos2019/test_images/test_images/eabf421f94d0.png,No DR,4
T1_APTOS,/kaggle/input/datasets/mariaherrerot/aptos2019/train_images/train_images/d5b4705ac2ee.png,Mild DR,T1_APTOS,/kaggle/input/datasets/mariaherrerot/aptos2019/train_images/train_images/c18a006f7f1d.png,No DR,4
T1_APTOS,/kaggle/input/datasets/mariaherrerot/aptos2019/train_images/train_images/d6130f2ec903.png,No DR,T1_APTOS,/kaggle/input/datasets/mariaherrerot/aptos2019/train_images/train_images/84b88e8d3bca.png,No DR,4
T1_APTOS,/kaggle/input/datasets/mariaherrerot/aptos2019/train_images/train_images/d6228d951958.png,Moderate DR,T1_APTOS,/kaggle/input/datasets/mariaherrerot/aptos2019/train_images/train_images/2735be026d44.png,Moderate DR,4
T1_APTOS,/kaggle/input/datasets/mariaherrerot/aptos2019/train_images/train_images/d6283ded6aea.png,Moderate DR,T1_APTOS,/kaggle/input/datasets/mariaherrerot/aptos2019/test_images/test_images/eba3acc42197.png,Mild DR,4
T1_APTOS,/kaggle/input/datasets/mariaherrerot/aptos2019/train_images/train_images/d667af5742f6.png,No DR,T1_APTOS,/kaggle/input/datasets/mariaherrerot/aptos2019/test_images/test_images/fdc685055659.png,No DR,4
T1_APTOS,/kaggle/input/datasets/mariaherrerot/aptos2019/train_images/train_images/d69698f838db.png,No DR,T1_APTOS,/kaggle/input/datasets/mariaherrerot/aptos2019/test_images/test_images/eda29a9d78f3.png,No DR,4
T1_APTOS,/kaggle/input/datasets/mariaherrerot/aptos2019/train_images/train_images/d6b109c82067.png,No DR,T1_APTOS,/kaggle/input/datasets/mariaherrerot/aptos2019/train_images/train_images/496155f71d0a.png,No DR,2
T1_APTOS,/kaggle/input/datasets/mariaherrerot/aptos2019/train_images/train_images/d6dbb0820ea5.png,No DR,T1_APTOS,/kaggle/input/datasets/mariaherrerot/aptos2019/train_images/train_images/650104ede84c.png,No DR,4
T1_APTOS,/kaggle/input/datasets/mariaherrerot/aptos2019/train_images/train_images/d6df4fe492ec.png,No DR,T1_APTOS,/kaggle/input/datasets/mariaherrerot/aptos2019/train_images/train_images/82088c6734e6.png,No DR,4
T1_APTOS,/kaggle/input/datasets/mariaherrerot/aptos2019/train_images/train_images/d6e26fe51dce.png,Mild DR,T1_APTOS,/kaggle/input/datasets/mariaherrerot/aptos2019/test_images/test_images/eba3acc42197.png,Mild DR,2
T1_APTOS,/kaggle/input/datasets/mariaherrerot/aptos2019/train_images/train_images/d6f6bdfd8011.png,No DR,T1_APTOS,/kaggle/input/datasets/mariaherrerot/aptos2019/train_images/train_images/35362d43e753.png,No DR,4
T1_APTOS,/kaggle/input/datasets/mariaherrerot/aptos2019/train_images/train_images/d74ccc796517.png,No DR,T1_APTOS,/kaggle/input/datasets/mariaherrerot/aptos2019/train_images/train_images/52ddde91a349.png,No DR,4
T1_APTOS,/kaggle/input/datasets/mariaherrerot/aptos2019/train_images/train_images/d774692d9919.png,No DR,T1_APTOS,/kaggle/input/datasets/mariaherrerot/aptos2019/test_images/test_images/e6552b7432b3.png,No DR,4
T1_APTOS,/kaggle/input/datasets/mariaherrerot/aptos2019/train_images/train_images/d7ac4a0c9760.png,No DR,T1_APTOS,/kaggle/input/datasets/mariaherrerot/aptos2019/train_images/train_images/b7983cb3f270.png,No DR,4
T1_APTOS,/kaggle/input/datasets/mariaherrerot/aptos2019/train_images/train_images/d7bc62d60e8c.png,No DR,T1_APTOS,/kaggle/input/datasets/mariaherrerot/aptos2019/train_images/train_images/92889b863ae6.png,No DR,4
T1_APTOS,/kaggle/input/datasets/mariaherrerot/aptos2019/train_images/train_images/d7e5fe5245e0.png,No DR,T1_APTOS,/kaggle/input/datasets/mariaherrerot/aptos2019/train_images/train_images/d29096bd94aa.png,Moderate DR,4
T1_APTOS,/kaggle/input/datasets/mariaherrerot/aptos2019/train_images/train_images/d801c0a66738.png,Mild DR,T1_APTOS,/kaggle/input/datasets/mariaherrerot/aptos2019/train_images/train_images/68332fdcaa70.png,Mild DR,0
T1_APTOS,/kaggle/input/datasets/mariaherrerot/aptos2019/train_images/train_images/d81b6ed83bc2.png,Moderate DR,T1_APTOS,/kaggle/input/datasets/mariaherrerot/aptos2019/train_images/train_images/5d3c8c1f57da.png,No DR,2
T1_APTOS,/kaggle/input/datasets/mariaherrerot/aptos2019/train_images/train_images/d83c3efade75.png,Moderate DR,T1_APTOS,/kaggle/input/datasets/mariaherrerot/aptos2019/train_images/train_images/524f240e0c90.png,Moderate DR,2
T1_APTOS,/kaggle/input/datasets/mariaherrerot/aptos2019/train_images/train_images/d85ea1220a03.png,Proliferative DR,T1_APTOS,/kaggle/input/datasets/mariaherrerot/aptos2019/train_images/train_images/8688f3d0fcaf.png,Severe DR,0
T1_APTOS,/kaggle/input/datasets/mariaherrerot/aptos2019/train_images/train_images/d881c04f01fe.png,No DR,T1_APTOS,/kaggle/input/datasets/mariaherrerot/aptos2019/train_images/train_images/bf87aedf2489.png,No DR,4
T1_APTOS,/kaggle/input/datasets/mariaherrerot/aptos2019/train_images/train_images/d88806d9ece9.png,Moderate DR,T1_APTOS,/kaggle/input/datasets/mariaherrerot/aptos2019/test_images/test_images/f025f33b2c9b.png,Proliferative DR,4
T1_APTOS,/kaggle/input/datasets/mariaherrerot/aptos2019/train_images/train_images/d88c4843aec3.png,No DR,T1_APTOS,/kaggle/input/datasets/mariaherrerot/aptos2019/train_images/train_images/c18a006f7f1d.png,No DR,4
T1_APTOS,/kaggle/input/datasets/mariaherrerot/aptos2019/train_images/train_images/d911dd40c63b.png,No DR,T1_APTOS,/kaggle/input/datasets/mariaherrerot/aptos2019/test_images/test_images/f90f8931a9bc.png,No DR,4
T1_APTOS,/kaggle/input/datasets/mariaherrerot/aptos2019/train_images/train_images/d91273efb92a.png,Moderate DR,T1_APTOS,/kaggle/input/datasets/mariaherrerot/aptos2019/test_images/test_images/f3cd489acbee.png,Moderate DR,4
T1_APTOS,/kaggle/input/datasets/mariaherrerot/aptos2019/train_images/train_images/d94e10f42861.png,Moderate DR,T1_APTOS,/kaggle/input/datasets/mariaherrerot/aptos2019/train_images/train_images/1d14dd912671.png,Moderate DR,2
T1_APTOS,/kaggle/input/datasets/mariaherrerot/aptos2019/train_images/train_images/d994203deb64.png,Moderate DR,T1_APTOS,/kaggle/input/datasets/mariaherrerot/aptos2019/train_images/train_images/a505981d1cab.png,Moderate DR,0
T1_APTOS,/kaggle/input/datasets/mariaherrerot/aptos2019/train_images/train_images/d99b0f7dd9b9.png,No DR,T1_APTOS,/kaggle/input/datasets/mariaherrerot/aptos2019/test_images/test_images/f3b27ac2d371.png,No DR,4
T1_APTOS,/kaggle/input/datasets/mariaherrerot/aptos2019/train_images/train_images/d9ad2a0ec026.png,No DR,T1_APTOS,/kaggle/input/datasets/mariaherrerot/aptos2019/test_images/test_images/fb1b8771c70a.png,No DR,4
T1_APTOS,/kaggle/input/datasets/mariaherrerot/aptos2019/train_images/train_images/d9d2631f043c.png,No DR,T1_APTOS,/kaggle/input/datasets/mariaherrerot/aptos2019/train_images/train_images/788ddb0b70b7.png,Severe DR,4
T1_APTOS,/kaggle/input/datasets/mariaherrerot/aptos2019/train_images/train_images/da0a1043abf7.png,Moderate DR,T1_APTOS,/kaggle/input/datasets/mariaherrerot/aptos2019/train_images/train_images/b13d72ceea26.png,Moderate DR,0
T1_APTOS,/kaggle/input/datasets/mariaherrerot/aptos2019/train_images/train_images/da44f80b422b.png,Moderate DR,T1_APTOS,/kaggle/input/datasets/mariaherrerot/aptos2019/train_images/train_images/a804cef3e51f.png,Moderate DR,4
T1_APTOS,/kaggle/input/datasets/mariaherrerot/aptos2019/train_images/train_images/da9574d35b82.png,No DR,T1_APTOS,/kaggle/input/datasets/mariaherrerot/aptos2019/train_images/train_images/73ef3c3dcbe4.png,No DR,4
T1_APTOS,/kaggle/input/datasets/mariaherrerot/aptos2019/train_images/train_images/db3cd58aa315.png,No DR,T1_APTOS,/kaggle/input/datasets/mariaherrerot/aptos2019/train_images/train_images/6cb96a6fb029.png,No DR,4
T1_APTOS,/kaggle/input/datasets/mariaherrerot/aptos2019/train_images/train_images/db49cdf1ea64.png,Moderate DR,T1_APTOS,/kaggle/input/datasets/mariaherrerot/aptos2019/train_images/train_images/cfd1bd0fcbb4.png,Mild DR,4
T1_APTOS,/kaggle/input/datasets/mariaherrerot/aptos2019/train_images/train_images/db52626d450c.png,No DR,T1_APTOS,/kaggle/input/datasets/mariaherrerot/aptos2019/train_images/train_images/44878f34e31f.png,No DR,4
T1_APTOS,/kaggle/input/datasets/mariaherrerot/aptos2019/train_images/train_images/dc3c0d8ee20b.png,Moderate DR,T1_APTOS,/kaggle/input/datasets/mariaherrerot/aptos2019/train_images/train_images/1ec95179cdfe.png,No DR,4
T1_APTOS,/kaggle/input/datasets/mariaherrerot/aptos2019/train_images/train_images/dc6fa1b38b83.png,Moderate DR,T1_APTOS,/kaggle/input/datasets/mariaherrerot/aptos2019/train_images/train_images/9b57e43b44e7.png,No DR,4
T1_APTOS,/kaggle/input/datasets/mariaherrerot/aptos2019/train_images/train_images/dcc6c0ad5cad.png,No DR,T1_APTOS,/kaggle/input/datasets/mariaherrerot/aptos2019/train_images/train_images/8846b09384a4.png,No DR,4
T1_APTOS,/kaggle/input/datasets/mariaherrerot/aptos2019/train_images/train_images/dccdf750c962.png,No DR,T1_APTOS,/kaggle/input/datasets/mariaherrerot/aptos2019/train_images/train_images/c38dec54a9f7.png,No DR,4
T1_APTOS,/kaggle/input/datasets/mariaherrerot/aptos2019/train_images/train_images/dd02d60bef14.png,No DR,T1_APTOS,/kaggle/input/datasets/mariaherrerot/aptos2019/train_images/train_images/aeab0a63bcaf.png,No DR,4
T1_APTOS,/kaggle/input/datasets/mariaherrerot/aptos2019/train_images/train_images/dd110d2b8c21.png,Moderate DR,T1_APTOS,/kaggle/input/datasets/mariaherrerot/aptos2019/train_images/train_images/207a580de0ea.png,Moderate DR,4
T1_APTOS,/kaggle/input/datasets/mariaherrerot/aptos2019/train_images/train_images/ddb222ff7c1d.png,No DR,T1_APTOS,/kaggle/input/datasets/mariaherrerot/aptos2019/train_images/train_images/6cb96a6fb029.png,No DR,4
T1_APTOS,/kaggle/input/datasets/mariaherrerot/aptos2019/train_images/train_images/de4cdabbce6d.png,No DR,T1_APTOS,/kaggle/input/datasets/mariaherrerot/aptos2019/train_images/train_images/1f9ccda4ddf2.png,No DR,4
T1_APTOS,/kaggle/input/datasets/mariaherrerot/aptos2019/train_images/train_images/de55ed25e0e8.png,No DR,T1_APTOS,/kaggle/input/datasets/mariaherrerot/aptos2019/test_images/test_images/ec6f1797a25a.png,No DR,0
T1_APTOS,/kaggle/input/datasets/mariaherrerot/aptos2019/train_images/train_images/dea7538bb91a.png,No DR,T1_APTOS,/kaggle/input/datasets/mariaherrerot/aptos2019/train_images/train_images/1b8701231c8f.png,No DR,4
T1_APTOS,/kaggle/input/datasets/mariaherrerot/aptos2019/train_images/train_images/dec5595e6154.png,No DR,T1_APTOS,/kaggle/input/datasets/mariaherrerot/aptos2019/train_images/train_images/8bf2d925dc0c.png,No DR,4
T1_APTOS,/kaggle/input/datasets/mariaherrerot/aptos2019/train_images/train_images/df0886f1e76b.png,No DR,T1_APTOS,/kaggle/input/datasets/mariaherrerot/aptos2019/train_images/train_images/34a7dbd3f05c.png,No DR,2
T1_APTOS,/kaggle/input/datasets/mariaherrerot/aptos2019/train_images/train_images/df4913ca3712.png,Proliferative DR,T1_APTOS,/kaggle/input/datasets/mariaherrerot/aptos2019/train_images/train_images/d51b3fe0fa1b.png,Proliferative DR,0
T1_APTOS,/kaggle/input/datasets/mariaherrerot/aptos2019/train_images/train_images/df84e7113003.png,Proliferative DR,T1_APTOS,/kaggle/input/datasets/mariaherrerot/aptos2019/train_images/train_images/bf1b7e21e774.png,Moderate DR,4
T1_APTOS,/kaggle/input/datasets/mariaherrerot/aptos2019/train_images/train_images/dfc7ec7db0e0.png,No DR,T1_APTOS,/kaggle/input/datasets/mariaherrerot/aptos2019/test_images/test_images/ea7e21bab610.png,No DR,4
T1_APTOS,/kaggle/input/datasets/mariaherrerot/aptos2019/train_images/train_images/e01b7bac822b.png,No DR,T1_APTOS,/kaggle/input/datasets/mariaherrerot/aptos2019/train_images/train_images/941d874c8afb.png,No DR,4
T1_APTOS,/kaggle/input/datasets/mariaherrerot/aptos2019/train_images/train_images/e037643244b7.png,Proliferative DR,T1_APTOS,/kaggle/input/datasets/mariaherrerot/aptos2019/train_images/train_images/5b76117c4bcb.png,Proliferative DR,0
T1_APTOS,/kaggle/input/datasets/mariaherrerot/aptos2019/train_images/train_images/e03a74e7d74f.png,No DR,T1_APTOS,/kaggle/input/datasets/mariaherrerot/aptos2019/train_images/train_images/b532dedd928c.png,No DR,4
T1_APTOS,/kaggle/input/datasets/mariaherrerot/aptos2019/train_images/train_images/e04f3c6619a3.png,No DR,T1_APTOS,/kaggle/input/datasets/mariaherrerot/aptos2019/train_images/train_images/75a071608ea6.png,No DR,4
T1_APTOS,/kaggle/input/datasets/mariaherrerot/aptos2019/train_images/train_images/e06cccc08c59.png,No DR,T1_APTOS,/kaggle/input/datasets/mariaherrerot/aptos2019/test_images/test_images/e8e44b3160e3.png,No DR,4
T1_APTOS,/kaggle/input/datasets/mariaherrerot/aptos2019/train_images/train_images/e06d3d4733f0.png,Moderate DR,T1_APTOS,/kaggle/input/datasets/mariaherrerot/aptos2019/train_images/train_images/a721efb1e049.png,Moderate DR,4
T1_APTOS,/kaggle/input/datasets/mariaherrerot/aptos2019/train_images/train_images/e0863b353093.png,Moderate DR,T1_APTOS,/kaggle/input/datasets/mariaherrerot/aptos2019/train_images/train_images/453d553b0a94.png,Moderate DR,4
T1_APTOS,/kaggle/input/datasets/mariaherrerot/aptos2019/train_images/train_images/e087bd4b88f2.png,No DR,T1_APTOS,/kaggle/input/datasets/mariaherrerot/aptos2019/train_images/train_images/2b5bb6d33959.png,No DR,4
T1_APTOS,/kaggle/input/datasets/mariaherrerot/aptos2019/train_images/train_images/e12d41e7b221.png,Moderate DR,T1_APTOS,/kaggle/input/datasets/mariaherrerot/aptos2019/train_images/train_images/bacfb1029f6b.png,Mild DR,0
T1_APTOS,/kaggle/input/datasets/mariaherrerot/aptos2019/train_images/train_images/e12df54e0d1e.png,No DR,T1_APTOS,/kaggle/input/datasets/mariaherrerot/aptos2019/train_images/train_images/545df1bbcd61.png,Mild DR,4
T1_APTOS,/kaggle/input/datasets/mariaherrerot/aptos2019/train_images/train_images/e135d7ba9a0e.png,No DR,T1_APTOS,/kaggle/input/datasets/mariaherrerot/aptos2019/train_images/train_images/c9e697117f3f.png,No DR,2
T1_APTOS,/kaggle/input/datasets/mariaherrerot/aptos2019/train_images/train_images/e16af45285e5.png,No DR,T1_APTOS,/kaggle/input/datasets/mariaherrerot/aptos2019/train_images/train_images/1b862fb6f65d.png,No DR,2
T1_APTOS,/kaggle/input/datasets/mariaherrerot/aptos2019/train_images/train_images/e1b8acb1cea1.png,No DR,T1_APTOS,/kaggle/input/datasets/mariaherrerot/aptos2019/train_images/train_images/ce754234d760.png,No DR,4
T1_APTOS,/kaggle/input/datasets/mariaherrerot/aptos2019/train_images/train_images/e1dc02a3dc2a.png,No DR,T1_APTOS,/kaggle/input/datasets/mariaherrerot/aptos2019/train_images/train_images/1f3f32efaf20.png,No DR,4
T1_APTOS,/kaggle/input/datasets/mariaherrerot/aptos2019/train_images/train_images/e1e490773462.png,Moderate DR,T1_APTOS,/kaggle/input/datasets/mariaherrerot/aptos2019/train_images/train_images/a7ec056502e7.png,Mild DR,4
T1_APTOS,/kaggle/input/datasets/mariaherrerot/aptos2019/train_images/train_images/e1fb532f55df.png,Severe DR,T1_APTOS,/kaggle/input/datasets/mariaherrerot/aptos2019/train_images/train_images/b019a49787c1.png,Severe DR,0
T1_APTOS,/kaggle/input/datasets/mariaherrerot/aptos2019/train_images/train_images/e2265c383348.png,No DR,T1_APTOS,/kaggle/input/datasets/mariaherrerot/aptos2019/train_images/train_images/26d9576e8043.png,No DR,2
T1_APTOS,/kaggle/input/datasets/mariaherrerot/aptos2019/train_images/train_images/e26bcae6c67b.png,No DR,T1_APTOS,/kaggle/input/datasets/mariaherrerot/aptos2019/train_images/train_images/4464bb62bf20.png,No DR,4
T1_APTOS,/kaggle/input/datasets/mariaherrerot/aptos2019/train_images/train_images/e29e54ff921e.png,No DR,T1_APTOS,/kaggle/input/datasets/mariaherrerot/aptos2019/train_images/train_images/c6d4e4a3bd4c.png,No DR,4
T1_APTOS,/kaggle/input/datasets/mariaherrerot/aptos2019/train_images/train_images/e2c3b037413b.png,No DR,T1_APTOS,/kaggle/input/datasets/mariaherrerot/aptos2019/train_images/train_images/a8b637abd96b.png,No DR,0
T1_APTOS,/kaggle/input/datasets/mariaherrerot/aptos2019/train_images/train_images/e2ec22b3d07e.png,No DR,T1_APTOS,/kaggle/input/datasets/mariaherrerot/aptos2019/train_images/train_images/36e4b704b905.png,No DR,2
T1_APTOS,/kaggle/input/datasets/mariaherrerot/aptos2019/train_images/train_images/e30a890600e1.png,No DR,T1_APTOS,/kaggle/input/datasets/mariaherrerot/aptos2019/train_images/train_images/6fbaaf8eb67a.png,No DR,2
T1_APTOS,/kaggle/input/datasets/mariaherrerot/aptos2019/train_images/train_images/e322acd46152.png,No DR,T1_APTOS,/kaggle/input/datasets/mariaherrerot/aptos2019/train_images/train_images/cd314653a4d8.png,No DR,4
T1_APTOS,/kaggle/input/datasets/mariaherrerot/aptos2019/train_images/train_images/e33766353db2.png,No DR,T1_APTOS,/kaggle/input/datasets/mariaherrerot/aptos2019/train_images/train_images/42c65af5ab16.png,No DR,4
T1_APTOS,/kaggle/input/datasets/mariaherrerot/aptos2019/train_images/train_images/e38f3a65b02b.png,Mild DR,T1_APTOS,/kaggle/input/datasets/mariaherrerot/aptos2019/train_images/train_images/8114d6a160df.png,Mild DR,4
T1_APTOS,/kaggle/input/datasets/mariaherrerot/aptos2019/train_images/train_images/e39b627cf648.png,Proliferative DR,T1_APTOS,/kaggle/input/datasets/mariaherrerot/aptos2019/train_images/train_images/b9127e38d9b9.png,Moderate DR,0
T1_APTOS,/kaggle/input/datasets/mariaherrerot/aptos2019/train_images/train_images/e3b47ed5b511.png,No DR,T1_APTOS,/kaggle/input/datasets/mariaherrerot/aptos2019/train_images/train_images/875d2ffcbf47.png,No DR,4
T1_APTOS,/kaggle/input/datasets/mariaherrerot/aptos2019/train_images/train_images/e4151feb8443.png,Moderate DR,T1_APTOS,/kaggle/input/datasets/mariaherrerot/aptos2019/train_images/train_images/46cdc8b685bd.png,Proliferative DR,0
T1_APTOS,/kaggle/input/datasets/mariaherrerot/aptos2019/train_images/train_images/e499434242cc.png,Moderate DR,T1_APTOS,/kaggle/input/datasets/mariaherrerot/aptos2019/train_images/train_images/a7b7dc8788b9.png,Moderate DR,4
T1_APTOS,/kaggle/input/datasets/mariaherrerot/aptos2019/train_images/train_images/e4a44f9158dc.png,No DR,T1_APTOS,/kaggle/input/datasets/mariaherrerot/aptos2019/train_images/train_images/1c7a013eeba7.png,No DR,4
T1_APTOS,/kaggle/input/datasets/mariaherrerot/aptos2019/train_images/train_images/e4ae1ee6aada.png,No DR,T1_APTOS,/kaggle/input/datasets/mariaherrerot/aptos2019/train_images/train_images/549381330191.png,No DR,4
T1_APTOS,/kaggle/input/datasets/mariaherrerot/aptos2019/val_images/val_images/00a8624548a9.png,Moderate DR,T1_APTOS,/kaggle/input/datasets/mariaherrerot/aptos2019/train_images/train_images/44e0d56e9d42.png,Moderate DR,4
T1_APTOS,/kaggle/input/datasets/mariaherrerot/aptos2019/val_images/val_images/00cb6555d108.png,Mild DR,T1_APTOS,/kaggle/input/datasets/mariaherrerot/aptos2019/train_images/train_images/76e589911303.png,Mild DR,4
T1_APTOS,/kaggle/input/datasets/mariaherrerot/aptos2019/val_images/val_images/00f6c1be5a33.png,No DR,T1_APTOS,/kaggle/input/datasets/mariaherrerot/aptos2019/train_images/train_images/a654b25124c3.png,No DR,4
T1_APTOS,/kaggle/input/datasets/mariaherrerot/aptos2019/val_images/val_images/0124dffecf29.png,Mild DR,T1_APTOS,/kaggle/input/datasets/mariaherrerot/aptos2019/test_images/test_images/ea588d1e5d96.png,Moderate DR,4
T1_APTOS,/kaggle/input/datasets/mariaherrerot/aptos2019/val_images/val_images/012a242ac6ff.png,Moderate DR,T1_APTOS,/kaggle/input/datasets/mariaherrerot/aptos2019/train_images/train_images/1f07dae3cadb.png,Moderate DR,0
T1_APTOS,/kaggle/input/datasets/mariaherrerot/aptos2019/val_images/val_images/0161338f53cc.png,Moderate DR,T1_APTOS,/kaggle/input/datasets/mariaherrerot/aptos2019/train_images/train_images/cac40227d3b2.png,Moderate DR,0
T1_APTOS,/kaggle/input/datasets/mariaherrerot/aptos2019/val_images/val_images/01b3aed3ed4c.png,Mild DR,T1_APTOS,/kaggle/input/datasets/mariaherrerot/aptos2019/train_images/train_images/812d5adafaf2.png,Moderate DR,4
T1_APTOS,/kaggle/input/datasets/mariaherrerot/aptos2019/val_images/val_images/01d9477b1171.png,No DR,T1_APTOS,/kaggle/input/datasets/mariaherrerot/aptos2019/train_images/train_images/1b3647865779.png,No DR,4
T1_APTOS,/kaggle/input/datasets/mariaherrerot/aptos2019/val_images/val_images/01f7bb8be950.png,No DR,T1_APTOS,/kaggle/input/datasets/mariaherrerot/aptos2019/train_images/train_images/1db18bdd43aa.png,Moderate DR,4
T1_APTOS,/kaggle/input/datasets/mariaherrerot/aptos2019/val_images/val_images/0212dd31f623.png,No DR,T1_APTOS,/kaggle/input/datasets/mariaherrerot/aptos2019/train_images/train_images/54038e56131d.png,No DR,4
T1_APTOS,/kaggle/input/datasets/mariaherrerot/aptos2019/val_images/val_images/0243404e8a00.png,Proliferative DR,T1_APTOS,/kaggle/input/datasets/mariaherrerot/aptos2019/train_images/train_images/3b018e8b7303.png,Severe DR,0
T1_APTOS,/kaggle/input/datasets/mariaherrerot/aptos2019/val_images/val_images/026dcd9af143.png,Moderate DR,T1_APTOS,/kaggle/input/datasets/mariaherrerot/aptos2019/train_images/train_images/98e8adcf085c.png,Moderate DR,0
T1_APTOS,/kaggle/input/datasets/mariaherrerot/aptos2019/val_images/val_images/02da652c74b8.png,No DR,T1_APTOS,/kaggle/input/datasets/mariaherrerot/aptos2019/train_images/train_images/8acdf12f412a.png,No DR,2
T1_APTOS,/kaggle/input/datasets/mariaherrerot/aptos2019/val_images/val_images/033f2b43de6d.png,Moderate DR,T1_APTOS,/kaggle/input/datasets/mariaherrerot/aptos2019/test_images/test_images/e580676516b0.png,Mild DR,4
T1_APTOS,/kaggle/input/datasets/mariaherrerot/aptos2019/val_images/val_images/034cb07a550f.png,Proliferative DR,T1_APTOS,/kaggle/input/datasets/mariaherrerot/aptos2019/train_images/train_images/c8d2d32f7f29.png,Proliferative DR,0
T1_APTOS,/kaggle/input/datasets/mariaherrerot/aptos2019/val_images/val_images/03a7f4a5786f.png,Proliferative DR,T1_APTOS,/kaggle/input/datasets/mariaherrerot/aptos2019/train_images/train_images/4b6895d0cf8d.png,No DR,4
T1_APTOS,/kaggle/input/datasets/mariaherrerot/aptos2019/val_images/val_images/03b373718013.png,No DR,T1_APTOS,/kaggle/input/datasets/mariaherrerot/aptos2019/train_images/train_images/6324d77cf926.png,No DR,4
T1_APTOS,/kaggle/input/datasets/mariaherrerot/aptos2019/val_images/val_images/041f09eec1e8.png,Moderate DR,T1_APTOS,/kaggle/input/datasets/mariaherrerot/aptos2019/train_images/train_images/207a580de0ea.png,Moderate DR,4
T1_APTOS,/kaggle/input/datasets/mariaherrerot/aptos2019/val_images/val_images/0423237770a7.png,No DR,T1_APTOS,/kaggle/input/datasets/mariaherrerot/aptos2019/train_images/train_images/a88365134c3c.png,No DR,4
T1_APTOS,/kaggle/input/datasets/mariaherrerot/aptos2019/val_images/val_images/04579e31e4be.png,No DR,T1_APTOS,/kaggle/input/datasets/mariaherrerot/aptos2019/test_images/test_images/f994a3b07935.png,No DR,4
T1_APTOS,/kaggle/input/datasets/mariaherrerot/aptos2019/val_images/val_images/04ac765f91a1.png,Mild DR,T1_APTOS,/kaggle/input/datasets/mariaherrerot/aptos2019/train_images/train_images/3044022c6969.png,Mild DR,0
T1_APTOS,/kaggle/input/datasets/mariaherrerot/aptos2019/val_images/val_images/04d029cfb612.png,Moderate DR,T1_APTOS,/kaggle/input/datasets/mariaherrerot/aptos2019/train_images/train_images/524f240e0c90.png,Moderate DR,4
T1_APTOS,/kaggle/input/datasets/mariaherrerot/aptos2019/val_images/val_images/05a5183c92d0.png,Mild DR,T1_APTOS,/kaggle/input/datasets/mariaherrerot/aptos2019/train_images/train_images/63a03880939c.png,Mild DR,0
T1_APTOS,/kaggle/input/datasets/mariaherrerot/aptos2019/val_images/val_images/070f67572d03.png,Severe DR,T1_APTOS,/kaggle/input/datasets/mariaherrerot/aptos2019/train_images/train_images/2017cd92c63d.png,Proliferative DR,4
T1_APTOS,/kaggle/input/datasets/mariaherrerot/aptos2019/val_images/val_images/07419eddd6be.png,Moderate DR,T1_APTOS,/kaggle/input/datasets/mariaherrerot/aptos2019/train_images/train_images/81b0a2651c45.png,Moderate DR,0
T1_APTOS,/kaggle/input/datasets/mariaherrerot/aptos2019/val_images/val_images/07a0be6b347f.png,No DR,T1_APTOS,/kaggle/input/datasets/mariaherrerot/aptos2019/train_images/train_images/4c389d033cb0.png,No DR,4
T1_APTOS,/kaggle/input/datasets/mariaherrerot/aptos2019/val_images/val_images/0851d6a69589.png,No DR,T1_APTOS,/kaggle/input/datasets/mariaherrerot/aptos2019/test_images/test_images/e66ad813a508.png,No DR,4
T1_APTOS,/kaggle/input/datasets/mariaherrerot/aptos2019/val_images/val_images/08f8838d69bb.png,No DR,T1_APTOS,/kaggle/input/datasets/mariaherrerot/aptos2019/train_images/train_images/5e5275ddee29.png,No DR,4
T1_APTOS,/kaggle/input/datasets/mariaherrerot/aptos2019/val_images/val_images/09237bf783a4.png,No DR,T1_APTOS,/kaggle/input/datasets/mariaherrerot/aptos2019/train_images/train_images/348598d01e18.png,No DR,4
T1_APTOS,/kaggle/input/datasets/mariaherrerot/aptos2019/val_images/val_images/0a38b552372d.png,No DR,T1_APTOS,/kaggle/input/datasets/mariaherrerot/aptos2019/train_images/train_images/415d5c5e785f.png,No DR,2
T1_APTOS,/kaggle/input/datasets/mariaherrerot/aptos2019/val_images/val_images/0a4e1a29ffff.png,No DR,T1_APTOS,/kaggle/input/datasets/mariaherrerot/aptos2019/train_images/train_images/1b862fb6f65d.png,No DR,0
T1_APTOS,/kaggle/input/datasets/mariaherrerot/aptos2019/val_images/val_images/0a74c92e287c.png,No DR,T1_APTOS,/kaggle/input/datasets/mariaherrerot/aptos2019/train_images/train_images/260a455692b5.png,No DR,4
T1_APTOS,/kaggle/input/datasets/mariaherrerot/aptos2019/val_images/val_images/0a9ec1e99ce4.png,Moderate DR,T1_APTOS,/kaggle/input/datasets/mariaherrerot/aptos2019/train_images/train_images/7b49041cbf17.png,Severe DR,4
T1_APTOS,/kaggle/input/datasets/mariaherrerot/aptos2019/val_images/val_images/0abf0c485f66.png,No DR,T1_APTOS,/kaggle/input/datasets/mariaherrerot/aptos2019/test_images/test_images/f71aca5a7dc3.png,No DR,2
T1_APTOS,/kaggle/input/datasets/mariaherrerot/aptos2019/val_images/val_images/0ac436400db4.png,Moderate DR,T1_APTOS,/kaggle/input/datasets/mariaherrerot/aptos2019/test_images/test_images/fda39982a810.png,Severe DR,0
T1_APTOS,/kaggle/input/datasets/mariaherrerot/aptos2019/val_images/val_images/0ae2dd2e09ea.png,No DR,T1_APTOS,/kaggle/input/datasets/mariaherrerot/aptos2019/train_images/train_images/881ec6186e68.png,No DR,4
T1_APTOS,/kaggle/input/datasets/mariaherrerot/aptos2019/val_images/val_images/0af296d2f04a.png,Moderate DR,T1_APTOS,/kaggle/input/datasets/mariaherrerot/aptos2019/test_images/test_images/f2ee81781411.png,Moderate DR,4
T1_APTOS,/kaggle/input/datasets/mariaherrerot/aptos2019/val_images/val_images/0b2ea8f268cf.png,No DR,T1_APTOS,/kaggle/input/datasets/mariaherrerot/aptos2019/test_images/test_images/f8d62557ad0c.png,No DR,4
T1_APTOS,/kaggle/input/datasets/mariaherrerot/aptos2019/val_images/val_images/0b3efe669365.png,No DR,T1_APTOS,/kaggle/input/datasets/mariaherrerot/aptos2019/test_images/test_images/ee77763a6afb.png,No DR,4
T1_APTOS,/kaggle/input/datasets/mariaherrerot/aptos2019/val_images/val_images/0b8bdec9d869.png,No DR,T1_APTOS,/kaggle/input/datasets/mariaherrerot/aptos2019/train_images/train_images/540e4973829e.png,No DR,4
T1_APTOS,/kaggle/input/datasets/mariaherrerot/aptos2019/val_images/val_images/0c38940e1f80.png,No DR,T1_APTOS,/kaggle/input/datasets/mariaherrerot/aptos2019/train_images/train_images/599498e9e4bc.png,No DR,4
T1_APTOS,/kaggle/input/datasets/mariaherrerot/aptos2019/val_images/val_images/0c7e82daf5a0.png,Moderate DR,T1_APTOS,/kaggle/input/datasets/mariaherrerot/aptos2019/train_images/train_images/3e86335bc2fd.png,Moderate DR,0
T1_APTOS,/kaggle/input/datasets/mariaherrerot/aptos2019/val_images/val_images/0ca0aee4d57e.png,Moderate DR,T1_APTOS,/kaggle/input/datasets/mariaherrerot/aptos2019/train_images/train_images/4029d70e9d8a.png,Mild DR,4
T1_APTOS,/kaggle/input/datasets/mariaherrerot/aptos2019/val_images/val_images/0cb14014117d.png,Severe DR,T1_APTOS,/kaggle/input/datasets/mariaherrerot/aptos2019/train_images/train_images/4a44cc840ebe.png,Moderate DR,0
T1_APTOS,/kaggle/input/datasets/mariaherrerot/aptos2019/val_images/val_images/0cd31078cd08.png,No DR,T1_APTOS,/kaggle/input/datasets/mariaherrerot/aptos2019/train_images/train_images/436fa3fd145a.png,No DR,4
T1_APTOS,/kaggle/input/datasets/mariaherrerot/aptos2019/val_images/val_images/0d8f60ed9280.png,No DR,T1_APTOS,/kaggle/input/datasets/mariaherrerot/aptos2019/train_images/train_images/260a455692b5.png,No DR,2
T1_APTOS,/kaggle/input/datasets/mariaherrerot/aptos2019/val_images/val_images/0da09e3ce8f1.png,Moderate DR,T1_APTOS,/kaggle/input/datasets/mariaherrerot/aptos2019/test_images/test_images/e6a58edc5b42.png,Moderate DR,4
T1_APTOS,/kaggle/input/datasets/mariaherrerot/aptos2019/val_images/val_images/0dce95217626.png,Mild DR,T1_APTOS,/kaggle/input/datasets/mariaherrerot/aptos2019/train_images/train_images/94372043d55b.png,Mild DR,0
T1_APTOS,/kaggle/input/datasets/mariaherrerot/aptos2019/val_images/val_images/0e94cd271c00.png,No DR,T1_APTOS,/kaggle/input/datasets/mariaherrerot/aptos2019/train_images/train_images/650104ede84c.png,No DR,4
T1_APTOS,/kaggle/input/datasets/mariaherrerot/aptos2019/val_images/val_images/0fcfc6301f3d.png,Moderate DR,T1_APTOS,/kaggle/input/datasets/mariaherrerot/aptos2019/test_images/test_images/e6a58edc5b42.png,Moderate DR,4
T1_APTOS,/kaggle/input/datasets/mariaherrerot/aptos2019/val_images/val_images/1002b5151b8e.png,No DR,T1_APTOS,/kaggle/input/datasets/mariaherrerot/aptos2019/train_images/train_images/1db0393cdbc1.png,No DR,4
T1_APTOS,/kaggle/input/datasets/mariaherrerot/aptos2019/val_images/val_images/1006345f70b7.png,Moderate DR,T1_APTOS,/kaggle/input/datasets/mariaherrerot/aptos2019/train_images/train_images/435d900fa7b2.png,Moderate DR,0
T1_APTOS,/kaggle/input/datasets/mariaherrerot/aptos2019/val_images/val_images/10bf25731c08.png,No DR,T1_APTOS,/kaggle/input/datasets/mariaherrerot/aptos2019/train_images/train_images/71e43b4f8ba6.png,No DR,4
T1_APTOS,/kaggle/input/datasets/mariaherrerot/aptos2019/val_images/val_images/10de500cf0c5.png,No DR,T1_APTOS,/kaggle/input/datasets/mariaherrerot/aptos2019/train_images/train_images/342edf9b889d.png,No DR,4
T1_APTOS,/kaggle/input/datasets/mariaherrerot/aptos2019/val_images/val_images/10f36b0239fb.png,Mild DR,T1_APTOS,/kaggle/input/datasets/mariaherrerot/aptos2019/train_images/train_images/1bf30c84bbad.png,Proliferative DR,4
T1_APTOS,/kaggle/input/datasets/mariaherrerot/aptos2019/val_images/val_images/10f6ef37fe43.png,No DR,T1_APTOS,/kaggle/input/datasets/mariaherrerot/aptos2019/train_images/train_images/650104ede84c.png,No DR,4
T1_APTOS,/kaggle/input/datasets/mariaherrerot/aptos2019/val_images/val_images/111898ab463d.png,Mild DR,T1_APTOS,/kaggle/input/datasets/mariaherrerot/aptos2019/train_images/train_images/33105f9b3a04.png,Mild DR,0
T1_APTOS,/kaggle/input/datasets/mariaherrerot/aptos2019/val_images/val_images/11242a67122d.png,Proliferative DR,T1_APTOS,/kaggle/input/datasets/mariaherrerot/aptos2019/train_images/train_images/65c958379680.png,Proliferative DR,0
T1_APTOS,/kaggle/input/datasets/mariaherrerot/aptos2019/val_images/val_images/11d8e5eaee5b.png,No DR,T1_APTOS,/kaggle/input/datasets/mariaherrerot/aptos2019/train_images/train_images/7d94a000c2d0.png,No DR,4
T1_APTOS,/kaggle/input/datasets/mariaherrerot/aptos2019/val_images/val_images/12025b34deb8.png,Moderate DR,T1_APTOS,/kaggle/input/datasets/mariaherrerot/aptos2019/test_images/test_images/ffec9a18a3ce.png,Moderate DR,4
T1_APTOS,/kaggle/input/datasets/mariaherrerot/aptos2019/val_images/val_images/12058bbb8299.png,No DR,T1_APTOS,/kaggle/input/datasets/mariaherrerot/aptos2019/test_images/test_images/ec6f1797a25a.png,No DR,4
T1_APTOS,/kaggle/input/datasets/mariaherrerot/aptos2019/val_images/val_images/12ab2f6397f0.png,No DR,T1_APTOS,/kaggle/input/datasets/mariaherrerot/aptos2019/train_images/train_images/c38dec54a9f7.png,No DR,4
T1_APTOS,/kaggle/input/datasets/mariaherrerot/aptos2019/val_images/val_images/12bc439d373a.png,No DR,T1_APTOS,/kaggle/input/datasets/mariaherrerot/aptos2019/train_images/train_images/57a710de68a4.png,No DR,4
T1_APTOS,/kaggle/input/datasets/mariaherrerot/aptos2019/val_images/val_images/12e3f5f2cb17.png,Mild DR,T1_APTOS,/kaggle/input/datasets/mariaherrerot/aptos2019/train_images/train_images/d567a1a22d33.png,Mild DR,0
T1_APTOS,/kaggle/input/datasets/mariaherrerot/aptos2019/val_images/val_images/12ef75375322.png,No DR,T1_APTOS,/kaggle/input/datasets/mariaherrerot/aptos2019/test_images/test_images/ec6f1797a25a.png,No DR,2
T1_APTOS,/kaggle/input/datasets/mariaherrerot/aptos2019/val_images/val_images/135575dc57c9.png,Moderate DR,T1_APTOS,/kaggle/input/datasets/mariaherrerot/aptos2019/train_images/train_images/2c2aa057afc5.png,Moderate DR,0
T1_APTOS,/kaggle/input/datasets/mariaherrerot/aptos2019/val_images/val_images/1411c8ab7161.png,Moderate DR,T1_APTOS,/kaggle/input/datasets/mariaherrerot/aptos2019/train_images/train_images/8acffaf1f4b9.png,Moderate DR,0
T1_APTOS,/kaggle/input/datasets/mariaherrerot/aptos2019/val_images/val_images/141735b57ec0.png,Moderate DR,T1_APTOS,/kaggle/input/datasets/mariaherrerot/aptos2019/train_images/train_images/d29096bd94aa.png,Moderate DR,4
T1_APTOS,/kaggle/input/datasets/mariaherrerot/aptos2019/val_images/val_images/144a1a426137.png,Moderate DR,T1_APTOS,/kaggle/input/datasets/mariaherrerot/aptos2019/train_images/train_images/35df2bc6ae95.png,No DR,4
T1_APTOS,/kaggle/input/datasets/mariaherrerot/aptos2019/val_images/val_images/144b01e7b993.png,Moderate DR,T1_APTOS,/kaggle/input/datasets/mariaherrerot/aptos2019/train_images/train_images/1e143fa3de57.png,Moderate DR,0
T1_APTOS,/kaggle/input/datasets/mariaherrerot/aptos2019/val_images/val_images/14515b8f19b6.png,Moderate DR,T1_APTOS,/kaggle/input/datasets/mariaherrerot/aptos2019/train_images/train_images/ba2624883599.png,Moderate DR,0
T1_APTOS,/kaggle/input/datasets/mariaherrerot/aptos2019/val_images/val_images/14c3b41d289c.png,No DR,T1_APTOS,/kaggle/input/datasets/mariaherrerot/aptos2019/train_images/train_images/d06ccd0cf4b8.png,Mild DR,4
T1_APTOS,/kaggle/input/datasets/mariaherrerot/aptos2019/val_images/val_images/14e3f84445f7.png,Severe DR,T1_APTOS,/kaggle/input/datasets/mariaherrerot/aptos2019/test_images/test_images/f0f89314e860.png,Proliferative DR,0
T1_APTOS,/kaggle/input/datasets/mariaherrerot/aptos2019/val_images/val_images/1509d097b69a.png,No DR,T1_APTOS,/kaggle/input/datasets/mariaherrerot/aptos2019/train_images/train_images/3325b1fe55d2.png,No DR,4
T1_APTOS,/kaggle/input/datasets/mariaherrerot/aptos2019/val_images/val_images/15b21c80cc31.png,No DR,T1_APTOS,/kaggle/input/datasets/mariaherrerot/aptos2019/train_images/train_images/1f3f32efaf20.png,No DR,4
T1_APTOS,/kaggle/input/datasets/mariaherrerot/aptos2019/val_images/val_images/15c24478ac72.png,No DR,T1_APTOS,/kaggle/input/datasets/mariaherrerot/aptos2019/train_images/train_images/8b079e79035f.png,No DR,4
T1_APTOS,/kaggle/input/datasets/mariaherrerot/aptos2019/val_images/val_images/15e24b73d4a7.png,No DR,T1_APTOS,/kaggle/input/datasets/mariaherrerot/aptos2019/train_images/train_images/3325b1fe55d2.png,No DR,2
T1_APTOS,/kaggle/input/datasets/mariaherrerot/aptos2019/val_images/val_images/1601c939412f.png,No DR,T1_APTOS,/kaggle/input/datasets/mariaherrerot/aptos2019/train_images/train_images/874f8c1929f6.png,No DR,4
T1_APTOS,/kaggle/input/datasets/mariaherrerot/aptos2019/val_images/val_images/16060f05d047.png,No DR,T1_APTOS,/kaggle/input/datasets/mariaherrerot/aptos2019/test_images/test_images/fb88783de055.png,No DR,4
T1_APTOS,/kaggle/input/datasets/mariaherrerot/aptos2019/val_images/val_images/1608c82a263f.png,No DR,T1_APTOS,/kaggle/input/datasets/mariaherrerot/aptos2019/train_images/train_images/668e853258cd.png,Moderate DR,4
T1_APTOS,/kaggle/input/datasets/mariaherrerot/aptos2019/val_images/val_images/1623e8e3adc4.png,Severe DR,T1_APTOS,/kaggle/input/datasets/mariaherrerot/aptos2019/train_images/train_images/da8900ac7f29.png,Moderate DR,4
T1_APTOS,/kaggle/input/datasets/mariaherrerot/aptos2019/val_images/val_images/1632c4311fc9.png,Moderate DR,T1_APTOS,/kaggle/input/datasets/mariaherrerot/aptos2019/train_images/train_images/a75bab2463d4.png,Mild DR,0
T1_APTOS,/kaggle/input/datasets/mariaherrerot/aptos2019/val_images/val_images/1638404f385c.png,Proliferative DR,T1_APTOS,/kaggle/input/datasets/mariaherrerot/aptos2019/train_images/train_images/576e189d23d4.png,Proliferative DR,0
T1_APTOS,/kaggle/input/datasets/mariaherrerot/aptos2019/val_images/val_images/165c548185f8.png,No DR,T1_APTOS,/kaggle/input/datasets/mariaherrerot/aptos2019/train_images/train_images/946545473380.png,No DR,2
T1_APTOS,/kaggle/input/datasets/mariaherrerot/aptos2019/val_images/val_images/16ce555748d8.png,Proliferative DR,T1_APTOS,/kaggle/input/datasets/mariaherrerot/aptos2019/train_images/train_images/4d9fc85a8259.png,Severe DR,0
T1_APTOS,/kaggle/input/datasets/mariaherrerot/aptos2019/val_images/val_images/174db0854291.png,No DR,T1_APTOS,/kaggle/input/datasets/mariaherrerot/aptos2019/train_images/train_images/a07d9a5045cb.png,No DR,4
T1_APTOS,/kaggle/input/datasets/mariaherrerot/aptos2019/val_images/val_images/17e6116b89b3.png,No DR,T1_APTOS,/kaggle/input/datasets/mariaherrerot/aptos2019/train_images/train_images/3abac0961bfd.png,No DR,4
T1_APTOS,/kaggle/input/datasets/mariaherrerot/aptos2019/val_images/val_images/17f6c7072f61.png,No DR,T1_APTOS,/kaggle/input/datasets/mariaherrerot/aptos2019/train_images/train_images/d39752cb6e57.png,No DR,4
T1_APTOS,/kaggle/input/datasets/mariaherrerot/aptos2019/val_images/val_images/188219f2d9c6.png,No DR,T1_APTOS,/kaggle/input/datasets/mariaherrerot/aptos2019/val_images/val_images/099021fac3c9.png,No DR,2
T1_APTOS,/kaggle/input/datasets/mariaherrerot/aptos2019/val_images/val_images/189cbbc9e5e3.png,No DR,T1_APTOS,/kaggle/input/datasets/mariaherrerot/aptos2019/train_images/train_images/48a45619d1a3.png,No DR,4
T1_APTOS,/kaggle/input/datasets/mariaherrerot/aptos2019/val_images/val_images/18b99159a14f.png,No DR,T1_APTOS,/kaggle/input/datasets/mariaherrerot/aptos2019/train_images/train_images/799214e8b07c.png,No DR,2
T1_APTOS,/kaggle/input/datasets/mariaherrerot/aptos2019/val_images/val_images/18d8fdb140b7.png,Moderate DR,T1_APTOS,/kaggle/input/datasets/mariaherrerot/aptos2019/train_images/train_images/7c629b491d1a.png,Proliferative DR,4
T1_APTOS,/kaggle/input/datasets/mariaherrerot/aptos2019/val_images/val_images/191348830ddf.png,Moderate DR,T1_APTOS,/kaggle/input/datasets/mariaherrerot/aptos2019/train_images/train_images/2db0cd3e30da.png,No DR,4
T1_APTOS,/kaggle/input/datasets/mariaherrerot/aptos2019/val_images/val_images/191cf5668f33.png,No DR,T1_APTOS,/kaggle/input/datasets/mariaherrerot/aptos2019/val_images/val_images/150fc7127582.png,No DR,4
T1_APTOS,/kaggle/input/datasets/mariaherrerot/aptos2019/val_images/val_images/19244004583f.png,Severe DR,T1_APTOS,/kaggle/input/datasets/mariaherrerot/aptos2019/train_images/train_images/4e7694eebb91.png,Moderate DR,4
T1_APTOS,/kaggle/input/datasets/mariaherrerot/aptos2019/val_images/val_images/19b0e3c734f5.png,No DR,T1_APTOS,/kaggle/input/datasets/mariaherrerot/aptos2019/val_images/val_images/08ee569d4721.png,No DR,4
T1_APTOS,/kaggle/input/datasets/mariaherrerot/aptos2019/val_images/val_images/19e350c7c83c.png,Mild DR,T1_APTOS,/kaggle/input/datasets/mariaherrerot/aptos2019/val_images/val_images/19722bff5a09.png,Mild DR,0
T1_APTOS,/kaggle/input/datasets/mariaherrerot/aptos2019/val_images/val_images/1a1b4b2450ca.png,Moderate DR,T1_APTOS,/kaggle/input/datasets/mariaherrerot/aptos2019/train_images/train_images/92b0d27fc0ec.png,Moderate DR,0
T1_APTOS,/kaggle/input/datasets/mariaherrerot/aptos2019/val_images/val_images/1a1e974a7dbf.png,No DR,T1_APTOS,/kaggle/input/datasets/mariaherrerot/aptos2019/train_images/train_images/52ddde91a349.png,No DR,4
T1_APTOS,/kaggle/input/datasets/mariaherrerot/aptos2019/val_images/val_images/1ade1e949383.png,Moderate DR,T1_APTOS,/kaggle/input/datasets/mariaherrerot/aptos2019/train_images/train_images/5e7630f8438e.png,Moderate DR,4
T2_ODIR,/kaggle/input/datasets/rayeedaabir/odir-preprocessed/organized_odir_dataset/AMD/1125_right.jpg,AMD,T1_APTOS,/kaggle/input/datasets/mariaherrerot/aptos2019/train_images/train_images/3d663a6a50a3.png,Moderate DR,4
T2_ODIR,/kaggle/input/datasets/rayeedaabir/odir-preprocessed/organized_odir_dataset/AMD/1830_left.jpg,AMD,T1_APTOS,/kaggle/input/datasets/mariaherrerot/aptos2019/train_images/train_images/80c67efc8101.png,No DR,4
T2_ODIR,/kaggle/input/datasets/rayeedaabir/odir-preprocessed/organized_odir_dataset/AMD/1830_right.jpg,AMD,T1_APTOS,/kaggle/input/datasets/mariaherrerot/aptos2019/train_images/train_images/51cd8d2057fa.png,No DR,4
T2_ODIR,/kaggle/input/datasets/rayeedaabir/odir-preprocessed/organized_odir_dataset/AMD/1891_left.jpg,AMD,T1_APTOS,/kaggle/input/datasets/mariaherrerot/aptos2019/test_images/test_images/eabc7c716255.png,No DR,4
T2_ODIR,/kaggle/input/datasets/rayeedaabir/odir-preprocessed/organized_odir_dataset/AMD/447_right.jpg,AMD,T1_APTOS,/kaggle/input/datasets/mariaherrerot/aptos2019/train_images/train_images/e4d3d437b0a8.png,No DR,4
T2_ODIR,/kaggle/input/datasets/rayeedaabir/odir-preprocessed/organized_odir_dataset/AMD/48_right.jpg,AMD,T1_APTOS,/kaggle/input/datasets/mariaherrerot/aptos2019/train_images/train_images/4b6895d0cf8d.png,No DR,4
T2_ODIR,/kaggle/input/datasets/rayeedaabir/odir-preprocessed/organized_odir_dataset/AMD/870_left.jpg,AMD,T2_ODIR,/kaggle/input/datasets/rayeedaabir/odir-preprocessed/organized_odir_dataset/AMD/455_left.jpg,AMD,4
T2_ODIR,/kaggle/input/datasets/rayeedaabir/odir-preprocessed/organized_odir_dataset/Cataract/1444_left.jpg,Cataract,T2_ODIR,/kaggle/input/datasets/rayeedaabir/odir-preprocessed/organized_odir_dataset/AMD/1064_left.jpg,AMD,4
T2_ODIR,/kaggle/input/datasets/rayeedaabir/odir-preprocessed/organized_odir_dataset/Cataract/1460_left.jpg,Cataract,T1_APTOS,/kaggle/input/datasets/mariaherrerot/aptos2019/train_images/train_images/80c67efc8101.png,No DR,4
T2_ODIR,/kaggle/input/datasets/rayeedaabir/odir-preprocessed/organized_odir_dataset/Cataract/1987_left.jpg,Cataract,T1_APTOS,/kaggle/input/datasets/mariaherrerot/aptos2019/train_images/train_images/80c67efc8101.png,No DR,4
T2_ODIR,/kaggle/input/datasets/rayeedaabir/odir-preprocessed/organized_odir_dataset/Cataract/2052_right.jpg,Cataract,T1_APTOS,/kaggle/input/datasets/mariaherrerot/aptos2019/test_images/test_images/e7291472109b.png,No DR,4
T2_ODIR,/kaggle/input/datasets/rayeedaabir/odir-preprocessed/organized_odir_dataset/Cataract/2104_left.jpg,Cataract,T2_ODIR,/kaggle/input/datasets/rayeedaabir/odir-preprocessed/organized_odir_dataset/AMD/1846_right.jpg,AMD,4
T2_ODIR,/kaggle/input/datasets/rayeedaabir/odir-preprocessed/organized_odir_dataset/Cataract/2105_left.jpg,Cataract,T2_ODIR,/kaggle/input/datasets/rayeedaabir/odir-preprocessed/organized_odir_dataset/AMD/1846_right.jpg,AMD,4
T2_ODIR,/kaggle/input/datasets/rayeedaabir/odir-preprocessed/organized_odir_dataset/Cataract/2108_right.jpg,Cataract,T2_ODIR,/kaggle/input/datasets/rayeedaabir/odir-preprocessed/organized_odir_dataset/AMD/1869_right.jpg,AMD,4
T2_ODIR,/kaggle/input/datasets/rayeedaabir/odir-preprocessed/organized_odir_dataset/Cataract/2109_left.jpg,Cataract,T2_ODIR,/kaggle/input/datasets/rayeedaabir/odir-preprocessed/organized_odir_dataset/AMD/1869_right.jpg,AMD,2
T2_ODIR,/kaggle/input/datasets/rayeedaabir/odir-preprocessed/organized_odir_dataset/Cataract/2112_left.jpg,Cataract,T1_APTOS,/kaggle/input/datasets/mariaherrerot/aptos2019/train_images/train_images/5eb311bcb5f9.png,Moderate DR,4
T2_ODIR,/kaggle/input/datasets/rayeedaabir/odir-preprocessed/organized_odir_dataset/Cataract/2114_right.jpg,Cataract,T2_ODIR,/kaggle/input/datasets/rayeedaabir/odir-preprocessed/organized_odir_dataset/AMD/1873_right.jpg,AMD,4
T2_ODIR,/kaggle/input/datasets/rayeedaabir/odir-preprocessed/organized_odir_dataset/Cataract/2120_left.jpg,Cataract,T2_ODIR,/kaggle/input/datasets/rayeedaabir/odir-preprocessed/organized_odir_dataset/AMD/1846_right.jpg,AMD,4
T2_ODIR,/kaggle/input/datasets/rayeedaabir/odir-preprocessed/organized_odir_dataset/Cataract/2127_right.jpg,Cataract,T2_ODIR,/kaggle/input/datasets/rayeedaabir/odir-preprocessed/organized_odir_dataset/Cataract/2127_left.jpg,Cataract,4
T2_ODIR,/kaggle/input/datasets/rayeedaabir/odir-preprocessed/organized_odir_dataset/Cataract/2138_left.jpg,Cataract,T2_ODIR,/kaggle/input/datasets/rayeedaabir/odir-preprocessed/organized_odir_dataset/Cataract/2129_right.jpg,Cataract,2
T2_ODIR,/kaggle/input/datasets/rayeedaabir/odir-preprocessed/organized_odir_dataset/Cataract/2147_right.jpg,Cataract,T2_ODIR,/kaggle/input/datasets/rayeedaabir/odir-preprocessed/organized_odir_dataset/Cataract/2142_left.jpg,Cataract,4
T2_ODIR,/kaggle/input/datasets/rayeedaabir/odir-preprocessed/organized_odir_dataset/Cataract/2150_left.jpg,Cataract,T2_ODIR,/kaggle/input/datasets/rayeedaabir/odir-preprocessed/organized_odir_dataset/AMD/1869_right.jpg,AMD,4
T2_ODIR,/kaggle/input/datasets/rayeedaabir/odir-preprocessed/organized_odir_dataset/Cataract/2151_left.jpg,Cataract,T2_ODIR,/kaggle/input/datasets/rayeedaabir/odir-preprocessed/organized_odir_dataset/AMD/1869_right.jpg,AMD,4
T2_ODIR,/kaggle/input/datasets/rayeedaabir/odir-preprocessed/organized_odir_dataset/Cataract/2155_right.jpg,Cataract,T2_ODIR,/kaggle/input/datasets/rayeedaabir/odir-preprocessed/organized_odir_dataset/Cataract/2143_right.jpg,Cataract,4
T2_ODIR,/kaggle/input/datasets/rayeedaabir/odir-preprocessed/organized_odir_dataset/Cataract/2158_right.jpg,Cataract,T2_ODIR,/kaggle/input/datasets/rayeedaabir/odir-preprocessed/organized_odir_dataset/Cataract/2142_left.jpg,Cataract,2
T2_ODIR,/kaggle/input/datasets/rayeedaabir/odir-preprocessed/organized_odir_dataset/Cataract/2167_left.jpg,Cataract,T2_ODIR,/kaggle/input/datasets/rayeedaabir/odir-preprocessed/organized_odir_dataset/AMD/1846_right.jpg,AMD,2
T2_ODIR,/kaggle/input/datasets/rayeedaabir/odir-preprocessed/organized_odir_dataset/Cataract/2170_left.jpg,Cataract,T2_ODIR,/kaggle/input/datasets/rayeedaabir/odir-preprocessed/organized_odir_dataset/Cataract/2095_right.jpg,Cataract,4
T2_ODIR,/kaggle/input/datasets/rayeedaabir/odir-preprocessed/organized_odir_dataset/Cataract/2199_left.jpg,Cataract,T2_ODIR,/kaggle/input/datasets/rayeedaabir/odir-preprocessed/organized_odir_dataset/AMD/1873_right.jpg,AMD,4
T2_ODIR,/kaggle/input/datasets/rayeedaabir/odir-preprocessed/organized_odir_dataset/Cataract/2211_right.jpg,Cataract,T2_ODIR,/kaggle/input/datasets/rayeedaabir/odir-preprocessed/organized_odir_dataset/Cataract/1062_right.jpg,Cataract,4
T2_ODIR,/kaggle/input/datasets/rayeedaabir/odir-preprocessed/organized_odir_dataset/Cataract/2213_left.jpg,Cataract,T2_ODIR,/kaggle/input/datasets/rayeedaabir/odir-preprocessed/organized_odir_dataset/Cataract/2184_left.jpg,Cataract,4
T2_ODIR,/kaggle/input/datasets/rayeedaabir/odir-preprocessed/organized_odir_dataset/Cataract/2216_left.jpg,Cataract,T1_APTOS,/kaggle/input/datasets/mariaherrerot/aptos2019/train_images/train_images/6c00dd8bf708.png,No DR,4
T2_ODIR,/kaggle/input/datasets/rayeedaabir/odir-preprocessed/organized_odir_dataset/Cataract/2216_right.jpg,Cataract,T1_APTOS,/kaggle/input/datasets/mariaherrerot/aptos2019/train_images/train_images/3dec415b188a.png,No DR,4
T2_ODIR,/kaggle/input/datasets/rayeedaabir/odir-preprocessed/organized_odir_dataset/Cataract/2233_left.jpg,Cataract,T2_ODIR,/kaggle/input/datasets/rayeedaabir/odir-preprocessed/organized_odir_dataset/Cataract/2128_right.jpg,Cataract,4
T2_ODIR,/kaggle/input/datasets/rayeedaabir/odir-preprocessed/organized_odir_dataset/Cataract/2242_left.jpg,Cataract,T2_ODIR,/kaggle/input/datasets/rayeedaabir/odir-preprocessed/organized_odir_dataset/AMD/1168_left.jpg,AMD,4
T2_ODIR,/kaggle/input/datasets/rayeedaabir/odir-preprocessed/organized_odir_dataset/Cataract/2248_left.jpg,Cataract,T2_ODIR,/kaggle/input/datasets/rayeedaabir/odir-preprocessed/organized_odir_dataset/AMD/1869_right.jpg,AMD,2
T2_ODIR,/kaggle/input/datasets/rayeedaabir/odir-preprocessed/organized_odir_dataset/Cataract/345_left.jpg,Cataract,T2_ODIR,/kaggle/input/datasets/rayeedaabir/odir-preprocessed/organized_odir_dataset/AMD/1168_left.jpg,AMD,4
T2_ODIR,/kaggle/input/datasets/rayeedaabir/odir-preprocessed/organized_odir_dataset/Glaucoma/1220_left.jpg,Glaucoma,T1_APTOS,/kaggle/input/datasets/mariaherrerot/aptos2019/train_images/train_images/4528fbbd43a3.png,No DR,4
T2_ODIR,/kaggle/input/datasets/rayeedaabir/odir-preprocessed/organized_odir_dataset/Glaucoma/1226_left.jpg,Glaucoma,T2_ODIR,/kaggle/input/datasets/rayeedaabir/odir-preprocessed/organized_odir_dataset/Cataract/2235_left.jpg,Cataract,4
T2_ODIR,/kaggle/input/datasets/rayeedaabir/odir-preprocessed/organized_odir_dataset/Glaucoma/1227_right.jpg,Glaucoma,T1_APTOS,/kaggle/input/datasets/mariaherrerot/aptos2019/train_images/train_images/3dec415b188a.png,No DR,4
T2_ODIR,/kaggle/input/datasets/rayeedaabir/odir-preprocessed/organized_odir_dataset/Glaucoma/1229_left.jpg,Glaucoma,T2_ODIR,/kaggle/input/datasets/rayeedaabir/odir-preprocessed/organized_odir_dataset/AMD/53_left.jpg,AMD,4
T2_ODIR,/kaggle/input/datasets/rayeedaabir/odir-preprocessed/organized_odir_dataset/Glaucoma/1282_left.jpg,Glaucoma,T2_ODIR,/kaggle/input/datasets/rayeedaabir/odir-preprocessed/organized_odir_dataset/Glaucoma/1227_left.jpg,Glaucoma,4
T2_ODIR,/kaggle/input/datasets/rayeedaabir/odir-preprocessed/organized_odir_dataset/Glaucoma/1290_right.jpg,Glaucoma,T2_ODIR,/kaggle/input/datasets/rayeedaabir/odir-preprocessed/organized_odir_dataset/AMD/164_right.jpg,AMD,4
T2_ODIR,/kaggle/input/datasets/rayeedaabir/odir-preprocessed/organized_odir_dataset/Glaucoma/1294_right.jpg,Glaucoma,T2_ODIR,/kaggle/input/datasets/rayeedaabir/odir-preprocessed/organized_odir_dataset/AMD/315_right.jpg,AMD,4
T2_ODIR,/kaggle/input/datasets/rayeedaabir/odir-preprocessed/organized_odir_dataset/Glaucoma/1353_left.jpg,Glaucoma,T2_ODIR,/kaggle/input/datasets/rayeedaabir/odir-preprocessed/organized_odir_dataset/AMD/1869_right.jpg,AMD,4
T2_ODIR,/kaggle/input/datasets/rayeedaabir/odir-preprocessed/organized_odir_dataset/Glaucoma/1353_right.jpg,Glaucoma,T2_ODIR,/kaggle/input/datasets/rayeedaabir/odir-preprocessed/organized_odir_dataset/AMD/1869_right.jpg,AMD,4
T2_ODIR,/kaggle/input/datasets/rayeedaabir/odir-preprocessed/organized_odir_dataset/Glaucoma/1369_left.jpg,Glaucoma,T2_ODIR,/kaggle/input/datasets/rayeedaabir/odir-preprocessed/organized_odir_dataset/Cataract/2184_left.jpg,Cataract,4
T2_ODIR,/kaggle/input/datasets/rayeedaabir/odir-preprocessed/organized_odir_dataset/Glaucoma/1377_left.jpg,Glaucoma,T2_ODIR,/kaggle/input/datasets/rayeedaabir/odir-preprocessed/organized_odir_dataset/AMD/1846_right.jpg,AMD,2
T2_ODIR,/kaggle/input/datasets/rayeedaabir/odir-preprocessed/organized_odir_dataset/Glaucoma/1396_right.jpg,Glaucoma,T2_ODIR,/kaggle/input/datasets/rayeedaabir/odir-preprocessed/organized_odir_dataset/AMD/1869_right.jpg,AMD,4
T2_ODIR,/kaggle/input/datasets/rayeedaabir/odir-preprocessed/organized_odir_dataset/Glaucoma/1417_left.jpg,Glaucoma,T2_ODIR,/kaggle/input/datasets/rayeedaabir/odir-preprocessed/organized_odir_dataset/Cataract/2212_right.jpg,Cataract,4
T2_ODIR,/kaggle/input/datasets/rayeedaabir/odir-preprocessed/organized_odir_dataset/Glaucoma/1431_left.jpg,Glaucoma,T1_APTOS,/kaggle/input/datasets/mariaherrerot/aptos2019/train_images/train_images/80c67efc8101.png,No DR,4
T2_ODIR,/kaggle/input/datasets/rayeedaabir/odir-preprocessed/organized_odir_dataset/Glaucoma/1439_left.jpg,Glaucoma,T2_ODIR,/kaggle/input/datasets/rayeedaabir/odir-preprocessed/organized_odir_dataset/Glaucoma/1345_left.jpg,Glaucoma,4
T2_ODIR,/kaggle/input/datasets/rayeedaabir/odir-preprocessed/organized_odir_dataset/Glaucoma/1487_left.jpg,Glaucoma,T2_ODIR,/kaggle/input/datasets/rayeedaabir/odir-preprocessed/organized_odir_dataset/Glaucoma/1218_left.jpg,Glaucoma,4
T2_ODIR,/kaggle/input/datasets/rayeedaabir/odir-preprocessed/organized_odir_dataset/Glaucoma/1510_left.jpg,Glaucoma,T2_ODIR,/kaggle/input/datasets/rayeedaabir/odir-preprocessed/organized_odir_dataset/AMD/1869_right.jpg,AMD,4
T2_ODIR,/kaggle/input/datasets/rayeedaabir/odir-preprocessed/organized_odir_dataset/Glaucoma/1514_right.jpg,Glaucoma,T1_APTOS,/kaggle/input/datasets/mariaherrerot/aptos2019/train_images/train_images/7a42443ed106.png,No DR,4
T2_ODIR,/kaggle/input/datasets/rayeedaabir/odir-preprocessed/organized_odir_dataset/Glaucoma/1999_right.jpg,Glaucoma,T1_APTOS,/kaggle/input/datasets/mariaherrerot/aptos2019/train_images/train_images/3e6bfc4d5c65.png,Moderate DR,4
T2_ODIR,/kaggle/input/datasets/rayeedaabir/odir-preprocessed/organized_odir_dataset/Hypertension/1081_left.jpg,Hypertension,T1_APTOS,/kaggle/input/datasets/mariaherrerot/aptos2019/train_images/train_images/874f8c1929f6.png,No DR,4
T2_ODIR,/kaggle/input/datasets/rayeedaabir/odir-preprocessed/organized_odir_dataset/Hypertension/1373_right.jpg,Hypertension,T1_APTOS,/kaggle/input/datasets/mariaherrerot/aptos2019/train_images/train_images/3d663a6a50a3.png,Moderate DR,4
T2_ODIR,/kaggle/input/datasets/rayeedaabir/odir-preprocessed/organized_odir_dataset/Hypertension/1989_right.jpg,Hypertension,T2_ODIR,/kaggle/input/datasets/rayeedaabir/odir-preprocessed/organized_odir_dataset/Cataract/2212_right.jpg,Cataract,4
T2_ODIR,/kaggle/input/datasets/rayeedaabir/odir-preprocessed/organized_odir_dataset/Hypertension/2004_right.jpg,Hypertension,T2_ODIR,/kaggle/input/datasets/rayeedaabir/odir-preprocessed/organized_odir_dataset/Cataract/254_right.jpg,Cataract,4
T2_ODIR,/kaggle/input/datasets/rayeedaabir/odir-preprocessed/organized_odir_dataset/Hypertension/32_right.jpg,Hypertension,T2_ODIR,/kaggle/input/datasets/rayeedaabir/odir-preprocessed/organized_odir_dataset/Hypertension/28_right.jpg,Hypertension,4
T2_ODIR,/kaggle/input/datasets/rayeedaabir/odir-preprocessed/organized_odir_dataset/Hypertension/4559_left.jpg,Hypertension,T2_ODIR,/kaggle/input/datasets/rayeedaabir/odir-preprocessed/organized_odir_dataset/AMD/424_left.jpg,AMD,4
T2_ODIR,/kaggle/input/datasets/rayeedaabir/odir-preprocessed/organized_odir_dataset/Hypertension/4592_right.jpg,Hypertension,T1_APTOS,/kaggle/input/datasets/mariaherrerot/aptos2019/val_images/val_images/08bef347f40d.png,No DR,4
T2_ODIR,/kaggle/input/datasets/rayeedaabir/odir-preprocessed/organized_odir_dataset/Hypertension/45_left.jpg,Hypertension,T2_ODIR,/kaggle/input/datasets/rayeedaabir/odir-preprocessed/organized_odir_dataset/Hypertension/23_left.jpg,Hypertension,4
T2_ODIR,/kaggle/input/datasets/rayeedaabir/odir-preprocessed/organized_odir_dataset/Hypertension/45_right.jpg,Hypertension,T1_APTOS,/kaggle/input/datasets/mariaherrerot/aptos2019/train_images/train_images/3dec415b188a.png,No DR,4
T2_ODIR,/kaggle/input/datasets/rayeedaabir/odir-preprocessed/organized_odir_dataset/Hypertension/686_left.jpg,Hypertension,T2_ODIR,/kaggle/input/datasets/rayeedaabir/odir-preprocessed/organized_odir_dataset/AMD/513_left.jpg,AMD,4
T2_ODIR,/kaggle/input/datasets/rayeedaabir/odir-preprocessed/organized_odir_dataset/Hypertension/720_right.jpg,Hypertension,T2_ODIR,/kaggle/input/datasets/rayeedaabir/odir-preprocessed/organized_odir_dataset/Hypertension/1046_right.jpg,Hypertension,4
T2_ODIR,/kaggle/input/datasets/rayeedaabir/odir-preprocessed/organized_odir_dataset/Hypertension/723_right.jpg,Hypertension,T2_ODIR,/kaggle/input/datasets/rayeedaabir/odir-preprocessed/organized_odir_dataset/Hypertension/1046_right.jpg,Hypertension,4
T2_ODIR,/kaggle/input/datasets/rayeedaabir/odir-preprocessed/organized_odir_dataset/Hypertension/957_left.jpg,Hypertension,T2_ODIR,/kaggle/input/datasets/rayeedaabir/odir-preprocessed/organized_odir_dataset/Glaucoma/247_left.jpg,Glaucoma,4
T2_ODIR,/kaggle/input/datasets/rayeedaabir/odir-preprocessed/organized_odir_dataset/Myopia/1559_left.jpg,Myopia,T2_ODIR,/kaggle/input/datasets/rayeedaabir/odir-preprocessed/organized_odir_dataset/Glaucoma/1306_left.jpg,Glaucoma,4
T2_ODIR,/kaggle/input/datasets/rayeedaabir/odir-preprocessed/organized_odir_dataset/Myopia/1662_left.jpg,Myopia,T1_APTOS,/kaggle/input/datasets/mariaherrerot/aptos2019/test_images/test_images/e632e38fd2d4.png,No DR,4
T2_ODIR,/kaggle/input/datasets/rayeedaabir/odir-preprocessed/organized_odir_dataset/Normal/2330_left.jpg,Normal,T1_APTOS,/kaggle/input/datasets/mariaherrerot/aptos2019/train_images/train_images/6c00dd8bf708.png,No DR,4
T2_ODIR,/kaggle/input/datasets/rayeedaabir/odir-preprocessed/organized_odir_dataset/Normal/2335_right.jpg,Normal,T2_ODIR,/kaggle/input/datasets/rayeedaabir/odir-preprocessed/organized_odir_dataset/AMD/1869_right.jpg,AMD,4
T2_ODIR,/kaggle/input/datasets/rayeedaabir/odir-preprocessed/organized_odir_dataset/Normal/2347_right.jpg,Normal,T2_ODIR,/kaggle/input/datasets/rayeedaabir/odir-preprocessed/organized_odir_dataset/AMD/315_right.jpg,AMD,4
T2_ODIR,/kaggle/input/datasets/rayeedaabir/odir-preprocessed/organized_odir_dataset/Normal/2372_right.jpg,Normal,T2_ODIR,/kaggle/input/datasets/rayeedaabir/odir-preprocessed/organized_odir_dataset/AMD/377_right.jpg,AMD,4
T2_ODIR,/kaggle/input/datasets/rayeedaabir/odir-preprocessed/organized_odir_dataset/Normal/2388_left.jpg,Normal,T2_ODIR,/kaggle/input/datasets/rayeedaabir/odir-preprocessed/organized_odir_dataset/Glaucoma/1269_left.jpg,Glaucoma,4
T2_ODIR,/kaggle/input/datasets/rayeedaabir/odir-preprocessed/organized_odir_dataset/Normal/2394_right.jpg,Normal,T2_ODIR,/kaggle/input/datasets/rayeedaabir/odir-preprocessed/organized_odir_dataset/Cataract/1444_right.jpg,Cataract,4
T2_ODIR,/kaggle/input/datasets/rayeedaabir/odir-preprocessed/organized_odir_dataset/Normal/2398_left.jpg,Normal,T2_ODIR,/kaggle/input/datasets/rayeedaabir/odir-preprocessed/organized_odir_dataset/Glaucoma/1227_left.jpg,Glaucoma,4
T2_ODIR,/kaggle/input/datasets/rayeedaabir/odir-preprocessed/organized_odir_dataset/Normal/2409_right.jpg,Normal,T2_ODIR,/kaggle/input/datasets/rayeedaabir/odir-preprocessed/organized_odir_dataset/Cataract/1444_right.jpg,Cataract,4
T2_ODIR,/kaggle/input/datasets/rayeedaabir/odir-preprocessed/organized_odir_dataset/Normal/2418_right.jpg,Normal,T2_ODIR,/kaggle/input/datasets/rayeedaabir/odir-preprocessed/organized_odir_dataset/Glaucoma/1405_right.jpg,Glaucoma,4
T2_ODIR,/kaggle/input/datasets/rayeedaabir/odir-preprocessed/organized_odir_dataset/Normal/2420_right.jpg,Normal,T2_ODIR,/kaggle/input/datasets/rayeedaabir/odir-preprocessed/organized_odir_dataset/Myopia/481_right.jpg,Myopia,4
T2_ODIR,/kaggle/input/datasets/rayeedaabir/odir-preprocessed/organized_odir_dataset/Normal/2426_left.jpg,Normal,T2_ODIR,/kaggle/input/datasets/rayeedaabir/odir-preprocessed/organized_odir_dataset/Glaucoma/1227_left.jpg,Glaucoma,4
T2_ODIR,/kaggle/input/datasets/rayeedaabir/odir-preprocessed/organized_odir_dataset/Normal/2431_right.jpg,Normal,T1_APTOS,/kaggle/input/datasets/mariaherrerot/aptos2019/train_images/train_images/5ba156a35ff2.png,No DR,2
T2_ODIR,/kaggle/input/datasets/rayeedaabir/odir-preprocessed/organized_odir_dataset/Normal/2437_left.jpg,Normal,T2_ODIR,/kaggle/input/datasets/rayeedaabir/odir-preprocessed/organized_odir_dataset/AMD/1869_right.jpg,AMD,4
T2_ODIR,/kaggle/input/datasets/rayeedaabir/odir-preprocessed/organized_odir_dataset/Normal/2442_left.jpg,Normal,T2_ODIR,/kaggle/input/datasets/rayeedaabir/odir-preprocessed/organized_odir_dataset/Glaucoma/2074_left.jpg,Glaucoma,4
T2_ODIR,/kaggle/input/datasets/rayeedaabir/odir-preprocessed/organized_odir_dataset/Normal/2446_left.jpg,Normal,T2_ODIR,/kaggle/input/datasets/rayeedaabir/odir-preprocessed/organized_odir_dataset/Glaucoma/1450_left.jpg,Glaucoma,4
T2_ODIR,/kaggle/input/datasets/rayeedaabir/odir-preprocessed/organized_odir_dataset/Normal/2463_left.jpg,Normal,T2_ODIR,/kaggle/input/datasets/rayeedaabir/odir-preprocessed/organized_odir_dataset/Glaucoma/1227_left.jpg,Glaucoma,4
T2_ODIR,/kaggle/input/datasets/rayeedaabir/odir-preprocessed/organized_odir_dataset/Normal/2466_left.jpg,Normal,T2_ODIR,/kaggle/input/datasets/rayeedaabir/odir-preprocessed/organized_odir_dataset/Hypertension/179_left.jpg,Hypertension,4
T2_ODIR,/kaggle/input/datasets/rayeedaabir/odir-preprocessed/organized_odir_dataset/Normal/2471_left.jpg,Normal,T2_ODIR,/kaggle/input/datasets/rayeedaabir/odir-preprocessed/organized_odir_dataset/Glaucoma/1325_left.jpg,Glaucoma,4
T2_ODIR,/kaggle/input/datasets/rayeedaabir/odir-preprocessed/organized_odir_dataset/Normal/2479_left.jpg,Normal,T2_ODIR,/kaggle/input/datasets/rayeedaabir/odir-preprocessed/organized_odir_dataset/Normal/2428_left.jpg,Normal,4
T2_ODIR,/kaggle/input/datasets/rayeedaabir/odir-preprocessed/organized_odir_dataset/Normal/2479_right.jpg,Normal,T1_APTOS,/kaggle/input/datasets/mariaherrerot/aptos2019/train_images/train_images/61c667663f2f.png,No DR,4
T2_ODIR,/kaggle/input/datasets/rayeedaabir/odir-preprocessed/organized_odir_dataset/Normal/2483_left.jpg,Normal,T1_APTOS,/kaggle/input/datasets/mariaherrerot/aptos2019/train_images/train_images/504a69096fcb.png,No DR,4
T2_ODIR,/kaggle/input/datasets/rayeedaabir/odir-preprocessed/organized_odir_dataset/Normal/2484_left.jpg,Normal,T1_APTOS,/kaggle/input/datasets/mariaherrerot/aptos2019/train_images/train_images/80c67efc8101.png,No DR,4
T2_ODIR,/kaggle/input/datasets/rayeedaabir/odir-preprocessed/organized_odir_dataset/Normal/2496_right.jpg,Normal,T1_APTOS,/kaggle/input/datasets/mariaherrerot/aptos2019/train_images/train_images/3d663a6a50a3.png,Moderate DR,4
T2_ODIR,/kaggle/input/datasets/rayeedaabir/odir-preprocessed/organized_odir_dataset/Normal/2501_left.jpg,Normal,T2_ODIR,/kaggle/input/datasets/rayeedaabir/odir-preprocessed/organized_odir_dataset/Cataract/2237_left.jpg,Cataract,4
T2_ODIR,/kaggle/input/datasets/rayeedaabir/odir-preprocessed/organized_odir_dataset/Normal/2505_left.jpg,Normal,T2_ODIR,/kaggle/input/datasets/rayeedaabir/odir-preprocessed/organized_odir_dataset/AMD/815_left.jpg,AMD,4
T2_ODIR,/kaggle/input/datasets/rayeedaabir/odir-preprocessed/organized_odir_dataset/Normal/2506_left.jpg,Normal,T2_ODIR,/kaggle/input/datasets/rayeedaabir/odir-preprocessed/organized_odir_dataset/Hypertension/23_left.jpg,Hypertension,4
T2_ODIR,/kaggle/input/datasets/rayeedaabir/odir-preprocessed/organized_odir_dataset/Normal/2518_left.jpg,Normal,T2_ODIR,/kaggle/input/datasets/rayeedaabir/odir-preprocessed/organized_odir_dataset/AMD/1890_left.jpg,AMD,4
T2_ODIR,/kaggle/input/datasets/rayeedaabir/odir-preprocessed/organized_odir_dataset/Normal/2531_left.jpg,Normal,T1_APTOS,/kaggle/input/datasets/mariaherrerot/aptos2019/train_images/train_images/6c00dd8bf708.png,No DR,4
T2_ODIR,/kaggle/input/datasets/rayeedaabir/odir-preprocessed/organized_odir_dataset/Normal/2532_left.jpg,Normal,T2_ODIR,/kaggle/input/datasets/rayeedaabir/odir-preprocessed/organized_odir_dataset/Glaucoma/1429_left.jpg,Glaucoma,2
T2_ODIR,/kaggle/input/datasets/rayeedaabir/odir-preprocessed/organized_odir_dataset/Normal/2532_right.jpg,Normal,T2_ODIR,/kaggle/input/datasets/rayeedaabir/odir-preprocessed/organized_odir_dataset/Normal/2443_right.jpg,Normal,4
T2_ODIR,/kaggle/input/datasets/rayeedaabir/odir-preprocessed/organized_odir_dataset/Normal/2538_left.jpg,Normal,T2_ODIR,/kaggle/input/datasets/rayeedaabir/odir-preprocessed/organized_odir_dataset/Glaucoma/247_left.jpg,Glaucoma,4
T2_ODIR,/kaggle/input/datasets/rayeedaabir/odir-preprocessed/organized_odir_dataset/Normal/2551_left.jpg,Normal,T2_ODIR,/kaggle/input/datasets/rayeedaabir/odir-preprocessed/organized_odir_dataset/Normal/2497_left.jpg,Normal,4
T2_ODIR,/kaggle/input/datasets/rayeedaabir/odir-preprocessed/organized_odir_dataset/Normal/2587_left.jpg,Normal,T1_APTOS,/kaggle/input/datasets/mariaherrerot/aptos2019/train_images/train_images/1fb455685328.png,No DR,2
T2_ODIR,/kaggle/input/datasets/rayeedaabir/odir-preprocessed/organized_odir_dataset/Normal/2588_left.jpg,Normal,T2_ODIR,/kaggle/input/datasets/rayeedaabir/odir-preprocessed/organized_odir_dataset/Cataract/2142_left.jpg,Cataract,4
T2_ODIR,/kaggle/input/datasets/rayeedaabir/odir-preprocessed/organized_odir_dataset/Normal/2591_left.jpg,Normal,T2_ODIR,/kaggle/input/datasets/rayeedaabir/odir-preprocessed/organized_odir_dataset/Cataract/1454_left.jpg,Cataract,4
T2_ODIR,/kaggle/input/datasets/rayeedaabir/odir-preprocessed/organized_odir_dataset/Normal/2592_left.jpg,Normal,T1_APTOS,/kaggle/input/datasets/mariaherrerot/aptos2019/train_images/train_images/a3bd2e034614.png,No DR,4
T2_ODIR,/kaggle/input/datasets/rayeedaabir/odir-preprocessed/organized_odir_dataset/Normal/2592_right.jpg,Normal,T1_APTOS,/kaggle/input/datasets/mariaherrerot/aptos2019/train_images/train_images/3d663a6a50a3.png,Moderate DR,2
T2_ODIR,/kaggle/input/datasets/rayeedaabir/odir-preprocessed/organized_odir_dataset/Normal/2595_left.jpg,Normal,T1_APTOS,/kaggle/input/datasets/mariaherrerot/aptos2019/train_images/train_images/8a81f62320d6.png,No DR,4
T2_ODIR,/kaggle/input/datasets/rayeedaabir/odir-preprocessed/organized_odir_dataset/Normal/2596_left.jpg,Normal,T2_ODIR,/kaggle/input/datasets/rayeedaabir/odir-preprocessed/organized_odir_dataset/Hypertension/300_left.jpg,Hypertension,4
T2_ODIR,/kaggle/input/datasets/rayeedaabir/odir-preprocessed/organized_odir_dataset/Normal/2602_left.jpg,Normal,T1_APTOS,/kaggle/input/datasets/mariaherrerot/aptos2019/train_images/train_images/99240ee00485.png,No DR,2
T2_ODIR,/kaggle/input/datasets/rayeedaabir/odir-preprocessed/organized_odir_dataset/Normal/2602_right.jpg,Normal,T1_APTOS,/kaggle/input/datasets/mariaherrerot/aptos2019/train_images/train_images/8660e1864665.png,No DR,4
T2_ODIR,/kaggle/input/datasets/rayeedaabir/odir-preprocessed/organized_odir_dataset/Normal/2604_right.jpg,Normal,T1_APTOS,/kaggle/input/datasets/mariaherrerot/aptos2019/train_images/train_images/45369821d6a3.png,No DR,4
T2_ODIR,/kaggle/input/datasets/rayeedaabir/odir-preprocessed/organized_odir_dataset/Normal/2612_left.jpg,Normal,T2_ODIR,/kaggle/input/datasets/rayeedaabir/odir-preprocessed/organized_odir_dataset/Normal/2599_left.jpg,Normal,4
T2_ODIR,/kaggle/input/datasets/rayeedaabir/odir-preprocessed/organized_odir_dataset/Normal/2613_right.jpg,Normal,T1_APTOS,/kaggle/input/datasets/mariaherrerot/aptos2019/train_images/train_images/501c319f7a9f.png,No DR,4
T2_ODIR,/kaggle/input/datasets/rayeedaabir/odir-preprocessed/organized_odir_dataset/Normal/2614_left.jpg,Normal,T2_ODIR,/kaggle/input/datasets/rayeedaabir/odir-preprocessed/organized_odir_dataset/AMD/377_left.jpg,AMD,4
T2_ODIR,/kaggle/input/datasets/rayeedaabir/odir-preprocessed/organized_odir_dataset/Normal/2616_left.jpg,Normal,T2_ODIR,/kaggle/input/datasets/rayeedaabir/odir-preprocessed/organized_odir_dataset/Normal/2594_left.jpg,Normal,4
T2_ODIR,/kaggle/input/datasets/rayeedaabir/odir-preprocessed/organized_odir_dataset/Normal/2618_left.jpg,Normal,T2_ODIR,/kaggle/input/datasets/rayeedaabir/odir-preprocessed/organized_odir_dataset/Normal/2469_left.jpg,Normal,4
T2_ODIR,/kaggle/input/datasets/rayeedaabir/odir-preprocessed/organized_odir_dataset/Normal/2644_right.jpg,Normal,T2_ODIR,/kaggle/input/datasets/rayeedaabir/odir-preprocessed/organized_odir_dataset/Glaucoma/1421_right.jpg,Glaucoma,4
T2_ODIR,/kaggle/input/datasets/rayeedaabir/odir-preprocessed/organized_odir_dataset/Normal/2645_right.jpg,Normal,T2_ODIR,/kaggle/input/datasets/rayeedaabir/odir-preprocessed/organized_odir_dataset/Normal/2430_right.jpg,Normal,4
T2_ODIR,/kaggle/input/datasets/rayeedaabir/odir-preprocessed/organized_odir_dataset/Normal/2655_left.jpg,Normal,T2_ODIR,/kaggle/input/datasets/rayeedaabir/odir-preprocessed/organized_odir_dataset/Cataract/2142_left.jpg,Cataract,4
T2_ODIR,/kaggle/input/datasets/rayeedaabir/odir-preprocessed/organized_odir_dataset/Normal/2659_right.jpg,Normal,T2_ODIR,/kaggle/input/datasets/rayeedaabir/odir-preprocessed/organized_odir_dataset/Normal/2655_right.jpg,Normal,4
T2_ODIR,/kaggle/input/datasets/rayeedaabir/odir-preprocessed/organized_odir_dataset/Normal/2675_right.jpg,Normal,T2_ODIR,/kaggle/input/datasets/rayeedaabir/odir-preprocessed/organized_odir_dataset/Myopia/174_left.jpg,Myopia,4
T2_ODIR,/kaggle/input/datasets/rayeedaabir/odir-preprocessed/organized_odir_dataset/Normal/2677_left.jpg,Normal,T2_ODIR,/kaggle/input/datasets/rayeedaabir/odir-preprocessed/organized_odir_dataset/Cataract/2243_right.jpg,Cataract,4
T2_ODIR,/kaggle/input/datasets/rayeedaabir/odir-preprocessed/organized_odir_dataset/Normal/2680_left.jpg,Normal,T1_APTOS,/kaggle/input/datasets/mariaherrerot/aptos2019/train_images/train_images/63b4d030b016.png,Proliferative DR,4
T2_ODIR,/kaggle/input/datasets/rayeedaabir/odir-preprocessed/organized_odir_dataset/Normal/2684_left.jpg,Normal,T2_ODIR,/kaggle/input/datasets/rayeedaabir/odir-preprocessed/organized_odir_dataset/Normal/2568_left.jpg,Normal,4
T2_ODIR,/kaggle/input/datasets/rayeedaabir/odir-preprocessed/organized_odir_dataset/Normal/2684_right.jpg,Normal,T2_ODIR,/kaggle/input/datasets/rayeedaabir/odir-preprocessed/organized_odir_dataset/Normal/2621_right.jpg,Normal,4
T2_ODIR,/kaggle/input/datasets/rayeedaabir/odir-preprocessed/organized_odir_dataset/Normal/2696_right.jpg,Normal,T2_ODIR,/kaggle/input/datasets/rayeedaabir/odir-preprocessed/organized_odir_dataset/Normal/2616_right.jpg,Normal,4
T2_ODIR,/kaggle/input/datasets/rayeedaabir/odir-preprocessed/organized_odir_dataset/Normal/2706_left.jpg,Normal,T2_ODIR,/kaggle/input/datasets/rayeedaabir/odir-preprocessed/organized_odir_dataset/Glaucoma/1227_left.jpg,Glaucoma,4
T2_ODIR,/kaggle/input/datasets/rayeedaabir/odir-preprocessed/organized_odir_dataset/Normal/2707_right.jpg,Normal,T2_ODIR,/kaggle/input/datasets/rayeedaabir/odir-preprocessed/organized_odir_dataset/Normal/2621_right.jpg,Normal,4
T2_ODIR,/kaggle/input/datasets/rayeedaabir/odir-preprocessed/organized_odir_dataset/Normal/2711_left.jpg,Normal,T1_APTOS,/kaggle/input/datasets/mariaherrerot/aptos2019/val_images/val_images/025a169a0bb0.png,Moderate DR,4
T2_ODIR,/kaggle/input/datasets/rayeedaabir/odir-preprocessed/organized_odir_dataset/Normal/2712_right.jpg,Normal,T2_ODIR,/kaggle/input/datasets/rayeedaabir/odir-preprocessed/organized_odir_dataset/Glaucoma/1436_right.jpg,Glaucoma,4
T2_ODIR,/kaggle/input/datasets/rayeedaabir/odir-preprocessed/organized_odir_dataset/Normal/2715_left.jpg,Normal,T1_APTOS,/kaggle/input/datasets/mariaherrerot/aptos2019/test_images/test_images/f994a3b07935.png,No DR,4
T2_ODIR,/kaggle/input/datasets/rayeedaabir/odir-preprocessed/organized_odir_dataset/Normal/2716_left.jpg,Normal,T2_ODIR,/kaggle/input/datasets/rayeedaabir/odir-preprocessed/organized_odir_dataset/Normal/2353_left.jpg,Normal,4
T2_ODIR,/kaggle/input/datasets/rayeedaabir/odir-preprocessed/organized_odir_dataset/Normal/2717_right.jpg,Normal,T2_ODIR,/kaggle/input/datasets/rayeedaabir/odir-preprocessed/organized_odir_dataset/Normal/2471_right.jpg,Normal,2
T2_ODIR,/kaggle/input/datasets/rayeedaabir/odir-preprocessed/organized_odir_dataset/Normal/2738_right.jpg,Normal,T2_ODIR,/kaggle/input/datasets/rayeedaabir/odir-preprocessed/organized_odir_dataset/Normal/2430_right.jpg,Normal,4
T2_ODIR,/kaggle/input/datasets/rayeedaabir/odir-preprocessed/organized_odir_dataset/Normal/2749_right.jpg,Normal,T2_ODIR,/kaggle/input/datasets/rayeedaabir/odir-preprocessed/organized_odir_dataset/Glaucoma/1282_right.jpg,Glaucoma,4
T2_ODIR,/kaggle/input/datasets/rayeedaabir/odir-preprocessed/organized_odir_dataset/Normal/2752_right.jpg,Normal,T2_ODIR,/kaggle/input/datasets/rayeedaabir/odir-preprocessed/organized_odir_dataset/Normal/2505_right.jpg,Normal,2
T2_ODIR,/kaggle/input/datasets/rayeedaabir/odir-preprocessed/organized_odir_dataset/Normal/2755_left.jpg,Normal,T1_APTOS,/kaggle/input/datasets/mariaherrerot/aptos2019/train_images/train_images/3f98be586fe3.png,No DR,4
T2_ODIR,/kaggle/input/datasets/rayeedaabir/odir-preprocessed/organized_odir_dataset/Normal/2761_left.jpg,Normal,T2_ODIR,/kaggle/input/datasets/rayeedaabir/odir-preprocessed/organized_odir_dataset/Cataract/2243_right.jpg,Cataract,4
T2_ODIR,/kaggle/input/datasets/rayeedaabir/odir-preprocessed/organized_odir_dataset/Normal/2762_right.jpg,Normal,T1_APTOS,/kaggle/input/datasets/mariaherrerot/aptos2019/train_images/train_images/3dec415b188a.png,No DR,4
T2_ODIR,/kaggle/input/datasets/rayeedaabir/odir-preprocessed/organized_odir_dataset/Normal/2764_right.jpg,Normal,T1_APTOS,/kaggle/input/datasets/mariaherrerot/aptos2019/val_images/val_images/08bef347f40d.png,No DR,4
T2_ODIR,/kaggle/input/datasets/rayeedaabir/odir-preprocessed/organized_odir_dataset/Normal/2766_left.jpg,Normal,T1_APTOS,/kaggle/input/datasets/mariaherrerot/aptos2019/train_images/train_images/a384e688e228.png,No DR,4
T2_ODIR,/kaggle/input/datasets/rayeedaabir/odir-preprocessed/organized_odir_dataset/Normal/2766_right.jpg,Normal,T1_APTOS,/kaggle/input/datasets/mariaherrerot/aptos2019/train_images/train_images/8660e1864665.png,No DR,4
T2_ODIR,/kaggle/input/datasets/rayeedaabir/odir-preprocessed/organized_odir_dataset/Normal/2769_right.jpg,Normal,T2_ODIR,/kaggle/input/datasets/rayeedaabir/odir-preprocessed/organized_odir_dataset/Cataract/2145_right.jpg,Cataract,4
T2_ODIR,/kaggle/input/datasets/rayeedaabir/odir-preprocessed/organized_odir_dataset/Normal/2775_right.jpg,Normal,T2_ODIR,/kaggle/input/datasets/rayeedaabir/odir-preprocessed/organized_odir_dataset/Normal/2637_right.jpg,Normal,4
T2_ODIR,/kaggle/input/datasets/rayeedaabir/odir-preprocessed/organized_odir_dataset/Normal/2781_right.jpg,Normal,T2_ODIR,/kaggle/input/datasets/rayeedaabir/odir-preprocessed/organized_odir_dataset/Normal/2533_right.jpg,Normal,4
T2_ODIR,/kaggle/input/datasets/rayeedaabir/odir-preprocessed/organized_odir_dataset/Normal/2783_left.jpg,Normal,T1_APTOS,/kaggle/input/datasets/mariaherrerot/aptos2019/train_images/train_images/3325b1fe55d2.png,No DR,4
T2_ODIR,/kaggle/input/datasets/rayeedaabir/odir-preprocessed/organized_odir_dataset/Normal/2784_right.jpg,Normal,T2_ODIR,/kaggle/input/datasets/rayeedaabir/odir-preprocessed/organized_odir_dataset/Myopia/1610_right.jpg,Myopia,4
T2_ODIR,/kaggle/input/datasets/rayeedaabir/odir-preprocessed/organized_odir_dataset/Normal/2785_left.jpg,Normal,T2_ODIR,/kaggle/input/datasets/rayeedaabir/odir-preprocessed/organized_odir_dataset/Glaucoma/1344_left.jpg,Glaucoma,4
T2_ODIR,/kaggle/input/datasets/rayeedaabir/odir-preprocessed/organized_odir_dataset/Normal/2787_left.jpg,Normal,T2_ODIR,/kaggle/input/datasets/rayeedaabir/odir-preprocessed/organized_odir_dataset/Cataract/2142_left.jpg,Cataract,2
T2_ODIR,/kaggle/input/datasets/rayeedaabir/odir-preprocessed/organized_odir_dataset/Normal/2789_right.jpg,Normal,T2_ODIR,/kaggle/input/datasets/rayeedaabir/odir-preprocessed/organized_odir_dataset/Cataract/1102_right.jpg,Cataract,4
T2_ODIR,/kaggle/input/datasets/rayeedaabir/odir-preprocessed/organized_odir_dataset/Normal/2791_left.jpg,Normal,T1_APTOS,/kaggle/input/datasets/mariaherrerot/aptos2019/train_images/train_images/a3bd2e034614.png,No DR,2
T2_ODIR,/kaggle/input/datasets/rayeedaabir/odir-preprocessed/organized_odir_dataset/Normal/2794_left.jpg,Normal,T2_ODIR,/kaggle/input/datasets/rayeedaabir/odir-preprocessed/organized_odir_dataset/AMD/455_left.jpg,AMD,4
T2_ODIR,/kaggle/input/datasets/rayeedaabir/odir-preprocessed/organized_odir_dataset/Normal/2801_right.jpg,Normal,T2_ODIR,/kaggle/input/datasets/rayeedaabir/odir-preprocessed/organized_odir_dataset/Normal/2746_right.jpg,Normal,2
T2_ODIR,/kaggle/input/datasets/rayeedaabir/odir-preprocessed/organized_odir_dataset/Normal/2803_right.jpg,Normal,T2_ODIR,/kaggle/input/datasets/rayeedaabir/odir-preprocessed/organized_odir_dataset/Normal/2624_right.jpg,Normal,4
T2_ODIR,/kaggle/input/datasets/rayeedaabir/odir-preprocessed/organized_odir_dataset/Normal/2824_left.jpg,Normal,T2_ODIR,/kaggle/input/datasets/rayeedaabir/odir-preprocessed/organized_odir_dataset/Normal/2807_left.jpg,Normal,4
T2_ODIR,/kaggle/input/datasets/rayeedaabir/odir-preprocessed/organized_odir_dataset/Normal/2825_right.jpg,Normal,T2_ODIR,/kaggle/input/datasets/rayeedaabir/odir-preprocessed/organized_odir_dataset/Cataract/2142_left.jpg,Cataract,4
T2_ODIR,/kaggle/input/datasets/rayeedaabir/odir-preprocessed/organized_odir_dataset/Normal/2836_left.jpg,Normal,T2_ODIR,/kaggle/input/datasets/rayeedaabir/odir-preprocessed/organized_odir_dataset/Normal/2669_left.jpg,Normal,4
T2_ODIR,/kaggle/input/datasets/rayeedaabir/odir-preprocessed/organized_odir_dataset/Normal/2837_left.jpg,Normal,T1_APTOS,/kaggle/input/datasets/mariaherrerot/aptos2019/train_images/train_images/348598d01e18.png,No DR,4
T2_ODIR,/kaggle/input/datasets/rayeedaabir/odir-preprocessed/organized_odir_dataset/Normal/2839_left.jpg,Normal,T2_ODIR,/kaggle/input/datasets/rayeedaabir/odir-preprocessed/organized_odir_dataset/Cataract/254_left.jpg,Cataract,4
T2_ODIR,/kaggle/input/datasets/rayeedaabir/odir-preprocessed/organized_odir_dataset/Normal/2839_right.jpg,Normal,T2_ODIR,/kaggle/input/datasets/rayeedaabir/odir-preprocessed/organized_odir_dataset/Normal/2513_right.jpg,Normal,4
T2_ODIR,/kaggle/input/datasets/rayeedaabir/odir-preprocessed/organized_odir_dataset/Normal/2842_left.jpg,Normal,T2_ODIR,/kaggle/input/datasets/rayeedaabir/odir-preprocessed/organized_odir_dataset/Glaucoma/1507_left.jpg,Glaucoma,4
T2_ODIR,/kaggle/input/datasets/rayeedaabir/odir-preprocessed/organized_odir_dataset/Normal/2849_right.jpg,Normal,T2_ODIR,/kaggle/input/datasets/rayeedaabir/odir-preprocessed/organized_odir_dataset/Glaucoma/1352_right.jpg,Glaucoma,4
T2_ODIR,/kaggle/input/datasets/rayeedaabir/odir-preprocessed/organized_odir_dataset/Normal/2862_left.jpg,Normal,T2_ODIR,/kaggle/input/datasets/rayeedaabir/odir-preprocessed/organized_odir_dataset/Glaucoma/1344_left.jpg,Glaucoma,4
T2_ODIR,/kaggle/input/datasets/rayeedaabir/odir-preprocessed/organized_odir_dataset/Normal/2865_left.jpg,Normal,T2_ODIR,/kaggle/input/datasets/rayeedaabir/odir-preprocessed/organized_odir_dataset/Normal/2590_left.jpg,Normal,4
T2_ODIR,/kaggle/input/datasets/rayeedaabir/odir-preprocessed/organized_odir_dataset/Normal/2869_left.jpg,Normal,T2_ODIR,/kaggle/input/datasets/rayeedaabir/odir-preprocessed/organized_odir_dataset/AMD/1873_right.jpg,AMD,2
T2_ODIR,/kaggle/input/datasets/rayeedaabir/odir-preprocessed/organized_odir_dataset/Normal/2874_right.jpg,Normal,T2_ODIR,/kaggle/input/datasets/rayeedaabir/odir-preprocessed/organized_odir_dataset/Hypertension/957_right.jpg,Hypertension,4
T2_ODIR,/kaggle/input/datasets/rayeedaabir/odir-preprocessed/organized_odir_dataset/Normal/2880_right.jpg,Normal,T2_ODIR,/kaggle/input/datasets/rayeedaabir/odir-preprocessed/organized_odir_dataset/Normal/2551_right.jpg,Normal,4
T2_ODIR,/kaggle/input/datasets/rayeedaabir/odir-preprocessed/organized_odir_dataset/Normal/2881_left.jpg,Normal,T2_ODIR,/kaggle/input/datasets/rayeedaabir/odir-preprocessed/organized_odir_dataset/Cataract/2197_left.jpg,Cataract,4
T2_ODIR,/kaggle/input/datasets/rayeedaabir/odir-preprocessed/organized_odir_dataset/Normal/2890_left.jpg,Normal,T2_ODIR,/kaggle/input/datasets/rayeedaabir/odir-preprocessed/organized_odir_dataset/Glaucoma/1344_left.jpg,Glaucoma,4
T2_ODIR,/kaggle/input/datasets/rayeedaabir/odir-preprocessed/organized_odir_dataset/Normal/2890_right.jpg,Normal,T2_ODIR,/kaggle/input/datasets/rayeedaabir/odir-preprocessed/organized_odir_dataset/Glaucoma/1439_right.jpg,Glaucoma,4
T2_ODIR,/kaggle/input/datasets/rayeedaabir/odir-preprocessed/organized_odir_dataset/Normal/2896_right.jpg,Normal,T2_ODIR,/kaggle/input/datasets/rayeedaabir/odir-preprocessed/organized_odir_dataset/Normal/2630_right.jpg,Normal,2
T2_ODIR,/kaggle/input/datasets/rayeedaabir/odir-preprocessed/organized_odir_dataset/Normal/2898_left.jpg,Normal,T2_ODIR,/kaggle/input/datasets/rayeedaabir/odir-preprocessed/organized_odir_dataset/Cataract/2235_left.jpg,Cataract,4
T2_ODIR,/kaggle/input/datasets/rayeedaabir/odir-preprocessed/organized_odir_dataset/Normal/2899_right.jpg,Normal,T1_APTOS,/kaggle/input/datasets/mariaherrerot/aptos2019/train_images/train_images/3d663a6a50a3.png,Moderate DR,4
T2_ODIR,/kaggle/input/datasets/rayeedaabir/odir-preprocessed/organized_odir_dataset/Normal/2907_left.jpg,Normal,T2_ODIR,/kaggle/input/datasets/rayeedaabir/odir-preprocessed/organized_odir_dataset/Glaucoma/1404_left.jpg,Glaucoma,4
T2_ODIR,/kaggle/input/datasets/rayeedaabir/odir-preprocessed/organized_odir_dataset/Normal/2914_left.jpg,Normal,T1_APTOS,/kaggle/input/datasets/mariaherrerot/aptos2019/train_images/train_images/6fe67fd7f5d1.png,No DR,4
T2_ODIR,/kaggle/input/datasets/rayeedaabir/odir-preprocessed/organized_odir_dataset/Normal/2914_right.jpg,Normal,T2_ODIR,/kaggle/input/datasets/rayeedaabir/odir-preprocessed/organized_odir_dataset/AMD/1873_right.jpg,AMD,4
T2_ODIR,/kaggle/input/datasets/rayeedaabir/odir-preprocessed/organized_odir_dataset/Normal/2927_right.jpg,Normal,T2_ODIR,/kaggle/input/datasets/rayeedaabir/odir-preprocessed/organized_odir_dataset/Glaucoma/43_right.jpg,Glaucoma,2
T2_ODIR,/kaggle/input/datasets/rayeedaabir/odir-preprocessed/organized_odir_dataset/Normal/2929_left.jpg,Normal,T2_ODIR,/kaggle/input/datasets/rayeedaabir/odir-preprocessed/organized_odir_dataset/Normal/2769_left.jpg,Normal,4
T2_ODIR,/kaggle/input/datasets/rayeedaabir/odir-preprocessed/organized_odir_dataset/Normal/2929_right.jpg,Normal,T2_ODIR,/kaggle/input/datasets/rayeedaabir/odir-preprocessed/organized_odir_dataset/Normal/2817_right.jpg,Normal,4
T2_ODIR,/kaggle/input/datasets/rayeedaabir/odir-preprocessed/organized_odir_dataset/Normal/2935_left.jpg,Normal,T2_ODIR,/kaggle/input/datasets/rayeedaabir/odir-preprocessed/organized_odir_dataset/Normal/2352_left.jpg,Normal,4
T2_ODIR,/kaggle/input/datasets/rayeedaabir/odir-preprocessed/organized_odir_dataset/Normal/2936_right.jpg,Normal,T2_ODIR,/kaggle/input/datasets/rayeedaabir/odir-preprocessed/organized_odir_dataset/Hypertension/957_right.jpg,Hypertension,4
T2_ODIR,/kaggle/input/datasets/rayeedaabir/odir-preprocessed/organized_odir_dataset/Normal/2945_left.jpg,Normal,T2_ODIR,/kaggle/input/datasets/rayeedaabir/odir-preprocessed/organized_odir_dataset/Normal/2373_left.jpg,Normal,4
T2_ODIR,/kaggle/input/datasets/rayeedaabir/odir-preprocessed/organized_odir_dataset/Normal/2945_right.jpg,Normal,T2_ODIR,/kaggle/input/datasets/rayeedaabir/odir-preprocessed/organized_odir_dataset/Normal/2463_right.jpg,Normal,4
T2_ODIR,/kaggle/input/datasets/rayeedaabir/odir-preprocessed/organized_odir_dataset/Normal/2949_left.jpg,Normal,T2_ODIR,/kaggle/input/datasets/rayeedaabir/odir-preprocessed/organized_odir_dataset/Glaucoma/1462_left.jpg,Glaucoma,4
T2_ODIR,/kaggle/input/datasets/rayeedaabir/odir-preprocessed/organized_odir_dataset/Normal/2954_right.jpg,Normal,T1_APTOS,/kaggle/input/datasets/mariaherrerot/aptos2019/test_images/test_images/eabf421f94d0.png,No DR,4
T2_ODIR,/kaggle/input/datasets/rayeedaabir/odir-preprocessed/organized_odir_dataset/Normal/2955_right.jpg,Normal,T2_ODIR,/kaggle/input/datasets/rayeedaabir/odir-preprocessed/organized_odir_dataset/Normal/2565_right.jpg,Normal,4
T2_ODIR,/kaggle/input/datasets/rayeedaabir/odir-preprocessed/organized_odir_dataset/Normal/2966_left.jpg,Normal,T2_ODIR,/kaggle/input/datasets/rayeedaabir/odir-preprocessed/organized_odir_dataset/Glaucoma/1247_left.jpg,Glaucoma,2
T2_ODIR,/kaggle/input/datasets/rayeedaabir/odir-preprocessed/organized_odir_dataset/Normal/2971_right.jpg,Normal,T2_ODIR,/kaggle/input/datasets/rayeedaabir/odir-preprocessed/organized_odir_dataset/Glaucoma/1362_right.jpg,Glaucoma,4
T2_ODIR,/kaggle/input/datasets/rayeedaabir/odir-preprocessed/organized_odir_dataset/Normal/2984_left.jpg,Normal,T2_ODIR,/kaggle/input/datasets/rayeedaabir/odir-preprocessed/organized_odir_dataset/Normal/2644_left.jpg,Normal,4
T2_ODIR,/kaggle/input/datasets/rayeedaabir/odir-preprocessed/organized_odir_dataset/Normal/2986_right.jpg,Normal,T2_ODIR,/kaggle/input/datasets/rayeedaabir/odir-preprocessed/organized_odir_dataset/Glaucoma/1269_right.jpg,Glaucoma,4
T2_ODIR,/kaggle/input/datasets/rayeedaabir/odir-preprocessed/organized_odir_dataset/Normal/2987_left.jpg,Normal,T1_APTOS,/kaggle/input/datasets/mariaherrerot/aptos2019/train_images/train_images/80c67efc8101.png,No DR,4
T2_ODIR,/kaggle/input/datasets/rayeedaabir/odir-preprocessed/organized_odir_dataset/Normal/2987_right.jpg,Normal,T1_APTOS,/kaggle/input/datasets/mariaherrerot/aptos2019/test_images/test_images/e60e4edb3ca9.png,No DR,4
T2_ODIR,/kaggle/input/datasets/rayeedaabir/odir-preprocessed/organized_odir_dataset/Normal/2988_left.jpg,Normal,T2_ODIR,/kaggle/input/datasets/rayeedaabir/odir-preprocessed/organized_odir_dataset/Normal/2417_left.jpg,Normal,4
T2_ODIR,/kaggle/input/datasets/rayeedaabir/odir-preprocessed/organized_odir_dataset/Normal/2997_left.jpg,Normal,T2_ODIR,/kaggle/input/datasets/rayeedaabir/odir-preprocessed/organized_odir_dataset/Normal/2575_left.jpg,Normal,4
T2_ODIR,/kaggle/input/datasets/rayeedaabir/odir-preprocessed/organized_odir_dataset/Normal/2998_left.jpg,Normal,T1_APTOS,/kaggle/input/datasets/mariaherrerot/aptos2019/train_images/train_images/d3e884109b45.png,Severe DR,2
T2_ODIR,/kaggle/input/datasets/rayeedaabir/odir-preprocessed/organized_odir_dataset/Normal/2999_left.jpg,Normal,T2_ODIR,/kaggle/input/datasets/rayeedaabir/odir-preprocessed/organized_odir_dataset/AMD/1098_left.jpg,AMD,4
T2_ODIR,/kaggle/input/datasets/rayeedaabir/odir-preprocessed/organized_odir_dataset/Normal/3001_right.jpg,Normal,T2_ODIR,/kaggle/input/datasets/rayeedaabir/odir-preprocessed/organized_odir_dataset/Hypertension/1833_right.jpg,Hypertension,4
T2_ODIR,/kaggle/input/datasets/rayeedaabir/odir-preprocessed/organized_odir_dataset/Normal/3002_right.jpg,Normal,T1_APTOS,/kaggle/input/datasets/mariaherrerot/aptos2019/train_images/train_images/46c1548d730e.png,Moderate DR,4
T2_ODIR,/kaggle/input/datasets/rayeedaabir/odir-preprocessed/organized_odir_dataset/Normal/3003_left.jpg,Normal,T2_ODIR,/kaggle/input/datasets/rayeedaabir/odir-preprocessed/organized_odir_dataset/Cataract/2206_right.jpg,Cataract,4
T2_ODIR,/kaggle/input/datasets/rayeedaabir/odir-preprocessed/organized_odir_dataset/Normal/3009_left.jpg,Normal,T2_ODIR,/kaggle/input/datasets/rayeedaabir/odir-preprocessed/organized_odir_dataset/Glaucoma/1261_left.jpg,Glaucoma,4
T2_ODIR,/kaggle/input/datasets/rayeedaabir/odir-preprocessed/organized_odir_dataset/Normal/3010_right.jpg,Normal,T2_ODIR,/kaggle/input/datasets/rayeedaabir/odir-preprocessed/organized_odir_dataset/Normal/2902_right.jpg,Normal,4
T2_ODIR,/kaggle/input/datasets/rayeedaabir/odir-preprocessed/organized_odir_dataset/Normal/3011_right.jpg,Normal,T2_ODIR,/kaggle/input/datasets/rayeedaabir/odir-preprocessed/organized_odir_dataset/Glaucoma/1234_right.jpg,Glaucoma,4
T2_ODIR,/kaggle/input/datasets/rayeedaabir/odir-preprocessed/organized_odir_dataset/Normal/3012_left.jpg,Normal,T1_APTOS,/kaggle/input/datasets/mariaherrerot/aptos2019/val_images/val_images/025a169a0bb0.png,Moderate DR,4
T2_ODIR,/kaggle/input/datasets/rayeedaabir/odir-preprocessed/organized_odir_dataset/Normal/3028_left.jpg,Normal,T2_ODIR,/kaggle/input/datasets/rayeedaabir/odir-preprocessed/organized_odir_dataset/Hypertension/323_left.jpg,Hypertension,4
T2_ODIR,/kaggle/input/datasets/rayeedaabir/odir-preprocessed/organized_odir_dataset/Normal/3044_right.jpg,Normal,T1_APTOS,/kaggle/input/datasets/mariaherrerot/aptos2019/train_images/train_images/c18a006f7f1d.png,No DR,4
T2_ODIR,/kaggle/input/datasets/rayeedaabir/odir-preprocessed/organized_odir_dataset/Normal/3045_right.jpg,Normal,T2_ODIR,/kaggle/input/datasets/rayeedaabir/odir-preprocessed/organized_odir_dataset/Normal/2498_right.jpg,Normal,4
T2_ODIR,/kaggle/input/datasets/rayeedaabir/odir-preprocessed/organized_odir_dataset/Normal/3047_left.jpg,Normal,T2_ODIR,/kaggle/input/datasets/rayeedaabir/odir-preprocessed/organized_odir_dataset/Normal/2365_left.jpg,Normal,4
T2_ODIR,/kaggle/input/datasets/rayeedaabir/odir-preprocessed/organized_odir_dataset/Normal/3049_left.jpg,Normal,T1_APTOS,/kaggle/input/datasets/mariaherrerot/aptos2019/train_images/train_images/465c618f7b23.png,Moderate DR,4
T2_ODIR,/kaggle/input/datasets/rayeedaabir/odir-preprocessed/organized_odir_dataset/Normal/3051_left.jpg,Normal,T2_ODIR,/kaggle/input/datasets/rayeedaabir/odir-preprocessed/organized_odir_dataset/Cataract/553_left.jpg,Cataract,2
T2_ODIR,/kaggle/input/datasets/rayeedaabir/odir-preprocessed/organized_odir_dataset/Normal/3054_left.jpg,Normal,T2_ODIR,/kaggle/input/datasets/rayeedaabir/odir-preprocessed/organized_odir_dataset/Cataract/2108_left.jpg,Cataract,4
T2_ODIR,/kaggle/input/datasets/rayeedaabir/odir-preprocessed/organized_odir_dataset/Normal/3056_right.jpg,Normal,T2_ODIR,/kaggle/input/datasets/rayeedaabir/odir-preprocessed/organized_odir_dataset/Cataract/1102_right.jpg,Cataract,4
T2_ODIR,/kaggle/input/datasets/rayeedaabir/odir-preprocessed/organized_odir_dataset/Normal/3057_right.jpg,Normal,T2_ODIR,/kaggle/input/datasets/rayeedaabir/odir-preprocessed/organized_odir_dataset/Cataract/1102_right.jpg,Cataract,4
T2_ODIR,/kaggle/input/datasets/rayeedaabir/odir-preprocessed/organized_odir_dataset/Normal/3064_right.jpg,Normal,T2_ODIR,/kaggle/input/datasets/rayeedaabir/odir-preprocessed/organized_odir_dataset/Normal/2366_right.jpg,Normal,4
T2_ODIR,/kaggle/input/datasets/rayeedaabir/odir-preprocessed/organized_odir_dataset/Normal/3069_right.jpg,Normal,T1_APTOS,/kaggle/input/datasets/mariaherrerot/aptos2019/train_images/train_images/242fc19be06f.png,No DR,4
T2_ODIR,/kaggle/input/datasets/rayeedaabir/odir-preprocessed/organized_odir_dataset/Normal/3074_right.jpg,Normal,T1_APTOS,/kaggle/input/datasets/mariaherrerot/aptos2019/train_images/train_images/3dec415b188a.png,No DR,4
T2_ODIR,/kaggle/input/datasets/rayeedaabir/odir-preprocessed/organized_odir_dataset/Normal/3086_left.jpg,Normal,T2_ODIR,/kaggle/input/datasets/rayeedaabir/odir-preprocessed/organized_odir_dataset/AMD/1168_left.jpg,AMD,4
T2_ODIR,/kaggle/input/datasets/rayeedaabir/odir-preprocessed/organized_odir_dataset/Normal/3091_right.jpg,Normal,T1_APTOS,/kaggle/input/datasets/mariaherrerot/aptos2019/train_images/train_images/4826d10030b3.png,No DR,4
T2_ODIR,/kaggle/input/datasets/rayeedaabir/odir-preprocessed/organized_odir_dataset/Normal/3092_left.jpg,Normal,T2_ODIR,/kaggle/input/datasets/rayeedaabir/odir-preprocessed/organized_odir_dataset/Myopia/16_left.jpg,Myopia,2
T2_ODIR,/kaggle/input/datasets/rayeedaabir/odir-preprocessed/organized_odir_dataset/Normal/3093_right.jpg,Normal,T2_ODIR,/kaggle/input/datasets/rayeedaabir/odir-preprocessed/organized_odir_dataset/AMD/870_right.jpg,AMD,4
T2_ODIR,/kaggle/input/datasets/rayeedaabir/odir-preprocessed/organized_odir_dataset/Normal/3098_left.jpg,Normal,T2_ODIR,/kaggle/input/datasets/rayeedaabir/odir-preprocessed/organized_odir_dataset/Normal/2685_left.jpg,Normal,4
T2_ODIR,/kaggle/input/datasets/rayeedaabir/odir-preprocessed/organized_odir_dataset/Normal/3101_left.jpg,Normal,T2_ODIR,/kaggle/input/datasets/rayeedaabir/odir-preprocessed/organized_odir_dataset/AMD/815_left.jpg,AMD,4
T2_ODIR,/kaggle/input/datasets/rayeedaabir/odir-preprocessed/organized_odir_dataset/Normal/3110_right.jpg,Normal,T2_ODIR,/kaggle/input/datasets/rayeedaabir/odir-preprocessed/organized_odir_dataset/Normal/2737_right.jpg,Normal,4
T2_ODIR,/kaggle/input/datasets/rayeedaabir/odir-preprocessed/organized_odir_dataset/Normal/3113_left.jpg,Normal,T2_ODIR,/kaggle/input/datasets/rayeedaabir/odir-preprocessed/organized_odir_dataset/AMD/1854_left.jpg,AMD,4
T2_ODIR,/kaggle/input/datasets/rayeedaabir/odir-preprocessed/organized_odir_dataset/Normal/3114_left.jpg,Normal,T2_ODIR,/kaggle/input/datasets/rayeedaabir/odir-preprocessed/organized_odir_dataset/Normal/191_left.jpg,Normal,4
T2_ODIR,/kaggle/input/datasets/rayeedaabir/odir-preprocessed/organized_odir_dataset/Normal/3120_right.jpg,Normal,T1_APTOS,/kaggle/input/datasets/mariaherrerot/aptos2019/train_images/train_images/3d663a6a50a3.png,Moderate DR,4
T2_ODIR,/kaggle/input/datasets/rayeedaabir/odir-preprocessed/organized_odir_dataset/Normal/3132_left.jpg,Normal,T2_ODIR,/kaggle/input/datasets/rayeedaabir/odir-preprocessed/organized_odir_dataset/Glaucoma/1306_left.jpg,Glaucoma,4
T2_ODIR,/kaggle/input/datasets/rayeedaabir/odir-preprocessed/organized_odir_dataset/Normal/3137_left.jpg,Normal,T2_ODIR,/kaggle/input/datasets/rayeedaabir/odir-preprocessed/organized_odir_dataset/AMD/761_left.jpg,AMD,4
T2_ODIR,/kaggle/input/datasets/rayeedaabir/odir-preprocessed/organized_odir_dataset/Normal/3144_right.jpg,Normal,T1_APTOS,/kaggle/input/datasets/mariaherrerot/aptos2019/train_images/train_images/356304d15a5c.png,No DR,4
T2_ODIR,/kaggle/input/datasets/rayeedaabir/odir-preprocessed/organized_odir_dataset/Normal/3150_left.jpg,Normal,T2_ODIR,/kaggle/input/datasets/rayeedaabir/odir-preprocessed/organized_odir_dataset/Glaucoma/1314_left.jpg,Glaucoma,4
T2_ODIR,/kaggle/input/datasets/rayeedaabir/odir-preprocessed/organized_odir_dataset/Normal/3151_left.jpg,Normal,T2_ODIR,/kaggle/input/datasets/rayeedaabir/odir-preprocessed/organized_odir_dataset/Glaucoma/1218_left.jpg,Glaucoma,2
T2_ODIR,/kaggle/input/datasets/rayeedaabir/odir-preprocessed/organized_odir_dataset/Normal/3151_right.jpg,Normal,T1_APTOS,/kaggle/input/datasets/mariaherrerot/aptos2019/train_images/train_images/3d663a6a50a3.png,Moderate DR,2
T2_ODIR,/kaggle/input/datasets/rayeedaabir/odir-preprocessed/organized_odir_dataset/Normal/3162_left.jpg,Normal,T2_ODIR,/kaggle/input/datasets/rayeedaabir/odir-preprocessed/organized_odir_dataset/Normal/2838_left.jpg,Normal,4
T2_ODIR,/kaggle/input/datasets/rayeedaabir/odir-preprocessed/organized_odir_dataset/Normal/3163_right.jpg,Normal,T2_ODIR,/kaggle/input/datasets/rayeedaabir/odir-preprocessed/organized_odir_dataset/Normal/1054_right.jpg,Normal,4
T2_ODIR,/kaggle/input/datasets/rayeedaabir/odir-preprocessed/organized_odir_dataset/Normal/3172_right.jpg,Normal,T2_ODIR,/kaggle/input/datasets/rayeedaabir/odir-preprocessed/organized_odir_dataset/Normal/2860_right.jpg,Normal,4
T2_ODIR,/kaggle/input/datasets/rayeedaabir/odir-preprocessed/organized_odir_dataset/Normal/3173_left.jpg,Normal,T2_ODIR,/kaggle/input/datasets/rayeedaabir/odir-preprocessed/organized_odir_dataset/Glaucoma/1507_left.jpg,Glaucoma,2
T2_ODIR,/kaggle/input/datasets/rayeedaabir/odir-preprocessed/organized_odir_dataset/Normal/3174_left.jpg,Normal,T2_ODIR,/kaggle/input/datasets/rayeedaabir/odir-preprocessed/organized_odir_dataset/Normal/2978_right.jpg,Normal,4
T2_ODIR,/kaggle/input/datasets/rayeedaabir/odir-preprocessed/organized_odir_dataset/Normal/3184_left.jpg,Normal,T2_ODIR,/kaggle/input/datasets/rayeedaabir/odir-preprocessed/organized_odir_dataset/AMD/1098_left.jpg,AMD,4
T2_ODIR,/kaggle/input/datasets/rayeedaabir/odir-preprocessed/organized_odir_dataset/Normal/3185_left.jpg,Normal,T2_ODIR,/kaggle/input/datasets/rayeedaabir/odir-preprocessed/organized_odir_dataset/Normal/2487_left.jpg,Normal,0
T2_ODIR,/kaggle/input/datasets/rayeedaabir/odir-preprocessed/organized_odir_dataset/Normal/3185_right.jpg,Normal,T2_ODIR,/kaggle/input/datasets/rayeedaabir/odir-preprocessed/organized_odir_dataset/Normal/2487_right.jpg,Normal,0
T2_ODIR,/kaggle/input/datasets/rayeedaabir/odir-preprocessed/organized_odir_dataset/Normal/3187_right.jpg,Normal,T1_APTOS,/kaggle/input/datasets/mariaherrerot/aptos2019/test_images/test_images/eabf421f94d0.png,No DR,4
T2_ODIR,/kaggle/input/datasets/rayeedaabir/odir-preprocessed/organized_odir_dataset/Normal/3193_left.jpg,Normal,T2_ODIR,/kaggle/input/datasets/rayeedaabir/odir-preprocessed/organized_odir_dataset/Glaucoma/1307_left.jpg,Glaucoma,4
T2_ODIR,/kaggle/input/datasets/rayeedaabir/odir-preprocessed/organized_odir_dataset/Normal/3193_right.jpg,Normal,T1_APTOS,/kaggle/input/datasets/mariaherrerot/aptos2019/train_images/train_images/51cd8d2057fa.png,No DR,4
T2_ODIR,/kaggle/input/datasets/rayeedaabir/odir-preprocessed/organized_odir_dataset/Normal/3202_left.jpg,Normal,T1_APTOS,/kaggle/input/datasets/mariaherrerot/aptos2019/val_images/val_images/025a169a0bb0.png,Moderate DR,4
T2_ODIR,/kaggle/input/datasets/rayeedaabir/odir-preprocessed/organized_odir_dataset/Normal/3202_right.jpg,Normal,T2_ODIR,/kaggle/input/datasets/rayeedaabir/odir-preprocessed/organized_odir_dataset/Glaucoma/1351_right.jpg,Glaucoma,4
T2_ODIR,/kaggle/input/datasets/rayeedaabir/odir-preprocessed/organized_odir_dataset/Normal/3204_left.jpg,Normal,T2_ODIR,/kaggle/input/datasets/rayeedaabir/odir-preprocessed/organized_odir_dataset/Normal/2362_left.jpg,Normal,4
T2_ODIR,/kaggle/input/datasets/rayeedaabir/odir-preprocessed/organized_odir_dataset/Normal/3207_right.jpg,Normal,T2_ODIR,/kaggle/input/datasets/rayeedaabir/odir-preprocessed/organized_odir_dataset/Normal/2563_right.jpg,Normal,2
T2_ODIR,/kaggle/input/datasets/rayeedaabir/odir-preprocessed/organized_odir_dataset/Normal/3215_right.jpg,Normal,T2_ODIR,/kaggle/input/datasets/rayeedaabir/odir-preprocessed/organized_odir_dataset/Cataract/2195_right.jpg,Cataract,4
T2_ODIR,/kaggle/input/datasets/rayeedaabir/odir-preprocessed/organized_odir_dataset/Normal/3217_left.jpg,Normal,T1_APTOS,/kaggle/input/datasets/mariaherrerot/aptos2019/train_images/train_images/6c00dd8bf708.png,No DR,4
T2_ODIR,/kaggle/input/datasets/rayeedaabir/odir-preprocessed/organized_odir_dataset/Normal/3221_right.jpg,Normal,T2_ODIR,/kaggle/input/datasets/rayeedaabir/odir-preprocessed/organized_odir_dataset/Normal/3088_left.jpg,Normal,4
T2_ODIR,/kaggle/input/datasets/rayeedaabir/odir-preprocessed/organized_odir_dataset/Normal/3230_right.jpg,Normal,T2_ODIR,/kaggle/input/datasets/rayeedaabir/odir-preprocessed/organized_odir_dataset/Glaucoma/1282_right.jpg,Glaucoma,4
T2_ODIR,/kaggle/input/datasets/rayeedaabir/odir-preprocessed/organized_odir_dataset/Normal/3246_left.jpg,Normal,T1_APTOS,/kaggle/input/datasets/mariaherrerot/aptos2019/train_images/train_images/207dd0487264.png,No DR,4
T2_ODIR,/kaggle/input/datasets/rayeedaabir/odir-preprocessed/organized_odir_dataset/Normal/3247_right.jpg,Normal,T2_ODIR,/kaggle/input/datasets/rayeedaabir/odir-preprocessed/organized_odir_dataset/Normal/3065_right.jpg,Normal,4
T2_ODIR,/kaggle/input/datasets/rayeedaabir/odir-preprocessed/organized_odir_dataset/Normal/3251_right.jpg,Normal,T2_ODIR,/kaggle/input/datasets/rayeedaabir/odir-preprocessed/organized_odir_dataset/Cataract/2197_left.jpg,Cataract,4
T2_ODIR,/kaggle/input/datasets/rayeedaabir/odir-preprocessed/organized_odir_dataset/Normal/3253_left.jpg,Normal,T2_ODIR,/kaggle/input/datasets/rayeedaabir/odir-preprocessed/organized_odir_dataset/Normal/3134_left.jpg,Normal,4
T2_ODIR,/kaggle/input/datasets/rayeedaabir/odir-preprocessed/organized_odir_dataset/Normal/3261_left.jpg,Normal,T1_APTOS,/kaggle/input/datasets/mariaherrerot/aptos2019/train_images/train_images/b22354b5f94b.png,Mild DR,4
T2_ODIR,/kaggle/input/datasets/rayeedaabir/odir-preprocessed/organized_odir_dataset/Normal/3266_left.jpg,Normal,T2_ODIR,/kaggle/input/datasets/rayeedaabir/odir-preprocessed/organized_odir_dataset/Cataract/2197_left.jpg,Cataract,4
T2_ODIR,/kaggle/input/datasets/rayeedaabir/odir-preprocessed/organized_odir_dataset/Normal/3270_left.jpg,Normal,T1_APTOS,/kaggle/input/datasets/mariaherrerot/aptos2019/train_images/train_images/a3bd2e034614.png,No DR,4
T2_ODIR,/kaggle/input/datasets/rayeedaabir/odir-preprocessed/organized_odir_dataset/Normal/3283_left.jpg,Normal,T2_ODIR,/kaggle/input/datasets/rayeedaabir/odir-preprocessed/organized_odir_dataset/AMD/315_left.jpg,AMD,4
T2_ODIR,/kaggle/input/datasets/rayeedaabir/odir-preprocessed/organized_odir_dataset/Normal/3286_left.jpg,Normal,T2_ODIR,/kaggle/input/datasets/rayeedaabir/odir-preprocessed/organized_odir_dataset/Hypertension/1867_left.jpg,Hypertension,4
T2_ODIR,/kaggle/input/datasets/rayeedaabir/odir-preprocessed/organized_odir_dataset/Normal/3287_right.jpg,Normal,T2_ODIR,/kaggle/input/datasets/rayeedaabir/odir-preprocessed/organized_odir_dataset/Normal/3259_right.jpg,Normal,4
T2_ODIR,/kaggle/input/datasets/rayeedaabir/odir-preprocessed/organized_odir_dataset/Normal/3288_left.jpg,Normal,T2_ODIR,/kaggle/input/datasets/rayeedaabir/odir-preprocessed/organized_odir_dataset/AMD/164_left.jpg,AMD,4
T2_ODIR,/kaggle/input/datasets/rayeedaabir/odir-preprocessed/organized_odir_dataset/Normal/3288_right.jpg,Normal,T2_ODIR,/kaggle/input/datasets/rayeedaabir/odir-preprocessed/organized_odir_dataset/Normal/2471_right.jpg,Normal,4
T2_ODIR,/kaggle/input/datasets/rayeedaabir/odir-preprocessed/organized_odir_dataset/Normal/3294_left.jpg,Normal,T2_ODIR,/kaggle/input/datasets/rayeedaabir/odir-preprocessed/organized_odir_dataset/AMD/464_left.jpg,AMD,4
T2_ODIR,/kaggle/input/datasets/rayeedaabir/odir-preprocessed/organized_odir_dataset/Normal/3296_left.jpg,Normal,T2_ODIR,/kaggle/input/datasets/rayeedaabir/odir-preprocessed/organized_odir_dataset/Glaucoma/1214_left.jpg,Glaucoma,4
T2_ODIR,/kaggle/input/datasets/rayeedaabir/odir-preprocessed/organized_odir_dataset/Normal/3297_left.jpg,Normal,T2_ODIR,/kaggle/input/datasets/rayeedaabir/odir-preprocessed/organized_odir_dataset/Glaucoma/1214_left.jpg,Glaucoma,4
T2_ODIR,/kaggle/input/datasets/rayeedaabir/odir-preprocessed/organized_odir_dataset/Normal/3299_right.jpg,Normal,T2_ODIR,/kaggle/input/datasets/rayeedaabir/odir-preprocessed/organized_odir_dataset/Normal/2697_right.jpg,Normal,2
T2_ODIR,/kaggle/input/datasets/rayeedaabir/odir-preprocessed/organized_odir_dataset/Normal/3301_left.jpg,Normal,T2_ODIR,/kaggle/input/datasets/rayeedaabir/odir-preprocessed/organized_odir_dataset/Myopia/1673_left.jpg,Myopia,4
T2_ODIR,/kaggle/input/datasets/rayeedaabir/odir-preprocessed/organized_odir_dataset/Normal/3304_right.jpg,Normal,T2_ODIR,/kaggle/input/datasets/rayeedaabir/odir-preprocessed/organized_odir_dataset/Normal/2982_left.jpg,Normal,4
T2_ODIR,/kaggle/input/datasets/rayeedaabir/odir-preprocessed/organized_odir_dataset/Normal/3308_left.jpg,Normal,T1_APTOS,/kaggle/input/datasets/mariaherrerot/aptos2019/train_images/train_images/63b4d030b016.png,Proliferative DR,4
T2_ODIR,/kaggle/input/datasets/rayeedaabir/odir-preprocessed/organized_odir_dataset/Normal/3310_left.jpg,Normal,T2_ODIR,/kaggle/input/datasets/rayeedaabir/odir-preprocessed/organized_odir_dataset/Normal/2835_left.jpg,Normal,2
T2_ODIR,/kaggle/input/datasets/rayeedaabir/odir-preprocessed/organized_odir_dataset/Normal/3315_right.jpg,Normal,T2_ODIR,/kaggle/input/datasets/rayeedaabir/odir-preprocessed/organized_odir_dataset/Hypertension/968_right.jpg,Hypertension,4
T2_ODIR,/kaggle/input/datasets/rayeedaabir/odir-preprocessed/organized_odir_dataset/Normal/3323_left.jpg,Normal,T2_ODIR,/kaggle/input/datasets/rayeedaabir/odir-preprocessed/organized_odir_dataset/Normal/2666_left.jpg,Normal,4
T2_ODIR,/kaggle/input/datasets/rayeedaabir/odir-preprocessed/organized_odir_dataset/Normal/3324_right.jpg,Normal,T2_ODIR,/kaggle/input/datasets/rayeedaabir/odir-preprocessed/organized_odir_dataset/Normal/2693_right.jpg,Normal,4
T2_ODIR,/kaggle/input/datasets/rayeedaabir/odir-preprocessed/organized_odir_dataset/Normal/3327_left.jpg,Normal,T2_ODIR,/kaggle/input/datasets/rayeedaabir/odir-preprocessed/organized_odir_dataset/Glaucoma/1325_left.jpg,Glaucoma,4
T2_ODIR,/kaggle/input/datasets/rayeedaabir/odir-preprocessed/organized_odir_dataset/Normal/3330_right.jpg,Normal,T2_ODIR,/kaggle/input/datasets/rayeedaabir/odir-preprocessed/organized_odir_dataset/Normal/2363_right.jpg,Normal,4
T2_ODIR,/kaggle/input/datasets/rayeedaabir/odir-preprocessed/organized_odir_dataset/Normal/3335_right.jpg,Normal,T2_ODIR,/kaggle/input/datasets/rayeedaabir/odir-preprocessed/organized_odir_dataset/Normal/3327_right.jpg,Normal,4
T2_ODIR,/kaggle/input/datasets/rayeedaabir/odir-preprocessed/organized_odir_dataset/Normal/3340_left.jpg,Normal,T2_ODIR,/kaggle/input/datasets/rayeedaabir/odir-preprocessed/organized_odir_dataset/Normal/3245_left.jpg,Normal,4
T2_ODIR,/kaggle/input/datasets/rayeedaabir/odir-preprocessed/organized_odir_dataset/Normal/3342_right.jpg,Normal,T2_ODIR,/kaggle/input/datasets/rayeedaabir/odir-preprocessed/organized_odir_dataset/Normal/3332_right.jpg,Normal,4
T2_ODIR,/kaggle/input/datasets/rayeedaabir/odir-preprocessed/organized_odir_dataset/Normal/3347_left.jpg,Normal,T2_ODIR,/kaggle/input/datasets/rayeedaabir/odir-preprocessed/organized_odir_dataset/Normal/3017_left.jpg,Normal,4
T2_ODIR,/kaggle/input/datasets/rayeedaabir/odir-preprocessed/organized_odir_dataset/Normal/3350_left.jpg,Normal,T2_ODIR,/kaggle/input/datasets/rayeedaabir/odir-preprocessed/organized_odir_dataset/Normal/2923_left.jpg,Normal,4
T2_ODIR,/kaggle/input/datasets/rayeedaabir/odir-preprocessed/organized_odir_dataset/Normal/3350_right.jpg,Normal,T2_ODIR,/kaggle/input/datasets/rayeedaabir/odir-preprocessed/organized_odir_dataset/Cataract/2137_right.jpg,Cataract,4
T2_ODIR,/kaggle/input/datasets/rayeedaabir/odir-preprocessed/organized_odir_dataset/Normal/3353_left.jpg,Normal,T2_ODIR,/kaggle/input/datasets/rayeedaabir/odir-preprocessed/organized_odir_dataset/Glaucoma/2006_left.jpg,Glaucoma,4
T2_ODIR,/kaggle/input/datasets/rayeedaabir/odir-preprocessed/organized_odir_dataset/Normal/3354_right.jpg,Normal,T2_ODIR,/kaggle/input/datasets/rayeedaabir/odir-preprocessed/organized_odir_dataset/Myopia/379_right.jpg,Myopia,4
T2_ODIR,/kaggle/input/datasets/rayeedaabir/odir-preprocessed/organized_odir_dataset/Normal/3368_left.jpg,Normal,T2_ODIR,/kaggle/input/datasets/rayeedaabir/odir-preprocessed/organized_odir_dataset/Normal/3228_left.jpg,Normal,4
T2_ODIR,/kaggle/input/datasets/rayeedaabir/odir-preprocessed/organized_odir_dataset/Normal/3374_left.jpg,Normal,T2_ODIR,/kaggle/input/datasets/rayeedaabir/odir-preprocessed/organized_odir_dataset/Normal/2925_left.jpg,Normal,4
T2_ODIR,/kaggle/input/datasets/rayeedaabir/odir-preprocessed/organized_odir_dataset/Normal/3375_right.jpg,Normal,T2_ODIR,/kaggle/input/datasets/rayeedaabir/odir-preprocessed/organized_odir_dataset/Glaucoma/1421_right.jpg,Glaucoma,4
T2_ODIR,/kaggle/input/datasets/rayeedaabir/odir-preprocessed/organized_odir_dataset/Normal/3381_left.jpg,Normal,T2_ODIR,/kaggle/input/datasets/rayeedaabir/odir-preprocessed/organized_odir_dataset/Normal/2802_left.jpg,Normal,4
T2_ODIR,/kaggle/input/datasets/rayeedaabir/odir-preprocessed/organized_odir_dataset/Normal/3381_right.jpg,Normal,T2_ODIR,/kaggle/input/datasets/rayeedaabir/odir-preprocessed/organized_odir_dataset/Normal/2434_right.jpg,Normal,4
T2_ODIR,/kaggle/input/datasets/rayeedaabir/odir-preprocessed/organized_odir_dataset/Normal/3382_right.jpg,Normal,T2_ODIR,/kaggle/input/datasets/rayeedaabir/odir-preprocessed/organized_odir_dataset/Hypertension/957_right.jpg,Hypertension,4
T2_ODIR,/kaggle/input/datasets/rayeedaabir/odir-preprocessed/organized_odir_dataset/Normal/3383_right.jpg,Normal,T2_ODIR,/kaggle/input/datasets/rayeedaabir/odir-preprocessed/organized_odir_dataset/AMD/788_right.jpg,AMD,2
T2_ODIR,/kaggle/input/datasets/rayeedaabir/odir-preprocessed/organized_odir_dataset/Normal/3385_left.jpg,Normal,T1_APTOS,/kaggle/input/datasets/mariaherrerot/aptos2019/train_images/train_images/3325b1fe55d2.png,No DR,4
T2_ODIR,/kaggle/input/datasets/rayeedaabir/odir-preprocessed/organized_odir_dataset/Normal/3385_right.jpg,Normal,T2_ODIR,/kaggle/input/datasets/rayeedaabir/odir-preprocessed/organized_odir_dataset/Glaucoma/1234_right.jpg,Glaucoma,4
T2_ODIR,/kaggle/input/datasets/rayeedaabir/odir-preprocessed/organized_odir_dataset/Normal/3394_left.jpg,Normal,T2_ODIR,/kaggle/input/datasets/rayeedaabir/odir-preprocessed/organized_odir_dataset/Cataract/1454_left.jpg,Cataract,4
T2_ODIR,/kaggle/input/datasets/rayeedaabir/odir-preprocessed/organized_odir_dataset/Normal/3399_right.jpg,Normal,T2_ODIR,/kaggle/input/datasets/rayeedaabir/odir-preprocessed/organized_odir_dataset/Normal/2471_right.jpg,Normal,4
T2_ODIR,/kaggle/input/datasets/rayeedaabir/odir-preprocessed/organized_odir_dataset/Normal/3401_left.jpg,Normal,T2_ODIR,/kaggle/input/datasets/rayeedaabir/odir-preprocessed/organized_odir_dataset/Normal/2512_right.jpg,Normal,4
T2_ODIR,/kaggle/input/datasets/rayeedaabir/odir-preprocessed/organized_odir_dataset/Normal/3403_right.jpg,Normal,T2_ODIR,/kaggle/input/datasets/rayeedaabir/odir-preprocessed/organized_odir_dataset/Hypertension/968_right.jpg,Hypertension,4
T2_ODIR,/kaggle/input/datasets/rayeedaabir/odir-preprocessed/organized_odir_dataset/Normal/3405_right.jpg,Normal,T2_ODIR,/kaggle/input/datasets/rayeedaabir/odir-preprocessed/organized_odir_dataset/Normal/2653_right.jpg,Normal,4
T2_ODIR,/kaggle/input/datasets/rayeedaabir/odir-preprocessed/organized_odir_dataset/Normal/3407_right.jpg,Normal,T2_ODIR,/kaggle/input/datasets/rayeedaabir/odir-preprocessed/organized_odir_dataset/Normal/2756_right.jpg,Normal,4
T2_ODIR,/kaggle/input/datasets/rayeedaabir/odir-preprocessed/organized_odir_dataset/Normal/3408_right.jpg,Normal,T2_ODIR,/kaggle/input/datasets/rayeedaabir/odir-preprocessed/organized_odir_dataset/AMD/1869_right.jpg,AMD,4
T2_ODIR,/kaggle/input/datasets/rayeedaabir/odir-preprocessed/organized_odir_dataset/Normal/3411_left.jpg,Normal,T2_ODIR,/kaggle/input/datasets/rayeedaabir/odir-preprocessed/organized_odir_dataset/Normal/2685_left.jpg,Normal,4
T2_ODIR,/kaggle/input/datasets/rayeedaabir/odir-preprocessed/organized_odir_dataset/Normal/3416_left.jpg,Normal,T2_ODIR,/kaggle/input/datasets/rayeedaabir/odir-preprocessed/organized_odir_dataset/Normal/2982_left.jpg,Normal,4
T2_ODIR,/kaggle/input/datasets/rayeedaabir/odir-preprocessed/organized_odir_dataset/Normal/3419_right.jpg,Normal,T2_ODIR,/kaggle/input/datasets/rayeedaabir/odir-preprocessed/organized_odir_dataset/Normal/3105_right.jpg,Normal,4
T2_ODIR,/kaggle/input/datasets/rayeedaabir/odir-preprocessed/organized_odir_dataset/Normal/3424_left.jpg,Normal,T2_ODIR,/kaggle/input/datasets/rayeedaabir/odir-preprocessed/organized_odir_dataset/AMD/243_left.jpg,AMD,4
T2_ODIR,/kaggle/input/datasets/rayeedaabir/odir-preprocessed/organized_odir_dataset/Normal/3432_left.jpg,Normal,T2_ODIR,/kaggle/input/datasets/rayeedaabir/odir-preprocessed/organized_odir_dataset/Normal/2838_left.jpg,Normal,4
T2_ODIR,/kaggle/input/datasets/rayeedaabir/odir-preprocessed/organized_odir_dataset/Normal/3434_left.jpg,Normal,T2_ODIR,/kaggle/input/datasets/rayeedaabir/odir-preprocessed/organized_odir_dataset/Normal/2807_left.jpg,Normal,2
T2_ODIR,/kaggle/input/datasets/rayeedaabir/odir-preprocessed/organized_odir_dataset/Normal/3435_left.jpg,Normal,T2_ODIR,/kaggle/input/datasets/rayeedaabir/odir-preprocessed/organized_odir_dataset/Normal/2353_left.jpg,Normal,4
T2_ODIR,/kaggle/input/datasets/rayeedaabir/odir-preprocessed/organized_odir_dataset/Normal/3438_left.jpg,Normal,T2_ODIR,/kaggle/input/datasets/rayeedaabir/odir-preprocessed/organized_odir_dataset/Myopia/174_left.jpg,Myopia,4
T2_ODIR,/kaggle/input/datasets/rayeedaabir/odir-preprocessed/organized_odir_dataset/Normal/3439_left.jpg,Normal,T1_APTOS,/kaggle/input/datasets/mariaherrerot/aptos2019/train_images/train_images/21037f5c7790.png,No DR,4
T2_ODIR,/kaggle/input/datasets/rayeedaabir/odir-preprocessed/organized_odir_dataset/Normal/3439_right.jpg,Normal,T2_ODIR,/kaggle/input/datasets/rayeedaabir/odir-preprocessed/organized_odir_dataset/Normal/2513_right.jpg,Normal,4
T2_ODIR,/kaggle/input/datasets/rayeedaabir/odir-preprocessed/organized_odir_dataset/Normal/3448_right.jpg,Normal,T2_ODIR,/kaggle/input/datasets/rayeedaabir/odir-preprocessed/organized_odir_dataset/Normal/3353_right.jpg,Normal,4
T2_ODIR,/kaggle/input/datasets/rayeedaabir/odir-preprocessed/organized_odir_dataset/Normal/3485_left.jpg,Normal,T2_ODIR,/kaggle/input/datasets/rayeedaabir/odir-preprocessed/organized_odir_dataset/Normal/3072_left.jpg,Normal,4
T2_ODIR,/kaggle/input/datasets/rayeedaabir/odir-preprocessed/organized_odir_dataset/Normal/530_left.jpg,Normal,T2_ODIR,/kaggle/input/datasets/rayeedaabir/odir-preprocessed/organized_odir_dataset/Normal/3245_left.jpg,Normal,4
T2_ODIR,/kaggle/input/datasets/rayeedaabir/odir-preprocessed/organized_odir_dataset/Normal/951_left.jpg,Normal,T2_ODIR,/kaggle/input/datasets/rayeedaabir/odir-preprocessed/organized_odir_dataset/Normal/2599_left.jpg,Normal,4
T2_ODIR,/kaggle/input/datasets/rayeedaabir/odir-preprocessed/organized_odir_dataset/Other/100_left.jpg,Other,T2_ODIR,/kaggle/input/datasets/rayeedaabir/odir-preprocessed/organized_odir_dataset/Normal/2417_left.jpg,Normal,4
T2_ODIR,/kaggle/input/datasets/rayeedaabir/odir-preprocessed/organized_odir_dataset/Other/1014_right.jpg,Other,T2_ODIR,/kaggle/input/datasets/rayeedaabir/odir-preprocessed/organized_odir_dataset/Normal/951_right.jpg,Normal,4
T2_ODIR,/kaggle/input/datasets/rayeedaabir/odir-preprocessed/organized_odir_dataset/Other/1016_right.jpg,Other,T2_ODIR,/kaggle/input/datasets/rayeedaabir/odir-preprocessed/organized_odir_dataset/Normal/3336_right.jpg,Normal,4
T2_ODIR,/kaggle/input/datasets/rayeedaabir/odir-preprocessed/organized_odir_dataset/Other/1023_right.jpg,Other,T2_ODIR,/kaggle/input/datasets/rayeedaabir/odir-preprocessed/organized_odir_dataset/Cataract/254_right.jpg,Cataract,4
T2_ODIR,/kaggle/input/datasets/rayeedaabir/odir-preprocessed/organized_odir_dataset/Other/1028_right.jpg,Other,T2_ODIR,/kaggle/input/datasets/rayeedaabir/odir-preprocessed/organized_odir_dataset/Normal/3362_right.jpg,Normal,2
T2_ODIR,/kaggle/input/datasets/rayeedaabir/odir-preprocessed/organized_odir_dataset/Other/1052_left.jpg,Other,T2_ODIR,/kaggle/input/datasets/rayeedaabir/odir-preprocessed/organized_odir_dataset/Normal/3088_left.jpg,Normal,4
T2_ODIR,/kaggle/input/datasets/rayeedaabir/odir-preprocessed/organized_odir_dataset/Other/1053_left.jpg,Other,T2_ODIR,/kaggle/input/datasets/rayeedaabir/odir-preprocessed/organized_odir_dataset/Normal/2831_left.jpg,Normal,4
T2_ODIR,/kaggle/input/datasets/rayeedaabir/odir-preprocessed/organized_odir_dataset/Other/1079_right.jpg,Other,T2_ODIR,/kaggle/input/datasets/rayeedaabir/odir-preprocessed/organized_odir_dataset/AMD/615_right.jpg,AMD,4
T2_ODIR,/kaggle/input/datasets/rayeedaabir/odir-preprocessed/organized_odir_dataset/Other/1080_left.jpg,Other,T2_ODIR,/kaggle/input/datasets/rayeedaabir/odir-preprocessed/organized_odir_dataset/Normal/2544_left.jpg,Normal,4
T2_ODIR,/kaggle/input/datasets/rayeedaabir/odir-preprocessed/organized_odir_dataset/Other/1092_left.jpg,Other,T2_ODIR,/kaggle/input/datasets/rayeedaabir/odir-preprocessed/organized_odir_dataset/Normal/2925_left.jpg,Normal,4
T2_ODIR,/kaggle/input/datasets/rayeedaabir/odir-preprocessed/organized_odir_dataset/Other/1097_left.jpg,Other,T2_ODIR,/kaggle/input/datasets/rayeedaabir/odir-preprocessed/organized_odir_dataset/Glaucoma/247_left.jpg,Glaucoma,4
T2_ODIR,/kaggle/input/datasets/rayeedaabir/odir-preprocessed/organized_odir_dataset/Other/1118_left.jpg,Other,T2_ODIR,/kaggle/input/datasets/rayeedaabir/odir-preprocessed/organized_odir_dataset/Normal/3245_left.jpg,Normal,4
T2_ODIR,/kaggle/input/datasets/rayeedaabir/odir-preprocessed/organized_odir_dataset/Other/1121_right.jpg,Other,T2_ODIR,/kaggle/input/datasets/rayeedaabir/odir-preprocessed/organized_odir_dataset/Cataract/1102_right.jpg,Cataract,4
T2_ODIR,/kaggle/input/datasets/rayeedaabir/odir-preprocessed/organized_odir_dataset/Other/1123_left.jpg,Other,T2_ODIR,/kaggle/input/datasets/rayeedaabir/odir-preprocessed/organized_odir_dataset/Glaucoma/1408_left.jpg,Glaucoma,4
T2_ODIR,/kaggle/input/datasets/rayeedaabir/odir-preprocessed/organized_odir_dataset/Other/1130_right.jpg,Other,T1_APTOS,/kaggle/input/datasets/mariaherrerot/aptos2019/train_images/train_images/3dec415b188a.png,No DR,4
T2_ODIR,/kaggle/input/datasets/rayeedaabir/odir-preprocessed/organized_odir_dataset/Other/1148_right.jpg,Other,T2_ODIR,/kaggle/input/datasets/rayeedaabir/odir-preprocessed/organized_odir_dataset/Normal/2997_right.jpg,Normal,2
T2_ODIR,/kaggle/input/datasets/rayeedaabir/odir-preprocessed/organized_odir_dataset/Other/1151_left.jpg,Other,T2_ODIR,/kaggle/input/datasets/rayeedaabir/odir-preprocessed/organized_odir_dataset/Normal/2411_left.jpg,Normal,4
T2_ODIR,/kaggle/input/datasets/rayeedaabir/odir-preprocessed/organized_odir_dataset/Other/1160_right.jpg,Other,T2_ODIR,/kaggle/input/datasets/rayeedaabir/odir-preprocessed/organized_odir_dataset/Hypertension/777_right.jpg,Hypertension,4
T2_ODIR,/kaggle/input/datasets/rayeedaabir/odir-preprocessed/organized_odir_dataset/Other/1166_right.jpg,Other,T2_ODIR,/kaggle/input/datasets/rayeedaabir/odir-preprocessed/organized_odir_dataset/Other/1109_right.jpg,Other,4
T2_ODIR,/kaggle/input/datasets/rayeedaabir/odir-preprocessed/organized_odir_dataset/Other/1171_right.jpg,Other,T2_ODIR,/kaggle/input/datasets/rayeedaabir/odir-preprocessed/organized_odir_dataset/Normal/2393_right.jpg,Normal,4
T2_ODIR,/kaggle/input/datasets/rayeedaabir/odir-preprocessed/organized_odir_dataset/Other/1195_right.jpg,Other,T2_ODIR,/kaggle/input/datasets/rayeedaabir/odir-preprocessed/organized_odir_dataset/Glaucoma/1486_right.jpg,Glaucoma,4
T2_ODIR,/kaggle/input/datasets/rayeedaabir/odir-preprocessed/organized_odir_dataset/Other/1198_left.jpg,Other,T2_ODIR,/kaggle/input/datasets/rayeedaabir/odir-preprocessed/organized_odir_dataset/Normal/3084_left.jpg,Normal,4
T2_ODIR,/kaggle/input/datasets/rayeedaabir/odir-preprocessed/organized_odir_dataset/Other/1274_left.jpg,Other,T2_ODIR,/kaggle/input/datasets/rayeedaabir/odir-preprocessed/organized_odir_dataset/Normal/3134_left.jpg,Normal,4
T2_ODIR,/kaggle/input/datasets/rayeedaabir/odir-preprocessed/organized_odir_dataset/Other/128_right.jpg,Other,T2_ODIR,/kaggle/input/datasets/rayeedaabir/odir-preprocessed/organized_odir_dataset/Normal/3313_right.jpg,Normal,4
T2_ODIR,/kaggle/input/datasets/rayeedaabir/odir-preprocessed/organized_odir_dataset/Other/135_right.jpg,Other,T2_ODIR,/kaggle/input/datasets/rayeedaabir/odir-preprocessed/organized_odir_dataset/Normal/3161_right.jpg,Normal,4
T2_ODIR,/kaggle/input/datasets/rayeedaabir/odir-preprocessed/organized_odir_dataset/Other/138_left.jpg,Other,T2_ODIR,/kaggle/input/datasets/rayeedaabir/odir-preprocessed/organized_odir_dataset/Other/1008_left.jpg,Other,4
T2_ODIR,/kaggle/input/datasets/rayeedaabir/odir-preprocessed/organized_odir_dataset/Other/140_left.jpg,Other,T2_ODIR,/kaggle/input/datasets/rayeedaabir/odir-preprocessed/organized_odir_dataset/Normal/3134_left.jpg,Normal,4
T2_ODIR,/kaggle/input/datasets/rayeedaabir/odir-preprocessed/organized_odir_dataset/Other/146_left.jpg,Other,T2_ODIR,/kaggle/input/datasets/rayeedaabir/odir-preprocessed/organized_odir_dataset/Normal/2742_left.jpg,Normal,4
T2_ODIR,/kaggle/input/datasets/rayeedaabir/odir-preprocessed/organized_odir_dataset/Other/147_left.jpg,Other,T2_ODIR,/kaggle/input/datasets/rayeedaabir/odir-preprocessed/organized_odir_dataset/Normal/3020_left.jpg,Normal,4
T2_ODIR,/kaggle/input/datasets/rayeedaabir/odir-preprocessed/organized_odir_dataset/Other/149_left.jpg,Other,T2_ODIR,/kaggle/input/datasets/rayeedaabir/odir-preprocessed/organized_odir_dataset/Normal/2672_left.jpg,Normal,4
T2_ODIR,/kaggle/input/datasets/rayeedaabir/odir-preprocessed/organized_odir_dataset/Other/1516_right.jpg,Other,T2_ODIR,/kaggle/input/datasets/rayeedaabir/odir-preprocessed/organized_odir_dataset/Normal/2332_left.jpg,Normal,4
T2_ODIR,/kaggle/input/datasets/rayeedaabir/odir-preprocessed/organized_odir_dataset/Other/156_left.jpg,Other,T2_ODIR,/kaggle/input/datasets/rayeedaabir/odir-preprocessed/organized_odir_dataset/Cataract/2197_left.jpg,Cataract,4
T2_ODIR,/kaggle/input/datasets/rayeedaabir/odir-preprocessed/organized_odir_dataset/Other/166_left.jpg,Other,T2_ODIR,/kaggle/input/datasets/rayeedaabir/odir-preprocessed/organized_odir_dataset/Normal/2539_left.jpg,Normal,4
T2_ODIR,/kaggle/input/datasets/rayeedaabir/odir-preprocessed/organized_odir_dataset/Other/172_right.jpg,Other,T2_ODIR,/kaggle/input/datasets/rayeedaabir/odir-preprocessed/organized_odir_dataset/Glaucoma/1247_right.jpg,Glaucoma,4
T2_ODIR,/kaggle/input/datasets/rayeedaabir/odir-preprocessed/organized_odir_dataset/Other/173_left.jpg,Other,T2_ODIR,/kaggle/input/datasets/rayeedaabir/odir-preprocessed/organized_odir_dataset/AMD/377_left.jpg,AMD,4
T2_ODIR,/kaggle/input/datasets/rayeedaabir/odir-preprocessed/organized_odir_dataset/Other/173_right.jpg,Other,T2_ODIR,/kaggle/input/datasets/rayeedaabir/odir-preprocessed/organized_odir_dataset/Normal/2352_right.jpg,Normal,4
T2_ODIR,/kaggle/input/datasets/rayeedaabir/odir-preprocessed/organized_odir_dataset/Other/185_right.jpg,Other,T2_ODIR,/kaggle/input/datasets/rayeedaabir/odir-preprocessed/organized_odir_dataset/Other/1119_right.jpg,Other,4
T2_ODIR,/kaggle/input/datasets/rayeedaabir/odir-preprocessed/organized_odir_dataset/Other/187_right.jpg,Other,T2_ODIR,/kaggle/input/datasets/rayeedaabir/odir-preprocessed/organized_odir_dataset/Normal/3428_right.jpg,Normal,4
T2_ODIR,/kaggle/input/datasets/rayeedaabir/odir-preprocessed/organized_odir_dataset/Other/204_left.jpg,Other,T2_ODIR,/kaggle/input/datasets/rayeedaabir/odir-preprocessed/organized_odir_dataset/Glaucoma/1227_left.jpg,Glaucoma,4
T2_ODIR,/kaggle/input/datasets/rayeedaabir/odir-preprocessed/organized_odir_dataset/Other/232_left.jpg,Other,T2_ODIR,/kaggle/input/datasets/rayeedaabir/odir-preprocessed/organized_odir_dataset/Glaucoma/1307_left.jpg,Glaucoma,4
T2_ODIR,/kaggle/input/datasets/rayeedaabir/odir-preprocessed/organized_odir_dataset/Other/232_right.jpg,Other,T2_ODIR,/kaggle/input/datasets/rayeedaabir/odir-preprocessed/organized_odir_dataset/Normal/3362_right.jpg,Normal,4
T2_ODIR,/kaggle/input/datasets/rayeedaabir/odir-preprocessed/organized_odir_dataset/Other/236_right.jpg,Other,T2_ODIR,/kaggle/input/datasets/rayeedaabir/odir-preprocessed/organized_odir_dataset/Cataract/2204_right.jpg,Cataract,4
T2_ODIR,/kaggle/input/datasets/rayeedaabir/odir-preprocessed/organized_odir_dataset/Other/244_right.jpg,Other,T1_APTOS,/kaggle/input/datasets/mariaherrerot/aptos2019/train_images/train_images/7a42443ed106.png,No DR,4
T2_ODIR,/kaggle/input/datasets/rayeedaabir/odir-preprocessed/organized_odir_dataset/Other/245_right.jpg,Other,T2_ODIR,/kaggle/input/datasets/rayeedaabir/odir-preprocessed/organized_odir_dataset/Other/194_right.jpg,Other,4
T2_ODIR,/kaggle/input/datasets/rayeedaabir/odir-preprocessed/organized_odir_dataset/Other/273_left.jpg,Other,T2_ODIR,/kaggle/input/datasets/rayeedaabir/odir-preprocessed/organized_odir_dataset/Cataract/2198_left.jpg,Cataract,4
T2_ODIR,/kaggle/input/datasets/rayeedaabir/odir-preprocessed/organized_odir_dataset/Other/275_right.jpg,Other,T2_ODIR,/kaggle/input/datasets/rayeedaabir/odir-preprocessed/organized_odir_dataset/Normal/2591_right.jpg,Normal,4
T2_ODIR,/kaggle/input/datasets/rayeedaabir/odir-preprocessed/organized_odir_dataset/Other/278_left.jpg,Other,T2_ODIR,/kaggle/input/datasets/rayeedaabir/odir-preprocessed/organized_odir_dataset/Normal/3072_left.jpg,Normal,4
T2_ODIR,/kaggle/input/datasets/rayeedaabir/odir-preprocessed/organized_odir_dataset/Other/287_right.jpg,Other,T1_APTOS,/kaggle/input/datasets/mariaherrerot/aptos2019/train_images/train_images/c18a006f7f1d.png,No DR,2
T2_ODIR,/kaggle/input/datasets/rayeedaabir/odir-preprocessed/organized_odir_dataset/Other/293_right.jpg,Other,T1_APTOS,/kaggle/input/datasets/mariaherrerot/aptos2019/train_images/train_images/3dec415b188a.png,No DR,4
T2_ODIR,/kaggle/input/datasets/rayeedaabir/odir-preprocessed/organized_odir_dataset/Other/31_left.jpg,Other,T2_ODIR,/kaggle/input/datasets/rayeedaabir/odir-preprocessed/organized_odir_dataset/Other/105_left.jpg,Other,2
T2_ODIR,/kaggle/input/datasets/rayeedaabir/odir-preprocessed/organized_odir_dataset/Other/325_right.jpg,Other,T2_ODIR,/kaggle/input/datasets/rayeedaabir/odir-preprocessed/organized_odir_dataset/Normal/2807_right.jpg,Normal,4
T2_ODIR,/kaggle/input/datasets/rayeedaabir/odir-preprocessed/organized_odir_dataset/Other/329_right.jpg,Other,T2_ODIR,/kaggle/input/datasets/rayeedaabir/odir-preprocessed/organized_odir_dataset/Normal/2997_right.jpg,Normal,4
T2_ODIR,/kaggle/input/datasets/rayeedaabir/odir-preprocessed/organized_odir_dataset/Other/337_left.jpg,Other,T2_ODIR,/kaggle/input/datasets/rayeedaabir/odir-preprocessed/organized_odir_dataset/Normal/3276_left.jpg,Normal,4
T2_ODIR,/kaggle/input/datasets/rayeedaabir/odir-preprocessed/organized_odir_dataset/Other/337_right.jpg,Other,T2_ODIR,/kaggle/input/datasets/rayeedaabir/odir-preprocessed/organized_odir_dataset/Normal/2615_right.jpg,Normal,2
T2_ODIR,/kaggle/input/datasets/rayeedaabir/odir-preprocessed/organized_odir_dataset/Other/346_left.jpg,Other,T2_ODIR,/kaggle/input/datasets/rayeedaabir/odir-preprocessed/organized_odir_dataset/Glaucoma/1507_left.jpg,Glaucoma,4
T2_ODIR,/kaggle/input/datasets/rayeedaabir/odir-preprocessed/organized_odir_dataset/Other/347_right.jpg,Other,T2_ODIR,/kaggle/input/datasets/rayeedaabir/odir-preprocessed/organized_odir_dataset/Normal/2590_right.jpg,Normal,4
T2_ODIR,/kaggle/input/datasets/rayeedaabir/odir-preprocessed/organized_odir_dataset/Other/357_left.jpg,Other,T2_ODIR,/kaggle/input/datasets/rayeedaabir/odir-preprocessed/organized_odir_dataset/Normal/2553_left.jpg,Normal,4
T2_ODIR,/kaggle/input/datasets/rayeedaabir/odir-preprocessed/organized_odir_dataset/Other/363_left.jpg,Other,T2_ODIR,/kaggle/input/datasets/rayeedaabir/odir-preprocessed/organized_odir_dataset/Cataract/2197_left.jpg,Cataract,4
T2_ODIR,/kaggle/input/datasets/rayeedaabir/odir-preprocessed/organized_odir_dataset/Other/371_left.jpg,Other,T2_ODIR,/kaggle/input/datasets/rayeedaabir/odir-preprocessed/organized_odir_dataset/Cataract/2198_left.jpg,Cataract,4
T2_ODIR,/kaggle/input/datasets/rayeedaabir/odir-preprocessed/organized_odir_dataset/Other/381_left.jpg,Other,T1_APTOS,/kaggle/input/datasets/mariaherrerot/aptos2019/train_images/train_images/e150935f66a6.png,Moderate DR,4
T2_ODIR,/kaggle/input/datasets/rayeedaabir/odir-preprocessed/organized_odir_dataset/Other/4058_left.jpg,Other,T2_ODIR,/kaggle/input/datasets/rayeedaabir/odir-preprocessed/organized_odir_dataset/Glaucoma/1227_left.jpg,Glaucoma,4
T2_ODIR,/kaggle/input/datasets/rayeedaabir/odir-preprocessed/organized_odir_dataset/Other/405_right.jpg,Other,T2_ODIR,/kaggle/input/datasets/rayeedaabir/odir-preprocessed/organized_odir_dataset/Normal/3210_right.jpg,Normal,2
T2_ODIR,/kaggle/input/datasets/rayeedaabir/odir-preprocessed/organized_odir_dataset/Other/416_left.jpg,Other,T2_ODIR,/kaggle/input/datasets/rayeedaabir/odir-preprocessed/organized_odir_dataset/Normal/2904_left.jpg,Normal,4
T2_ODIR,/kaggle/input/datasets/rayeedaabir/odir-preprocessed/organized_odir_dataset/Other/423_left.jpg,Other,T1_APTOS,/kaggle/input/datasets/mariaherrerot/aptos2019/test_images/test_images/f85c78201a50.png,No DR,4
T2_ODIR,/kaggle/input/datasets/rayeedaabir/odir-preprocessed/organized_odir_dataset/Other/433_right.jpg,Other,T2_ODIR,/kaggle/input/datasets/rayeedaabir/odir-preprocessed/organized_odir_dataset/Normal/2414_right.jpg,Normal,2
T2_ODIR,/kaggle/input/datasets/rayeedaabir/odir-preprocessed/organized_odir_dataset/Other/438_right.jpg,Other,T2_ODIR,/kaggle/input/datasets/rayeedaabir/odir-preprocessed/organized_odir_dataset/Cataract/465_right.jpg,Cataract,2
T2_ODIR,/kaggle/input/datasets/rayeedaabir/odir-preprocessed/organized_odir_dataset/Other/439_left.jpg,Other,T2_ODIR,/kaggle/input/datasets/rayeedaabir/odir-preprocessed/organized_odir_dataset/Cataract/2206_left.jpg,Cataract,2
T2_ODIR,/kaggle/input/datasets/rayeedaabir/odir-preprocessed/organized_odir_dataset/Other/454_right.jpg,Other,T2_ODIR,/kaggle/input/datasets/rayeedaabir/odir-preprocessed/organized_odir_dataset/Normal/2545_right.jpg,Normal,4
T2_ODIR,/kaggle/input/datasets/rayeedaabir/odir-preprocessed/organized_odir_dataset/Other/457_left.jpg,Other,T2_ODIR,/kaggle/input/datasets/rayeedaabir/odir-preprocessed/organized_odir_dataset/Glaucoma/1440_left.jpg,Glaucoma,4
T2_ODIR,/kaggle/input/datasets/rayeedaabir/odir-preprocessed/organized_odir_dataset/Other/460_left.jpg,Other,T2_ODIR,/kaggle/input/datasets/rayeedaabir/odir-preprocessed/organized_odir_dataset/Other/1019_left.jpg,Other,4
T2_ODIR,/kaggle/input/datasets/rayeedaabir/odir-preprocessed/organized_odir_dataset/Other/461_right.jpg,Other,T2_ODIR,/kaggle/input/datasets/rayeedaabir/odir-preprocessed/organized_odir_dataset/Other/1124_right.jpg,Other,4
T2_ODIR,/kaggle/input/datasets/rayeedaabir/odir-preprocessed/organized_odir_dataset/Other/463_left.jpg,Other,T2_ODIR,/kaggle/input/datasets/rayeedaabir/odir-preprocessed/organized_odir_dataset/Cataract/2142_left.jpg,Cataract,2
T2_ODIR,/kaggle/input/datasets/rayeedaabir/odir-preprocessed/organized_odir_dataset/Other/471_right.jpg,Other,T2_ODIR,/kaggle/input/datasets/rayeedaabir/odir-preprocessed/organized_odir_dataset/Normal/2414_right.jpg,Normal,4
T2_ODIR,/kaggle/input/datasets/rayeedaabir/odir-preprocessed/organized_odir_dataset/Other/476_left.jpg,Other,T2_ODIR,/kaggle/input/datasets/rayeedaabir/odir-preprocessed/organized_odir_dataset/AMD/1890_left.jpg,AMD,4
T2_ODIR,/kaggle/input/datasets/rayeedaabir/odir-preprocessed/organized_odir_dataset/Other/478_right.jpg,Other,T2_ODIR,/kaggle/input/datasets/rayeedaabir/odir-preprocessed/organized_odir_dataset/Normal/3397_right.jpg,Normal,2
T2_ODIR,/kaggle/input/datasets/rayeedaabir/odir-preprocessed/organized_odir_dataset/Other/482_right.jpg,Other,T2_ODIR,/kaggle/input/datasets/rayeedaabir/odir-preprocessed/organized_odir_dataset/Other/101_right.jpg,Other,4
T2_ODIR,/kaggle/input/datasets/rayeedaabir/odir-preprocessed/organized_odir_dataset/Other/496_right.jpg,Other,T2_ODIR,/kaggle/input/datasets/rayeedaabir/odir-preprocessed/organized_odir_dataset/Normal/2982_left.jpg,Normal,4
T2_ODIR,/kaggle/input/datasets/rayeedaabir/odir-preprocessed/organized_odir_dataset/Other/500_left.jpg,Other,T1_APTOS,/kaggle/input/datasets/mariaherrerot/aptos2019/val_images/val_images/1414128bead0.png,Moderate DR,4
T2_ODIR,/kaggle/input/datasets/rayeedaabir/odir-preprocessed/organized_odir_dataset/Other/502_right.jpg,Other,T2_ODIR,/kaggle/input/datasets/rayeedaabir/odir-preprocessed/organized_odir_dataset/Normal/3428_right.jpg,Normal,4
T2_ODIR,/kaggle/input/datasets/rayeedaabir/odir-preprocessed/organized_odir_dataset/Other/508_right.jpg,Other,T1_APTOS,/kaggle/input/datasets/mariaherrerot/aptos2019/test_images/test_images/f633c474e8b8.png,No DR,4
T2_ODIR,/kaggle/input/datasets/rayeedaabir/odir-preprocessed/organized_odir_dataset/Other/510_right.jpg,Other,T2_ODIR,/kaggle/input/datasets/rayeedaabir/odir-preprocessed/organized_odir_dataset/Glaucoma/1423_right.jpg,Glaucoma,4
T2_ODIR,/kaggle/input/datasets/rayeedaabir/odir-preprocessed/organized_odir_dataset/Other/517_left.jpg,Other,T2_ODIR,/kaggle/input/datasets/rayeedaabir/odir-preprocessed/organized_odir_dataset/Hypertension/300_left.jpg,Hypertension,4
T2_ODIR,/kaggle/input/datasets/rayeedaabir/odir-preprocessed/organized_odir_dataset/Other/520_right.jpg,Other,T2_ODIR,/kaggle/input/datasets/rayeedaabir/odir-preprocessed/organized_odir_dataset/Normal/951_right.jpg,Normal,4
T2_ODIR,/kaggle/input/datasets/rayeedaabir/odir-preprocessed/organized_odir_dataset/Other/521_right.jpg,Other,T2_ODIR,/kaggle/input/datasets/rayeedaabir/odir-preprocessed/organized_odir_dataset/Hypertension/300_right.jpg,Hypertension,4
T2_ODIR,/kaggle/input/datasets/rayeedaabir/odir-preprocessed/organized_odir_dataset/Other/52_right.jpg,Other,T2_ODIR,/kaggle/input/datasets/rayeedaabir/odir-preprocessed/organized_odir_dataset/Normal/3097_right.jpg,Normal,4
T2_ODIR,/kaggle/input/datasets/rayeedaabir/odir-preprocessed/organized_odir_dataset/Other/555_right.jpg,Other,T1_APTOS,/kaggle/input/datasets/mariaherrerot/aptos2019/train_images/train_images/c18a006f7f1d.png,No DR,4
T2_ODIR,/kaggle/input/datasets/rayeedaabir/odir-preprocessed/organized_odir_dataset/Other/56_left.jpg,Other,T2_ODIR,/kaggle/input/datasets/rayeedaabir/odir-preprocessed/organized_odir_dataset/Normal/3127_left.jpg,Normal,4
T2_ODIR,/kaggle/input/datasets/rayeedaabir/odir-preprocessed/organized_odir_dataset/Other/575_left.jpg,Other,T2_ODIR,/kaggle/input/datasets/rayeedaabir/odir-preprocessed/organized_odir_dataset/Glaucoma/1429_left.jpg,Glaucoma,2
T2_ODIR,/kaggle/input/datasets/rayeedaabir/odir-preprocessed/organized_odir_dataset/Other/580_left.jpg,Other,T2_ODIR,/kaggle/input/datasets/rayeedaabir/odir-preprocessed/organized_odir_dataset/Glaucoma/1231_left.jpg,Glaucoma,4
T2_ODIR,/kaggle/input/datasets/rayeedaabir/odir-preprocessed/organized_odir_dataset/Other/580_right.jpg,Other,T2_ODIR,/kaggle/input/datasets/rayeedaabir/odir-preprocessed/organized_odir_dataset/Normal/2618_right.jpg,Normal,4
T2_ODIR,/kaggle/input/datasets/rayeedaabir/odir-preprocessed/organized_odir_dataset/Other/589_left.jpg,Other,T2_ODIR,/kaggle/input/datasets/rayeedaabir/odir-preprocessed/organized_odir_dataset/Normal/3119_left.jpg,Normal,2
T2_ODIR,/kaggle/input/datasets/rayeedaabir/odir-preprocessed/organized_odir_dataset/Other/602_left.jpg,Other,T2_ODIR,/kaggle/input/datasets/rayeedaabir/odir-preprocessed/organized_odir_dataset/Glaucoma/1246_left.jpg,Glaucoma,4
T2_ODIR,/kaggle/input/datasets/rayeedaabir/odir-preprocessed/organized_odir_dataset/Other/606_left.jpg,Other,T2_ODIR,/kaggle/input/datasets/rayeedaabir/odir-preprocessed/organized_odir_dataset/Normal/2363_left.jpg,Normal,4
T2_ODIR,/kaggle/input/datasets/rayeedaabir/odir-preprocessed/organized_odir_dataset/Other/613_right.jpg,Other,T2_ODIR,/kaggle/input/datasets/rayeedaabir/odir-preprocessed/organized_odir_dataset/Normal/2744_right.jpg,Normal,4
T2_ODIR,/kaggle/input/datasets/rayeedaabir/odir-preprocessed/organized_odir_dataset/Other/620_left.jpg,Other,T2_ODIR,/kaggle/input/datasets/rayeedaabir/odir-preprocessed/organized_odir_dataset/Normal/2558_left.jpg,Normal,4
T2_ODIR,/kaggle/input/datasets/rayeedaabir/odir-preprocessed/organized_odir_dataset/Other/624_right.jpg,Other,T2_ODIR,/kaggle/input/datasets/rayeedaabir/odir-preprocessed/organized_odir_dataset/Normal/3117_left.jpg,Normal,4
T2_ODIR,/kaggle/input/datasets/rayeedaabir/odir-preprocessed/organized_odir_dataset/Other/628_right.jpg,Other,T2_ODIR,/kaggle/input/datasets/rayeedaabir/odir-preprocessed/organized_odir_dataset/Normal/2393_right.jpg,Normal,4
T2_ODIR,/kaggle/input/datasets/rayeedaabir/odir-preprocessed/organized_odir_dataset/Other/643_left.jpg,Other,T2_ODIR,/kaggle/input/datasets/rayeedaabir/odir-preprocessed/organized_odir_dataset/Hypertension/300_left.jpg,Hypertension,4
T2_ODIR,/kaggle/input/datasets/rayeedaabir/odir-preprocessed/organized_odir_dataset/Other/652_left.jpg,Other,T2_ODIR,/kaggle/input/datasets/rayeedaabir/odir-preprocessed/organized_odir_dataset/Other/134_left.jpg,Other,4
T2_ODIR,/kaggle/input/datasets/rayeedaabir/odir-preprocessed/organized_odir_dataset/Other/655_right.jpg,Other,T2_ODIR,/kaggle/input/datasets/rayeedaabir/odir-preprocessed/organized_odir_dataset/Normal/2352_left.jpg,Normal,4
T2_ODIR,/kaggle/input/datasets/rayeedaabir/odir-preprocessed/organized_odir_dataset/Other/657_right.jpg,Other,T2_ODIR,/kaggle/input/datasets/rayeedaabir/odir-preprocessed/organized_odir_dataset/Normal/3070_right.jpg,Normal,4
T2_ODIR,/kaggle/input/datasets/rayeedaabir/odir-preprocessed/organized_odir_dataset/Other/65_left.jpg,Other,T2_ODIR,/kaggle/input/datasets/rayeedaabir/odir-preprocessed/organized_odir_dataset/Normal/2443_left.jpg,Normal,4
T2_ODIR,/kaggle/input/datasets/rayeedaabir/odir-preprocessed/organized_odir_dataset/Other/674_left.jpg,Other,T2_ODIR,/kaggle/input/datasets/rayeedaabir/odir-preprocessed/organized_odir_dataset/Normal/3367_left.jpg,Normal,4
T2_ODIR,/kaggle/input/datasets/rayeedaabir/odir-preprocessed/organized_odir_dataset/Other/693_right.jpg,Other,T2_ODIR,/kaggle/input/datasets/rayeedaabir/odir-preprocessed/organized_odir_dataset/Cataract/2142_left.jpg,Cataract,0
T2_ODIR,/kaggle/input/datasets/rayeedaabir/odir-preprocessed/organized_odir_dataset/Other/69_left.jpg,Other,T2_ODIR,/kaggle/input/datasets/rayeedaabir/odir-preprocessed/organized_odir_dataset/Normal/3212_left.jpg,Normal,4
T2_ODIR,/kaggle/input/datasets/rayeedaabir/odir-preprocessed/organized_odir_dataset/Other/702_right.jpg,Other,T1_APTOS,/kaggle/input/datasets/mariaherrerot/aptos2019/train_images/train_images/496155f71d0a.png,No DR,4
T2_ODIR,/kaggle/input/datasets/rayeedaabir/odir-preprocessed/organized_odir_dataset/Other/704_left.jpg,Other,T2_ODIR,/kaggle/input/datasets/rayeedaabir/odir-preprocessed/organized_odir_dataset/Normal/2883_left.jpg,Normal,4
T2_ODIR,/kaggle/input/datasets/rayeedaabir/odir-preprocessed/organized_odir_dataset/Other/705_right.jpg,Other,T2_ODIR,/kaggle/input/datasets/rayeedaabir/odir-preprocessed/organized_odir_dataset/Normal/2512_right.jpg,Normal,4
T2_ODIR,/kaggle/input/datasets/rayeedaabir/odir-preprocessed/organized_odir_dataset/Other/725_right.jpg,Other,T2_ODIR,/kaggle/input/datasets/rayeedaabir/odir-preprocessed/organized_odir_dataset/Glaucoma/1421_right.jpg,Glaucoma,4
T2_ODIR,/kaggle/input/datasets/rayeedaabir/odir-preprocessed/organized_odir_dataset/Other/734_left.jpg,Other,T2_ODIR,/kaggle/input/datasets/rayeedaabir/odir-preprocessed/organized_odir_dataset/Glaucoma/1378_left.jpg,Glaucoma,4
T2_ODIR,/kaggle/input/datasets/rayeedaabir/odir-preprocessed/organized_odir_dataset/Other/758_right.jpg,Other,T2_ODIR,/kaggle/input/datasets/rayeedaabir/odir-preprocessed/organized_odir_dataset/Glaucoma/1282_right.jpg,Glaucoma,4
T2_ODIR,/kaggle/input/datasets/rayeedaabir/odir-preprocessed/organized_odir_dataset/Other/75_right.jpg,Other,T2_ODIR,/kaggle/input/datasets/rayeedaabir/odir-preprocessed/organized_odir_dataset/Normal/2410_right.jpg,Normal,4
T2_ODIR,/kaggle/input/datasets/rayeedaabir/odir-preprocessed/organized_odir_dataset/Other/766_left.jpg,Other,T2_ODIR,/kaggle/input/datasets/rayeedaabir/odir-preprocessed/organized_odir_dataset/Normal/2332_left.jpg,Normal,2
T2_ODIR,/kaggle/input/datasets/rayeedaabir/odir-preprocessed/organized_odir_dataset/Other/773_left.jpg,Other,T2_ODIR,/kaggle/input/datasets/rayeedaabir/odir-preprocessed/organized_odir_dataset/Normal/2443_left.jpg,Normal,4
T2_ODIR,/kaggle/input/datasets/rayeedaabir/odir-preprocessed/organized_odir_dataset/Other/773_right.jpg,Other,T2_ODIR,/kaggle/input/datasets/rayeedaabir/odir-preprocessed/organized_odir_dataset/Hypertension/777_right.jpg,Hypertension,4
T2_ODIR,/kaggle/input/datasets/rayeedaabir/odir-preprocessed/organized_odir_dataset/Other/829_left.jpg,Other,T2_ODIR,/kaggle/input/datasets/rayeedaabir/odir-preprocessed/organized_odir_dataset/Normal/2978_right.jpg,Normal,4
T2_ODIR,/kaggle/input/datasets/rayeedaabir/odir-preprocessed/organized_odir_dataset/Other/82_left.jpg,Other,T2_ODIR,/kaggle/input/datasets/rayeedaabir/odir-preprocessed/organized_odir_dataset/AMD/1168_left.jpg,AMD,4
T2_ODIR,/kaggle/input/datasets/rayeedaabir/odir-preprocessed/organized_odir_dataset/Other/835_right.jpg,Other,T2_ODIR,/kaggle/input/datasets/rayeedaabir/odir-preprocessed/organized_odir_dataset/Other/255_right.jpg,Other,4
T2_ODIR,/kaggle/input/datasets/rayeedaabir/odir-preprocessed/organized_odir_dataset/Other/83_left.jpg,Other,T2_ODIR,/kaggle/input/datasets/rayeedaabir/odir-preprocessed/organized_odir_dataset/Glaucoma/1325_left.jpg,Glaucoma,4
T2_ODIR,/kaggle/input/datasets/rayeedaabir/odir-preprocessed/organized_odir_dataset/Other/83_right.jpg,Other,T2_ODIR,/kaggle/input/datasets/rayeedaabir/odir-preprocessed/organized_odir_dataset/AMD/998_right.jpg,AMD,4
T2_ODIR,/kaggle/input/datasets/rayeedaabir/odir-preprocessed/organized_odir_dataset/Other/845_right.jpg,Other,T2_ODIR,/kaggle/input/datasets/rayeedaabir/odir-preprocessed/organized_odir_dataset/Normal/2612_right.jpg,Normal,4
T2_ODIR,/kaggle/input/datasets/rayeedaabir/odir-preprocessed/organized_odir_dataset/Other/848_right.jpg,Other,T2_ODIR,/kaggle/input/datasets/rayeedaabir/odir-preprocessed/organized_odir_dataset/Normal/3242_right.jpg,Normal,4
T2_ODIR,/kaggle/input/datasets/rayeedaabir/odir-preprocessed/organized_odir_dataset/Other/854_right.jpg,Other,T2_ODIR,/kaggle/input/datasets/rayeedaabir/odir-preprocessed/organized_odir_dataset/AMD/1845_right.jpg,AMD,4
T2_ODIR,/kaggle/input/datasets/rayeedaabir/odir-preprocessed/organized_odir_dataset/Other/856_right.jpg,Other,T2_ODIR,/kaggle/input/datasets/rayeedaabir/odir-preprocessed/organized_odir_dataset/Other/421_right.jpg,Other,4
T2_ODIR,/kaggle/input/datasets/rayeedaabir/odir-preprocessed/organized_odir_dataset/Other/859_left.jpg,Other,T1_APTOS,/kaggle/input/datasets/mariaherrerot/aptos2019/val_images/val_images/05e9126dfa5c.png,No DR,4
T2_ODIR,/kaggle/input/datasets/rayeedaabir/odir-preprocessed/organized_odir_dataset/Other/862_left.jpg,Other,T2_ODIR,/kaggle/input/datasets/rayeedaabir/odir-preprocessed/organized_odir_dataset/Glaucoma/1325_left.jpg,Glaucoma,4
T2_ODIR,/kaggle/input/datasets/rayeedaabir/odir-preprocessed/organized_odir_dataset/Other/862_right.jpg,Other,T2_ODIR,/kaggle/input/datasets/rayeedaabir/odir-preprocessed/organized_odir_dataset/Glaucoma/247_right.jpg,Glaucoma,4
T2_ODIR,/kaggle/input/datasets/rayeedaabir/odir-preprocessed/organized_odir_dataset/Other/869_left.jpg,Other,T2_ODIR,/kaggle/input/datasets/rayeedaabir/odir-preprocessed/organized_odir_dataset/Normal/3378_left.jpg,Normal,4
T2_ODIR,/kaggle/input/datasets/rayeedaabir/odir-preprocessed/organized_odir_dataset/Other/873_right.jpg,Other,T2_ODIR,/kaggle/input/datasets/rayeedaabir/odir-preprocessed/organized_odir_dataset/Normal/191_right.jpg,Normal,4
T2_ODIR,/kaggle/input/datasets/rayeedaabir/odir-preprocessed/organized_odir_dataset/Other/876_right.jpg,Other,T2_ODIR,/kaggle/input/datasets/rayeedaabir/odir-preprocessed/organized_odir_dataset/Normal/2389_right.jpg,Normal,4
T2_ODIR,/kaggle/input/datasets/rayeedaabir/odir-preprocessed/organized_odir_dataset/Other/901_left.jpg,Other,T2_ODIR,/kaggle/input/datasets/rayeedaabir/odir-preprocessed/organized_odir_dataset/Normal/1_left.jpg,Normal,4
T2_ODIR,/kaggle/input/datasets/rayeedaabir/odir-preprocessed/organized_odir_dataset/Other/906_right.jpg,Other,T2_ODIR,/kaggle/input/datasets/rayeedaabir/odir-preprocessed/organized_odir_dataset/Normal/3336_right.jpg,Normal,4
T2_ODIR,/kaggle/input/datasets/rayeedaabir/odir-preprocessed/organized_odir_dataset/Other/909_left.jpg,Other,T2_ODIR,/kaggle/input/datasets/rayeedaabir/odir-preprocessed/organized_odir_dataset/AMD/1835_left.jpg,AMD,4
T2_ODIR,/kaggle/input/datasets/rayeedaabir/odir-preprocessed/organized_odir_dataset/Other/915_left.jpg,Other,T2_ODIR,/kaggle/input/datasets/rayeedaabir/odir-preprocessed/organized_odir_dataset/Normal/3183_left.jpg,Normal,4
T2_ODIR,/kaggle/input/datasets/rayeedaabir/odir-preprocessed/organized_odir_dataset/Other/928_left.jpg,Other,T2_ODIR,/kaggle/input/datasets/rayeedaabir/odir-preprocessed/organized_odir_dataset/Normal/2469_left.jpg,Normal,4
T2_ODIR,/kaggle/input/datasets/rayeedaabir/odir-preprocessed/organized_odir_dataset/Other/930_right.jpg,Other,T2_ODIR,/kaggle/input/datasets/rayeedaabir/odir-preprocessed/organized_odir_dataset/Cataract/2127_left.jpg,Cataract,4
T2_ODIR,/kaggle/input/datasets/rayeedaabir/odir-preprocessed/organized_odir_dataset/Other/940_right.jpg,Other,T2_ODIR,/kaggle/input/datasets/rayeedaabir/odir-preprocessed/organized_odir_dataset/Normal/2522_right.jpg,Normal,4
T2_ODIR,/kaggle/input/datasets/rayeedaabir/odir-preprocessed/organized_odir_dataset/Other/942_left.jpg,Other,T2_ODIR,/kaggle/input/datasets/rayeedaabir/odir-preprocessed/organized_odir_dataset/Normal/2610_left.jpg,Normal,4
T2_ODIR,/kaggle/input/datasets/rayeedaabir/odir-preprocessed/organized_odir_dataset/Other/943_right.jpg,Other,T2_ODIR,/kaggle/input/datasets/rayeedaabir/odir-preprocessed/organized_odir_dataset/Other/710_right.jpg,Other,4
T2_ODIR,/kaggle/input/datasets/rayeedaabir/odir-preprocessed/organized_odir_dataset/Other/950_left.jpg,Other,T2_ODIR,/kaggle/input/datasets/rayeedaabir/odir-preprocessed/organized_odir_dataset/Cataract/2235_left.jpg,Cataract,4
T2_ODIR,/kaggle/input/datasets/rayeedaabir/odir-preprocessed/organized_odir_dataset/Other/954_left.jpg,Other,T1_APTOS,/kaggle/input/datasets/mariaherrerot/aptos2019/train_images/train_images/201f6e10c108.png,No DR,4
T2_ODIR,/kaggle/input/datasets/rayeedaabir/odir-preprocessed/organized_odir_dataset/Other/958_right.jpg,Other,T1_APTOS,/kaggle/input/datasets/mariaherrerot/aptos2019/train_images/train_images/496155f71d0a.png,No DR,2
T2_ODIR,/kaggle/input/datasets/rayeedaabir/odir-preprocessed/organized_odir_dataset/Other/973_left.jpg,Other,T2_ODIR,/kaggle/input/datasets/rayeedaabir/odir-preprocessed/organized_odir_dataset/Other/352_left.jpg,Other,0
T2_ODIR,/kaggle/input/datasets/rayeedaabir/odir-preprocessed/organized_odir_dataset/Other/973_right.jpg,Other,T2_ODIR,/kaggle/input/datasets/rayeedaabir/odir-preprocessed/organized_odir_dataset/Other/352_right.jpg,Other,0
T2_ODIR,/kaggle/input/datasets/rayeedaabir/odir-preprocessed/organized_odir_dataset/Other/974_right.jpg,Other,T2_ODIR,/kaggle/input/datasets/rayeedaabir/odir-preprocessed/organized_odir_dataset/Hypertension/957_right.jpg,Hypertension,4
T2_ODIR,/kaggle/input/datasets/rayeedaabir/odir-preprocessed/organized_odir_dataset/Other/986_right.jpg,Other,T2_ODIR,/kaggle/input/datasets/rayeedaabir/odir-preprocessed/organized_odir_dataset/Normal/2999_right.jpg,Normal,2
T2_ODIR,/kaggle/input/datasets/rayeedaabir/odir-preprocessed/organized_odir_dataset/Other/987_right.jpg,Other,T2_ODIR,/kaggle/input/datasets/rayeedaabir/odir-preprocessed/organized_odir_dataset/Normal/2551_right.jpg,Normal,4
T2_ODIR,/kaggle/input/datasets/rayeedaabir/odir-preprocessed/organized_odir_dataset/Other/996_right.jpg,Other,T2_ODIR,/kaggle/input/datasets/rayeedaabir/odir-preprocessed/organized_odir_dataset/Normal/2860_right.jpg,Normal,4
T3_LAG,/kaggle/input/datasets/rayeedaabir/lag-database-part1-uk/LAG_database_part1_UK/non_glaucoma/image/0245.jpg,Normal,T3_LAG,/kaggle/input/datasets/rayeedaabir/lag-database-part1-uk/LAG_database_part1_UK/non_glaucoma/image/0238.jpg,Normal,4
T3_LAG,/kaggle/input/datasets/rayeedaabir/lag-database-part1-uk/LAG_database_part1_UK/non_glaucoma/image/0295.jpg,Normal,T3_LAG,/kaggle/input/datasets/rayeedaabir/lag-database-part1-uk/LAG_database_part1_UK/non_glaucoma/image/0105.jpg,Normal,4
T3_LAG,/kaggle/input/datasets/rayeedaabir/lag-database-part1-uk/LAG_database_part1_UK/non_glaucoma/image/0413.jpg,Normal,T2_ODIR,/kaggle/input/datasets/rayeedaabir/odir-preprocessed/organized_odir_dataset/Normal/2744_right.jpg,Normal,4
T3_LAG,/kaggle/input/datasets/rayeedaabir/lag-database-part1-uk/LAG_database_part1_UK/non_glaucoma/image/0470.jpg,Normal,T3_LAG,/kaggle/input/datasets/rayeedaabir/lag-database-part1-uk/LAG_database_part1_UK/non_glaucoma/image/0316.jpg,Normal,2
T3_LAG,/kaggle/input/datasets/rayeedaabir/lag-database-part1-uk/LAG_database_part1_UK/non_glaucoma/image/0478.jpg,Normal,T3_LAG,/kaggle/input/datasets/rayeedaabir/lag-database-part1-uk/LAG_database_part1_UK/non_glaucoma/image/0088.jpg,Normal,4
T3_LAG,/kaggle/input/datasets/rayeedaabir/lag-database-part1-uk/LAG_database_part1_UK/non_glaucoma/image/0497.jpg,Normal,T3_LAG,/kaggle/input/datasets/rayeedaabir/lag-database-part1-uk/LAG_database_part1_UK/non_glaucoma/image/0221.jpg,Normal,4
T3_LAG,/kaggle/input/datasets/rayeedaabir/lag-database-part1-uk/LAG_database_part1_UK/non_glaucoma/image/0625.jpg,Normal,T3_LAG,/kaggle/input/datasets/rayeedaabir/lag-database-part1-uk/LAG_database_part1_UK/non_glaucoma/image/0524.jpg,Normal,4
T3_LAG,/kaggle/input/datasets/rayeedaabir/lag-database-part1-uk/LAG_database_part1_UK/non_glaucoma/image/0644.jpg,Normal,T3_LAG,/kaggle/input/datasets/rayeedaabir/lag-database-part1-uk/LAG_database_part1_UK/non_glaucoma/image/0372.jpg,Normal,4
T3_LAG,/kaggle/input/datasets/rayeedaabir/lag-database-part1-uk/LAG_database_part1_UK/non_glaucoma/image/0689.jpg,Normal,T3_LAG,/kaggle/input/datasets/rayeedaabir/lag-database-part1-uk/LAG_database_part1_UK/non_glaucoma/image/0316.jpg,Normal,4
T3_LAG,/kaggle/input/datasets/rayeedaabir/lag-database-part1-uk/LAG_database_part1_UK/non_glaucoma/image/0700.jpg,Normal,T3_LAG,/kaggle/input/datasets/rayeedaabir/lag-database-part1-uk/LAG_database_part1_UK/non_glaucoma/image/0221.jpg,Normal,4
T3_LAG,/kaggle/input/datasets/rayeedaabir/lag-database-part1-uk/LAG_database_part1_UK/non_glaucoma/image/0739.jpg,Normal,T3_LAG,/kaggle/input/datasets/rayeedaabir/lag-database-part1-uk/LAG_database_part1_UK/non_glaucoma/image/0662.jpg,Normal,4
T3_LAG,/kaggle/input/datasets/rayeedaabir/lag-database-part1-uk/LAG_database_part1_UK/non_glaucoma/image/0756.jpg,Normal,T3_LAG,/kaggle/input/datasets/rayeedaabir/lag-database-part1-uk/LAG_database_part1_UK/non_glaucoma/image/0729.jpg,Normal,4
T3_LAG,/kaggle/input/datasets/rayeedaabir/lag-database-part1-uk/LAG_database_part1_UK/non_glaucoma/image/0765.jpg,Normal,T3_LAG,/kaggle/input/datasets/rayeedaabir/lag-database-part1-uk/LAG_database_part1_UK/non_glaucoma/image/0669.jpg,Normal,4
T3_LAG,/kaggle/input/datasets/rayeedaabir/lag-database-part1-uk/LAG_database_part1_UK/non_glaucoma/image/0779.jpg,Normal,T3_LAG,/kaggle/input/datasets/rayeedaabir/lag-database-part1-uk/LAG_database_part1_UK/non_glaucoma/image/0372.jpg,Normal,4
T3_LAG,/kaggle/input/datasets/rayeedaabir/lag-database-part1-uk/LAG_database_part1_UK/non_glaucoma/image/0799.jpg,Normal,T3_LAG,/kaggle/input/datasets/rayeedaabir/lag-database-part1-uk/LAG_database_part1_UK/non_glaucoma/image/0243.jpg,Normal,4
T3_LAG,/kaggle/input/datasets/rayeedaabir/lag-database-part1-uk/LAG_database_part1_UK/non_glaucoma/image/0821.jpg,Normal,T3_LAG,/kaggle/input/datasets/rayeedaabir/lag-database-part1-uk/LAG_database_part1_UK/non_glaucoma/image/0704.jpg,Normal,4
T3_LAG,/kaggle/input/datasets/rayeedaabir/lag-database-part1-uk/LAG_database_part1_UK/non_glaucoma/image/0850.jpg,Normal,T3_LAG,/kaggle/input/datasets/rayeedaabir/lag-database-part1-uk/LAG_database_part1_UK/non_glaucoma/image/0038.jpg,Normal,4
T3_LAG,/kaggle/input/datasets/rayeedaabir/lag-database-part1-uk/LAG_database_part1_UK/non_glaucoma/image/0872.jpg,Normal,T3_LAG,/kaggle/input/datasets/rayeedaabir/lag-database-part1-uk/LAG_database_part1_UK/non_glaucoma/image/0316.jpg,Normal,4
T3_LAG,/kaggle/input/datasets/rayeedaabir/lag-database-part1-uk/LAG_database_part1_UK/non_glaucoma/image/0935.jpg,Normal,T1_APTOS,/kaggle/input/datasets/mariaherrerot/aptos2019/test_images/test_images/e632e38fd2d4.png,No DR,4
T3_LAG,/kaggle/input/datasets/rayeedaabir/lag-database-part1-uk/LAG_database_part1_UK/non_glaucoma/image/0959.jpg,Normal,T3_LAG,/kaggle/input/datasets/rayeedaabir/lag-database-part1-uk/LAG_database_part1_UK/non_glaucoma/image/0481.jpg,Normal,4
T3_LAG,/kaggle/input/datasets/rayeedaabir/lag-database-part1-uk/LAG_database_part1_UK/non_glaucoma/image/1066.jpg,Normal,T3_LAG,/kaggle/input/datasets/rayeedaabir/lag-database-part1-uk/LAG_database_part1_UK/non_glaucoma/image/0513.jpg,Normal,4
T3_LAG,/kaggle/input/datasets/rayeedaabir/lag-database-part1-uk/LAG_database_part1_UK/non_glaucoma/image/1101.jpg,Normal,T3_LAG,/kaggle/input/datasets/rayeedaabir/lag-database-part1-uk/LAG_database_part1_UK/non_glaucoma/image/0076.jpg,Normal,4
T3_LAG,/kaggle/input/datasets/rayeedaabir/lag-database-part1-uk/LAG_database_part1_UK/non_glaucoma/image/1102.jpg,Normal,T3_LAG,/kaggle/input/datasets/rayeedaabir/lag-database-part1-uk/LAG_database_part1_UK/non_glaucoma/image/0261.jpg,Normal,4
T3_LAG,/kaggle/input/datasets/rayeedaabir/lag-database-part1-uk/LAG_database_part1_UK/non_glaucoma/image/1191.jpg,Normal,T3_LAG,/kaggle/input/datasets/rayeedaabir/lag-database-part1-uk/LAG_database_part1_UK/non_glaucoma/image/0733.jpg,Normal,2
T3_LAG,/kaggle/input/datasets/rayeedaabir/lag-database-part1-uk/LAG_database_part1_UK/non_glaucoma/image/1195.jpg,Normal,T3_LAG,/kaggle/input/datasets/rayeedaabir/lag-database-part1-uk/LAG_database_part1_UK/non_glaucoma/image/0002.jpg,Normal,4
T3_LAG,/kaggle/input/datasets/rayeedaabir/lag-database-part1-uk/LAG_database_part1_UK/non_glaucoma/image/1197.jpg,Normal,T3_LAG,/kaggle/input/datasets/rayeedaabir/lag-database-part1-uk/LAG_database_part1_UK/non_glaucoma/image/0336.jpg,Normal,4
T3_LAG,/kaggle/input/datasets/rayeedaabir/lag-database-part1-uk/LAG_database_part1_UK/non_glaucoma/image/1232.jpg,Normal,T3_LAG,/kaggle/input/datasets/rayeedaabir/lag-database-part1-uk/LAG_database_part1_UK/non_glaucoma/image/1151.jpg,Normal,2
T3_LAG,/kaggle/input/datasets/rayeedaabir/lag-database-part1-uk/LAG_database_part1_UK/non_glaucoma/image/1263.jpg,Normal,T3_LAG,/kaggle/input/datasets/rayeedaabir/lag-database-part1-uk/LAG_database_part1_UK/non_glaucoma/image/0405.jpg,Normal,4
T3_LAG,/kaggle/input/datasets/rayeedaabir/lag-database-part1-uk/LAG_database_part1_UK/non_glaucoma/image/1345.jpg,Normal,T3_LAG,/kaggle/input/datasets/rayeedaabir/lag-database-part1-uk/LAG_database_part1_UK/non_glaucoma/image/0316.jpg,Normal,4
T3_LAG,/kaggle/input/datasets/rayeedaabir/lag-database-part1-uk/LAG_database_part1_UK/non_glaucoma/image/1419.jpg,Normal,T3_LAG,/kaggle/input/datasets/rayeedaabir/lag-database-part1-uk/LAG_database_part1_UK/non_glaucoma/image/0662.jpg,Normal,4
T3_LAG,/kaggle/input/datasets/rayeedaabir/lag-database-part1-uk/LAG_database_part1_UK/non_glaucoma/image/1445.jpg,Normal,T3_LAG,/kaggle/input/datasets/rayeedaabir/lag-database-part1-uk/LAG_database_part1_UK/non_glaucoma/image/0946.jpg,Normal,4
T3_LAG,/kaggle/input/datasets/rayeedaabir/lag-database-part1-uk/LAG_database_part1_UK/non_glaucoma/image/1479.jpg,Normal,T3_LAG,/kaggle/input/datasets/rayeedaabir/lag-database-part1-uk/LAG_database_part1_UK/non_glaucoma/image/0969.jpg,Normal,4
T3_LAG,/kaggle/input/datasets/rayeedaabir/lag-database-part1-uk/LAG_database_part1_UK/non_glaucoma/image/1510.jpg,Normal,T3_LAG,/kaggle/input/datasets/rayeedaabir/lag-database-part1-uk/LAG_database_part1_UK/non_glaucoma/image/0697.jpg,Normal,4
T3_LAG,/kaggle/input/datasets/rayeedaabir/lag-database-part1-uk/LAG_database_part1_UK/non_glaucoma/image/1512.jpg,Normal,T3_LAG,/kaggle/input/datasets/rayeedaabir/lag-database-part1-uk/LAG_database_part1_UK/non_glaucoma/image/1099.jpg,Normal,0
T3_LAG,/kaggle/input/datasets/rayeedaabir/lag-database-part1-uk/LAG_database_part1_UK/non_glaucoma/image/1513.jpg,Normal,T3_LAG,/kaggle/input/datasets/rayeedaabir/lag-database-part1-uk/LAG_database_part1_UK/non_glaucoma/image/0316.jpg,Normal,4
T3_LAG,/kaggle/input/datasets/rayeedaabir/lag-database-part1-uk/LAG_database_part1_UK/non_glaucoma/image/1535.jpg,Normal,T3_LAG,/kaggle/input/datasets/rayeedaabir/lag-database-part1-uk/LAG_database_part1_UK/non_glaucoma/image/1124.jpg,Normal,4
T3_LAG,/kaggle/input/datasets/rayeedaabir/lag-database-part1-uk/LAG_database_part1_UK/non_glaucoma/image/1593.jpg,Normal,T3_LAG,/kaggle/input/datasets/rayeedaabir/lag-database-part1-uk/LAG_database_part1_UK/non_glaucoma/image/1342.jpg,Normal,4
T3_LAG,/kaggle/input/datasets/rayeedaabir/lag-database-part1-uk/LAG_database_part1_UK/non_glaucoma/image/1612.jpg,Normal,T3_LAG,/kaggle/input/datasets/rayeedaabir/lag-database-part1-uk/LAG_database_part1_UK/non_glaucoma/image/0464.jpg,Normal,4
T3_LAG,/kaggle/input/datasets/rayeedaabir/lag-database-part1-uk/LAG_database_part1_UK/non_glaucoma/image/1622.jpg,Normal,T3_LAG,/kaggle/input/datasets/rayeedaabir/lag-database-part1-uk/LAG_database_part1_UK/non_glaucoma/image/0015.jpg,Normal,4
T3_LAG,/kaggle/input/datasets/rayeedaabir/lag-database-part1-uk/LAG_database_part1_UK/non_glaucoma/image/1623.jpg,Normal,T3_LAG,/kaggle/input/datasets/rayeedaabir/lag-database-part1-uk/LAG_database_part1_UK/non_glaucoma/image/0072.jpg,Normal,4
T3_LAG,/kaggle/input/datasets/rayeedaabir/lag-database-part1-uk/LAG_database_part1_UK/non_glaucoma/image/1655.jpg,Normal,T3_LAG,/kaggle/input/datasets/rayeedaabir/lag-database-part1-uk/LAG_database_part1_UK/non_glaucoma/image/0562.jpg,Normal,4
T3_LAG,/kaggle/input/datasets/rayeedaabir/lag-database-part1-uk/LAG_database_part1_UK/non_glaucoma/image/1663.jpg,Normal,T3_LAG,/kaggle/input/datasets/rayeedaabir/lag-database-part1-uk/LAG_database_part1_UK/non_glaucoma/image/0261.jpg,Normal,4
T3_LAG,/kaggle/input/datasets/rayeedaabir/lag-database-part1-uk/LAG_database_part1_UK/non_glaucoma/image/1676.jpg,Normal,T3_LAG,/kaggle/input/datasets/rayeedaabir/lag-database-part1-uk/LAG_database_part1_UK/non_glaucoma/image/0669.jpg,Normal,4
T3_LAG,/kaggle/input/datasets/rayeedaabir/lag-database-part1-uk/LAG_database_part1_UK/non_glaucoma/image/1678.jpg,Normal,T3_LAG,/kaggle/input/datasets/rayeedaabir/lag-database-part1-uk/LAG_database_part1_UK/non_glaucoma/image/1009.jpg,Normal,4
T3_LAG,/kaggle/input/datasets/rayeedaabir/lag-database-part1-uk/LAG_database_part1_UK/non_glaucoma/image/1690.jpg,Normal,T3_LAG,/kaggle/input/datasets/rayeedaabir/lag-database-part1-uk/LAG_database_part1_UK/non_glaucoma/image/0704.jpg,Normal,4
T3_LAG,/kaggle/input/datasets/rayeedaabir/lag-database-part1-uk/LAG_database_part1_UK/non_glaucoma/image/1712.jpg,Normal,T3_LAG,/kaggle/input/datasets/rayeedaabir/lag-database-part1-uk/LAG_database_part1_UK/non_glaucoma/image/1037.jpg,Normal,4
T3_LAG,/kaggle/input/datasets/rayeedaabir/lag-database-part1-uk/LAG_database_part1_UK/non_glaucoma/image/1749.jpg,Normal,T3_LAG,/kaggle/input/datasets/rayeedaabir/lag-database-part1-uk/LAG_database_part1_UK/non_glaucoma/image/1331.jpg,Normal,2
T3_LAG,/kaggle/input/datasets/rayeedaabir/lag-database-part1-uk/LAG_database_part1_UK/non_glaucoma/image/1752.jpg,Normal,T3_LAG,/kaggle/input/datasets/rayeedaabir/lag-database-part1-uk/LAG_database_part1_UK/non_glaucoma/image/1079.jpg,Normal,4
T3_LAG,/kaggle/input/datasets/rayeedaabir/lag-database-part1-uk/LAG_database_part1_UK/non_glaucoma/image/1786.jpg,Normal,T3_LAG,/kaggle/input/datasets/rayeedaabir/lag-database-part1-uk/LAG_database_part1_UK/non_glaucoma/image/0167.jpg,Normal,2
T3_LAG,/kaggle/input/datasets/rayeedaabir/lag-database-part1-uk/LAG_database_part1_UK/non_glaucoma/image/1815.jpg,Normal,T3_LAG,/kaggle/input/datasets/rayeedaabir/lag-database-part1-uk/LAG_database_part1_UK/non_glaucoma/image/0553.jpg,Normal,4
T3_LAG,/kaggle/input/datasets/rayeedaabir/lag-database-part1-uk/LAG_database_part1_UK/non_glaucoma/image/1836.jpg,Normal,T3_LAG,/kaggle/input/datasets/rayeedaabir/lag-database-part1-uk/LAG_database_part1_UK/non_glaucoma/image/1009.jpg,Normal,4
T3_LAG,/kaggle/input/datasets/rayeedaabir/lag-database-part1-uk/LAG_database_part1_UK/non_glaucoma/image/1851.jpg,Normal,T3_LAG,/kaggle/input/datasets/rayeedaabir/lag-database-part1-uk/LAG_database_part1_UK/non_glaucoma/image/0513.jpg,Normal,4
T3_LAG,/kaggle/input/datasets/rayeedaabir/lag-database-part1-uk/LAG_database_part1_UK/non_glaucoma/image/1865.jpg,Normal,T3_LAG,/kaggle/input/datasets/rayeedaabir/lag-database-part1-uk/LAG_database_part1_UK/non_glaucoma/image/0987.jpg,Normal,4
T3_LAG,/kaggle/input/datasets/rayeedaabir/lag-database-part1-uk/LAG_database_part1_UK/non_glaucoma/image/1884.jpg,Normal,T3_LAG,/kaggle/input/datasets/rayeedaabir/lag-database-part1-uk/LAG_database_part1_UK/non_glaucoma/image/0669.jpg,Normal,4
T3_LAG,/kaggle/input/datasets/rayeedaabir/lag-database-part1-uk/LAG_database_part1_UK/non_glaucoma/image/1890.jpg,Normal,T3_LAG,/kaggle/input/datasets/rayeedaabir/lag-database-part1-uk/LAG_database_part1_UK/non_glaucoma/image/1387.jpg,Normal,4
T3_LAG,/kaggle/input/datasets/rayeedaabir/lag-database-part1-uk/LAG_database_part1_UK/non_glaucoma/image/1922.jpg,Normal,T3_LAG,/kaggle/input/datasets/rayeedaabir/lag-database-part1-uk/LAG_database_part1_UK/non_glaucoma/image/0014.jpg,Normal,4
T3_LAG,/kaggle/input/datasets/rayeedaabir/lag-database-part1-uk/LAG_database_part1_UK/non_glaucoma/image/1936.jpg,Normal,T3_LAG,/kaggle/input/datasets/rayeedaabir/lag-database-part1-uk/LAG_database_part1_UK/non_glaucoma/image/1015.jpg,Normal,4
T3_LAG,/kaggle/input/datasets/rayeedaabir/lag-database-part1-uk/LAG_database_part1_UK/non_glaucoma/image/1974.jpg,Normal,T3_LAG,/kaggle/input/datasets/rayeedaabir/lag-database-part1-uk/LAG_database_part1_UK/non_glaucoma/image/0772.jpg,Normal,4
T3_LAG,/kaggle/input/datasets/rayeedaabir/lag-database-part1-uk/LAG_database_part1_UK/non_glaucoma/image/1991.jpg,Normal,T3_LAG,/kaggle/input/datasets/rayeedaabir/lag-database-part1-uk/LAG_database_part1_UK/non_glaucoma/image/0974.jpg,Normal,4
T3_LAG,/kaggle/input/datasets/rayeedaabir/lag-database-part1-uk/LAG_database_part1_UK/non_glaucoma/image/1996.jpg,Normal,T3_LAG,/kaggle/input/datasets/rayeedaabir/lag-database-part1-uk/LAG_database_part1_UK/non_glaucoma/image/0753.jpg,Normal,4
T3_LAG,/kaggle/input/datasets/rayeedaabir/lag-database-part1-uk/LAG_database_part1_UK/non_glaucoma/image/2029.jpg,Normal,T3_LAG,/kaggle/input/datasets/rayeedaabir/lag-database-part1-uk/LAG_database_part1_UK/non_glaucoma/image/0669.jpg,Normal,4
T3_LAG,/kaggle/input/datasets/rayeedaabir/lag-database-part1-uk/LAG_database_part1_UK/non_glaucoma/image/2050.jpg,Normal,T3_LAG,/kaggle/input/datasets/rayeedaabir/lag-database-part1-uk/LAG_database_part1_UK/non_glaucoma/image/0357.jpg,Normal,4
T3_LAG,/kaggle/input/datasets/rayeedaabir/lag-database-part1-uk/LAG_database_part1_UK/non_glaucoma/image/2078.jpg,Normal,T3_LAG,/kaggle/input/datasets/rayeedaabir/lag-database-part1-uk/LAG_database_part1_UK/non_glaucoma/image/0227.jpg,Normal,4
T3_LAG,/kaggle/input/datasets/rayeedaabir/lag-database-part1-uk/LAG_database_part1_UK/non_glaucoma/image/2086.jpg,Normal,T3_LAG,/kaggle/input/datasets/rayeedaabir/lag-database-part1-uk/LAG_database_part1_UK/non_glaucoma/image/2071.jpg,Normal,4
T3_LAG,/kaggle/input/datasets/rayeedaabir/lag-database-part1-uk/LAG_database_part1_UK/non_glaucoma/image/2111.jpg,Normal,T3_LAG,/kaggle/input/datasets/rayeedaabir/lag-database-part1-uk/LAG_database_part1_UK/non_glaucoma/image/1287.jpg,Normal,2
T3_LAG,/kaggle/input/datasets/rayeedaabir/lag-database-part1-uk/LAG_database_part1_UK/non_glaucoma/image/2131.jpg,Normal,T2_ODIR,/kaggle/input/datasets/rayeedaabir/odir-preprocessed/organized_odir_dataset/Normal/3131_right.jpg,Normal,4
T3_LAG,/kaggle/input/datasets/rayeedaabir/lag-database-part1-uk/LAG_database_part1_UK/non_glaucoma/image/2146.jpg,Normal,T3_LAG,/kaggle/input/datasets/rayeedaabir/lag-database-part1-uk/LAG_database_part1_UK/non_glaucoma/image/0179.jpg,Normal,4
T3_LAG,/kaggle/input/datasets/rayeedaabir/lag-database-part1-uk/LAG_database_part1_UK/non_glaucoma/image/2151.jpg,Normal,T3_LAG,/kaggle/input/datasets/rayeedaabir/lag-database-part1-uk/LAG_database_part1_UK/non_glaucoma/image/0513.jpg,Normal,2
T3_LAG,/kaggle/input/datasets/rayeedaabir/lag-database-part1-uk/LAG_database_part1_UK/non_glaucoma/image/2162.jpg,Normal,T3_LAG,/kaggle/input/datasets/rayeedaabir/lag-database-part1-uk/LAG_database_part1_UK/non_glaucoma/image/2088.jpg,Normal,4
T3_LAG,/kaggle/input/datasets/rayeedaabir/lag-database-part1-uk/LAG_database_part1_UK/non_glaucoma/image/2167.jpg,Normal,T3_LAG,/kaggle/input/datasets/rayeedaabir/lag-database-part1-uk/LAG_database_part1_UK/non_glaucoma/image/0162.jpg,Normal,4
T3_LAG,/kaggle/input/datasets/rayeedaabir/lag-database-part1-uk/LAG_database_part1_UK/non_glaucoma/image/2170.jpg,Normal,T3_LAG,/kaggle/input/datasets/rayeedaabir/lag-database-part1-uk/LAG_database_part1_UK/non_glaucoma/image/0145.jpg,Normal,4
T3_LAG,/kaggle/input/datasets/rayeedaabir/lag-database-part1-uk/LAG_database_part1_UK/non_glaucoma/image/2217.jpg,Normal,T3_LAG,/kaggle/input/datasets/rayeedaabir/lag-database-part1-uk/LAG_database_part1_UK/non_glaucoma/image/0928.jpg,Normal,4
T3_LAG,/kaggle/input/datasets/rayeedaabir/lag-database-part1-uk/LAG_database_part1_UK/non_glaucoma/image/2218.jpg,Normal,T3_LAG,/kaggle/input/datasets/rayeedaabir/lag-database-part1-uk/LAG_database_part1_UK/non_glaucoma/image/0318.jpg,Normal,4
T3_LAG,/kaggle/input/datasets/rayeedaabir/lag-database-part1-uk/LAG_database_part1_UK/non_glaucoma/image/2220.jpg,Normal,T3_LAG,/kaggle/input/datasets/rayeedaabir/lag-database-part1-uk/LAG_database_part1_UK/non_glaucoma/image/0852.jpg,Normal,4
T3_LAG,/kaggle/input/datasets/rayeedaabir/lag-database-part1-uk/LAG_database_part1_UK/non_glaucoma/image/2222.jpg,Normal,T3_LAG,/kaggle/input/datasets/rayeedaabir/lag-database-part1-uk/LAG_database_part1_UK/non_glaucoma/image/0357.jpg,Normal,4
T3_LAG,/kaggle/input/datasets/rayeedaabir/lag-database-part1-uk/LAG_database_part1_UK/non_glaucoma/image/2238.jpg,Normal,T3_LAG,/kaggle/input/datasets/rayeedaabir/lag-database-part1-uk/LAG_database_part1_UK/non_glaucoma/image/0839.jpg,Normal,4
T3_LAG,/kaggle/input/datasets/rayeedaabir/lag-database-part1-uk/LAG_database_part1_UK/non_glaucoma/image/2286.jpg,Normal,T3_LAG,/kaggle/input/datasets/rayeedaabir/lag-database-part1-uk/LAG_database_part1_UK/non_glaucoma/image/1039.jpg,Normal,4
T3_LAG,/kaggle/input/datasets/rayeedaabir/lag-database-part1-uk/LAG_database_part1_UK/non_glaucoma/image/2293.jpg,Normal,T3_LAG,/kaggle/input/datasets/rayeedaabir/lag-database-part1-uk/LAG_database_part1_UK/non_glaucoma/image/1466.jpg,Normal,4
T3_LAG,/kaggle/input/datasets/rayeedaabir/lag-database-part1-uk/LAG_database_part1_UK/non_glaucoma/image/2297.jpg,Normal,T3_LAG,/kaggle/input/datasets/rayeedaabir/lag-database-part1-uk/LAG_database_part1_UK/non_glaucoma/image/0846.jpg,Normal,4
T3_LAG,/kaggle/input/datasets/rayeedaabir/lag-database-part1-uk/LAG_database_part1_UK/non_glaucoma/image/2302.jpg,Normal,T3_LAG,/kaggle/input/datasets/rayeedaabir/lag-database-part1-uk/LAG_database_part1_UK/non_glaucoma/image/0970.jpg,Normal,4
T3_LAG,/kaggle/input/datasets/rayeedaabir/lag-database-part1-uk/LAG_database_part1_UK/non_glaucoma/image/2309.jpg,Normal,T3_LAG,/kaggle/input/datasets/rayeedaabir/lag-database-part1-uk/LAG_database_part1_UK/non_glaucoma/image/1039.jpg,Normal,4
T3_LAG,/kaggle/input/datasets/rayeedaabir/lag-database-part1-uk/LAG_database_part1_UK/non_glaucoma/image/2313.jpg,Normal,T3_LAG,/kaggle/input/datasets/rayeedaabir/lag-database-part1-uk/LAG_database_part1_UK/non_glaucoma/image/1434.jpg,Normal,2
T3_LAG,/kaggle/input/datasets/rayeedaabir/lag-database-part1-uk/LAG_database_part1_UK/non_glaucoma/image/2338.jpg,Normal,T3_LAG,/kaggle/input/datasets/rayeedaabir/lag-database-part1-uk/LAG_database_part1_UK/non_glaucoma/image/0316.jpg,Normal,4
T3_LAG,/kaggle/input/datasets/rayeedaabir/lag-database-part1-uk/LAG_database_part1_UK/non_glaucoma/image/2353.jpg,Normal,T3_LAG,/kaggle/input/datasets/rayeedaabir/lag-database-part1-uk/LAG_database_part1_UK/non_glaucoma/image/1315.jpg,Normal,2
T3_LAG,/kaggle/input/datasets/rayeedaabir/lag-database-part1-uk/LAG_database_part1_UK/non_glaucoma/image/2379.jpg,Normal,T3_LAG,/kaggle/input/datasets/rayeedaabir/lag-database-part1-uk/LAG_database_part1_UK/non_glaucoma/image/1365.jpg,Normal,4
T3_LAG,/kaggle/input/datasets/rayeedaabir/lag-database-part1-uk/LAG_database_part1_UK/non_glaucoma/image/2417.jpg,Normal,T3_LAG,/kaggle/input/datasets/rayeedaabir/lag-database-part1-uk/LAG_database_part1_UK/non_glaucoma/image/1699.jpg,Normal,4
T3_LAG,/kaggle/input/datasets/rayeedaabir/lag-database-part1-uk/LAG_database_part1_UK/non_glaucoma/image/2441.jpg,Normal,T3_LAG,/kaggle/input/datasets/rayeedaabir/lag-database-part1-uk/LAG_database_part1_UK/non_glaucoma/image/0626.jpg,Normal,4
T3_LAG,/kaggle/input/datasets/rayeedaabir/lag-database-part1-uk/LAG_database_part1_UK/non_glaucoma/image/2454.jpg,Normal,T3_LAG,/kaggle/input/datasets/rayeedaabir/lag-database-part1-uk/LAG_database_part1_UK/non_glaucoma/image/0365.jpg,Normal,4
T3_LAG,/kaggle/input/datasets/rayeedaabir/lag-database-part1-uk/LAG_database_part1_UK/non_glaucoma/image/2469.jpg,Normal,T3_LAG,/kaggle/input/datasets/rayeedaabir/lag-database-part1-uk/LAG_database_part1_UK/non_glaucoma/image/0956.jpg,Normal,4
T3_LAG,/kaggle/input/datasets/rayeedaabir/lag-database-part1-uk/LAG_database_part1_UK/non_glaucoma/image/2481.jpg,Normal,T3_LAG,/kaggle/input/datasets/rayeedaabir/lag-database-part1-uk/LAG_database_part1_UK/non_glaucoma/image/1983.jpg,Normal,4
T3_LAG,/kaggle/input/datasets/rayeedaabir/lag-database-part1-uk/LAG_database_part1_UK/non_glaucoma/image/2505.jpg,Normal,T3_LAG,/kaggle/input/datasets/rayeedaabir/lag-database-part1-uk/LAG_database_part1_UK/non_glaucoma/image/0076.jpg,Normal,4
T3_LAG,/kaggle/input/datasets/rayeedaabir/lag-database-part1-uk/LAG_database_part1_UK/non_glaucoma/image/2511.jpg,Normal,T3_LAG,/kaggle/input/datasets/rayeedaabir/lag-database-part1-uk/LAG_database_part1_UK/non_glaucoma/image/1119.jpg,Normal,4
T3_LAG,/kaggle/input/datasets/rayeedaabir/lag-database-part1-uk/LAG_database_part1_UK/non_glaucoma/image/2516.jpg,Normal,T3_LAG,/kaggle/input/datasets/rayeedaabir/lag-database-part1-uk/LAG_database_part1_UK/non_glaucoma/image/0321.jpg,Normal,4
T3_LAG,/kaggle/input/datasets/rayeedaabir/lag-database-part1-uk/LAG_database_part1_UK/non_glaucoma/image/2541.jpg,Normal,T3_LAG,/kaggle/input/datasets/rayeedaabir/lag-database-part1-uk/LAG_database_part1_UK/non_glaucoma/image/2125.jpg,Normal,4
T3_LAG,/kaggle/input/datasets/rayeedaabir/lag-database-part1-uk/LAG_database_part1_UK/non_glaucoma/image/2549.jpg,Normal,T3_LAG,/kaggle/input/datasets/rayeedaabir/lag-database-part1-uk/LAG_database_part1_UK/non_glaucoma/image/2125.jpg,Normal,4
T3_LAG,/kaggle/input/datasets/rayeedaabir/lag-database-part1-uk/LAG_database_part1_UK/non_glaucoma/image/2551.jpg,Normal,T3_LAG,/kaggle/input/datasets/rayeedaabir/lag-database-part1-uk/LAG_database_part1_UK/non_glaucoma/image/0472.jpg,Normal,4
T3_LAG,/kaggle/input/datasets/rayeedaabir/lag-database-part1-uk/LAG_database_part1_UK/non_glaucoma/image/2574.jpg,Normal,T1_APTOS,/kaggle/input/datasets/mariaherrerot/aptos2019/test_images/test_images/e632e38fd2d4.png,No DR,4
T3_LAG,/kaggle/input/datasets/rayeedaabir/lag-database-part1-uk/LAG_database_part1_UK/non_glaucoma/image/2575.jpg,Normal,T3_LAG,/kaggle/input/datasets/rayeedaabir/lag-database-part1-uk/LAG_database_part1_UK/non_glaucoma/image/0104.jpg,Normal,4
T3_LAG,/kaggle/input/datasets/rayeedaabir/lag-database-part1-uk/LAG_database_part1_UK/non_glaucoma/image/2594.jpg,Normal,T3_LAG,/kaggle/input/datasets/rayeedaabir/lag-database-part1-uk/LAG_database_part1_UK/non_glaucoma/image/1315.jpg,Normal,4
T3_LAG,/kaggle/input/datasets/rayeedaabir/lag-database-part1-uk/LAG_database_part1_UK/non_glaucoma/image/2601.jpg,Normal,T3_LAG,/kaggle/input/datasets/rayeedaabir/lag-database-part1-uk/LAG_database_part1_UK/non_glaucoma/image/2434.jpg,Normal,2
T3_LAG,/kaggle/input/datasets/rayeedaabir/lag-database-part1-uk/LAG_database_part1_UK/non_glaucoma/image/2622.jpg,Normal,T3_LAG,/kaggle/input/datasets/rayeedaabir/lag-database-part1-uk/LAG_database_part1_UK/non_glaucoma/image/1422.jpg,Normal,4
T3_LAG,/kaggle/input/datasets/rayeedaabir/lag-database-part1-uk/LAG_database_part1_UK/non_glaucoma/image/2632.jpg,Normal,T3_LAG,/kaggle/input/datasets/rayeedaabir/lag-database-part1-uk/LAG_database_part1_UK/non_glaucoma/image/0711.jpg,Normal,4
T3_LAG,/kaggle/input/datasets/rayeedaabir/lag-database-part1-uk/LAG_database_part1_UK/non_glaucoma/image/2655.jpg,Normal,T3_LAG,/kaggle/input/datasets/rayeedaabir/lag-database-part1-uk/LAG_database_part1_UK/non_glaucoma/image/0066.jpg,Normal,4
T3_LAG,/kaggle/input/datasets/rayeedaabir/lag-database-part1-uk/LAG_database_part1_UK/non_glaucoma/image/2694.jpg,Normal,T3_LAG,/kaggle/input/datasets/rayeedaabir/lag-database-part1-uk/LAG_database_part1_UK/non_glaucoma/image/0951.jpg,Normal,4
T3_LAG,/kaggle/input/datasets/rayeedaabir/lag-database-part1-uk/LAG_database_part1_UK/non_glaucoma/image/2696.jpg,Normal,T3_LAG,/kaggle/input/datasets/rayeedaabir/lag-database-part1-uk/LAG_database_part1_UK/non_glaucoma/image/0076.jpg,Normal,4
T3_LAG,/kaggle/input/datasets/rayeedaabir/lag-database-part1-uk/LAG_database_part1_UK/non_glaucoma/image/2699.jpg,Normal,T3_LAG,/kaggle/input/datasets/rayeedaabir/lag-database-part1-uk/LAG_database_part1_UK/non_glaucoma/image/0991.jpg,Normal,4
T3_LAG,/kaggle/input/datasets/rayeedaabir/lag-database-part1-uk/LAG_database_part1_UK/non_glaucoma/image/2703.jpg,Normal,T3_LAG,/kaggle/input/datasets/rayeedaabir/lag-database-part1-uk/LAG_database_part1_UK/non_glaucoma/image/1224.jpg,Normal,2
T3_LAG,/kaggle/input/datasets/rayeedaabir/lag-database-part1-uk/LAG_database_part1_UK/non_glaucoma/image/2704.jpg,Normal,T3_LAG,/kaggle/input/datasets/rayeedaabir/lag-database-part1-uk/LAG_database_part1_UK/non_glaucoma/image/1094.jpg,Normal,4
T3_LAG,/kaggle/input/datasets/rayeedaabir/lag-database-part1-uk/LAG_database_part1_UK/non_glaucoma/image/2711.jpg,Normal,T3_LAG,/kaggle/input/datasets/rayeedaabir/lag-database-part1-uk/LAG_database_part1_UK/non_glaucoma/image/2497.jpg,Normal,4
T3_LAG,/kaggle/input/datasets/rayeedaabir/lag-database-part1-uk/LAG_database_part1_UK/non_glaucoma/image/2738.jpg,Normal,T3_LAG,/kaggle/input/datasets/rayeedaabir/lag-database-part1-uk/LAG_database_part1_UK/non_glaucoma/image/2649.jpg,Normal,4
T3_LAG,/kaggle/input/datasets/rayeedaabir/lag-database-part1-uk/LAG_database_part1_UK/non_glaucoma/image/2755.jpg,Normal,T3_LAG,/kaggle/input/datasets/rayeedaabir/lag-database-part1-uk/LAG_database_part1_UK/non_glaucoma/image/1137.jpg,Normal,4
T3_LAG,/kaggle/input/datasets/rayeedaabir/lag-database-part1-uk/LAG_database_part1_UK/non_glaucoma/image/2756.jpg,Normal,T3_LAG,/kaggle/input/datasets/rayeedaabir/lag-database-part1-uk/LAG_database_part1_UK/non_glaucoma/image/1422.jpg,Normal,4
T3_LAG,/kaggle/input/datasets/rayeedaabir/lag-database-part1-uk/LAG_database_part1_UK/non_glaucoma/image/2760.jpg,Normal,T3_LAG,/kaggle/input/datasets/rayeedaabir/lag-database-part1-uk/LAG_database_part1_UK/non_glaucoma/image/0079.jpg,Normal,4
T3_LAG,/kaggle/input/datasets/rayeedaabir/lag-database-part1-uk/LAG_database_part1_UK/non_glaucoma/image/2772.jpg,Normal,T3_LAG,/kaggle/input/datasets/rayeedaabir/lag-database-part1-uk/LAG_database_part1_UK/non_glaucoma/image/1625.jpg,Normal,2
T3_LAG,/kaggle/input/datasets/rayeedaabir/lag-database-part1-uk/LAG_database_part1_UK/non_glaucoma/image/2799.jpg,Normal,T3_LAG,/kaggle/input/datasets/rayeedaabir/lag-database-part1-uk/LAG_database_part1_UK/non_glaucoma/image/0892.jpg,Normal,4
T3_LAG,/kaggle/input/datasets/rayeedaabir/lag-database-part1-uk/LAG_database_part1_UK/non_glaucoma/image/2801.jpg,Normal,T3_LAG,/kaggle/input/datasets/rayeedaabir/lag-database-part1-uk/LAG_database_part1_UK/non_glaucoma/image/0513.jpg,Normal,4
T3_LAG,/kaggle/input/datasets/rayeedaabir/lag-database-part1-uk/LAG_database_part1_UK/non_glaucoma/image/2846.jpg,Normal,T3_LAG,/kaggle/input/datasets/rayeedaabir/lag-database-part1-uk/LAG_database_part1_UK/non_glaucoma/image/2109.jpg,Normal,4
T3_LAG,/kaggle/input/datasets/rayeedaabir/lag-database-part1-uk/LAG_database_part1_UK/non_glaucoma/image/2856.jpg,Normal,T3_LAG,/kaggle/input/datasets/rayeedaabir/lag-database-part1-uk/LAG_database_part1_UK/non_glaucoma/image/0930.jpg,Normal,4
T3_LAG,/kaggle/input/datasets/rayeedaabir/lag-database-part1-uk/LAG_database_part1_UK/non_glaucoma/image/2885.jpg,Normal,T3_LAG,/kaggle/input/datasets/rayeedaabir/lag-database-part1-uk/LAG_database_part1_UK/non_glaucoma/image/0467.jpg,Normal,4
T3_LAG,/kaggle/input/datasets/rayeedaabir/lag-database-part1-uk/LAG_database_part1_UK/non_glaucoma/image/2888.jpg,Normal,T3_LAG,/kaggle/input/datasets/rayeedaabir/lag-database-part1-uk/LAG_database_part1_UK/non_glaucoma/image/0316.jpg,Normal,4
T3_LAG,/kaggle/input/datasets/rayeedaabir/lag-database-part1-uk/LAG_database_part1_UK/non_glaucoma/image/2913.jpg,Normal,T3_LAG,/kaggle/input/datasets/rayeedaabir/lag-database-part1-uk/LAG_database_part1_UK/non_glaucoma/image/0553.jpg,Normal,4
T3_LAG,/kaggle/input/datasets/rayeedaabir/lag-database-part1-uk/LAG_database_part1_UK/non_glaucoma/image/2920.jpg,Normal,T3_LAG,/kaggle/input/datasets/rayeedaabir/lag-database-part1-uk/LAG_database_part1_UK/non_glaucoma/image/0238.jpg,Normal,2
T3_LAG,/kaggle/input/datasets/rayeedaabir/lag-database-part1-uk/LAG_database_part1_UK/non_glaucoma/image/2943.jpg,Normal,T3_LAG,/kaggle/input/datasets/rayeedaabir/lag-database-part1-uk/LAG_database_part1_UK/non_glaucoma/image/1342.jpg,Normal,4
T3_LAG,/kaggle/input/datasets/rayeedaabir/lag-database-part1-uk/LAG_database_part1_UK/non_glaucoma/image/2967.jpg,Normal,T3_LAG,/kaggle/input/datasets/rayeedaabir/lag-database-part1-uk/LAG_database_part1_UK/non_glaucoma/image/0244.jpg,Normal,2
T3_LAG,/kaggle/input/datasets/rayeedaabir/lag-database-part1-uk/LAG_database_part1_UK/non_glaucoma/image/2971.jpg,Normal,T3_LAG,/kaggle/input/datasets/rayeedaabir/lag-database-part1-uk/LAG_database_part1_UK/non_glaucoma/image/0238.jpg,Normal,4
T3_LAG,/kaggle/input/datasets/rayeedaabir/lag-database-part1-uk/LAG_database_part1_UK/non_glaucoma/image/2983.jpg,Normal,T3_LAG,/kaggle/input/datasets/rayeedaabir/lag-database-part1-uk/LAG_database_part1_UK/non_glaucoma/image/1904.jpg,Normal,4
T3_LAG,/kaggle/input/datasets/rayeedaabir/lag-database-part1-uk/LAG_database_part1_UK/non_glaucoma/image/3007.jpg,Normal,T3_LAG,/kaggle/input/datasets/rayeedaabir/lag-database-part1-uk/LAG_database_part1_UK/non_glaucoma/image/2125.jpg,Normal,4
T3_LAG,/kaggle/input/datasets/rayeedaabir/lag-database-part1-uk/LAG_database_part1_UK/non_glaucoma/image/3029.jpg,Normal,T3_LAG,/kaggle/input/datasets/rayeedaabir/lag-database-part1-uk/LAG_database_part1_UK/non_glaucoma/image/2864.jpg,Normal,2
T3_LAG,/kaggle/input/datasets/rayeedaabir/lag-database-part1-uk/LAG_database_part1_UK/non_glaucoma/image/3058.jpg,Normal,T3_LAG,/kaggle/input/datasets/rayeedaabir/lag-database-part1-uk/LAG_database_part1_UK/non_glaucoma/image/0002.jpg,Normal,4
T3_LAG,/kaggle/input/datasets/rayeedaabir/lag-database-part1-uk/LAG_database_part1_UK/non_glaucoma/image/3066.jpg,Normal,T3_LAG,/kaggle/input/datasets/rayeedaabir/lag-database-part1-uk/LAG_database_part1_UK/non_glaucoma/image/1099.jpg,Normal,4
T3_LAG,/kaggle/input/datasets/rayeedaabir/lag-database-part1-uk/LAG_database_part1_UK/non_glaucoma/image/3071.jpg,Normal,T3_LAG,/kaggle/input/datasets/rayeedaabir/lag-database-part1-uk/LAG_database_part1_UK/non_glaucoma/image/2180.jpg,Normal,4
T3_LAG,/kaggle/input/datasets/rayeedaabir/lag-database-part1-uk/LAG_database_part1_UK/non_glaucoma/image/3097.jpg,Normal,T3_LAG,/kaggle/input/datasets/rayeedaabir/lag-database-part1-uk/LAG_database_part1_UK/non_glaucoma/image/0946.jpg,Normal,4
T3_LAG,/kaggle/input/datasets/rayeedaabir/lag-database-part1-uk/LAG_database_part1_UK/non_glaucoma/image/3111.jpg,Normal,T3_LAG,/kaggle/input/datasets/rayeedaabir/lag-database-part1-uk/LAG_database_part1_UK/non_glaucoma/image/0631.jpg,Normal,4
T3_LAG,/kaggle/input/datasets/rayeedaabir/lag-database-part1-uk/LAG_database_part1_UK/non_glaucoma/image/3112.jpg,Normal,T3_LAG,/kaggle/input/datasets/rayeedaabir/lag-database-part1-uk/LAG_database_part1_UK/non_glaucoma/image/0372.jpg,Normal,2
T3_LAG,/kaggle/input/datasets/rayeedaabir/lag-database-part1-uk/LAG_database_part1_UK/non_glaucoma/image/3117.jpg,Normal,T3_LAG,/kaggle/input/datasets/rayeedaabir/lag-database-part1-uk/LAG_database_part1_UK/non_glaucoma/image/0980.jpg,Normal,4
T3_LAG,/kaggle/input/datasets/rayeedaabir/lag-database-part1-uk/LAG_database_part1_UK/non_glaucoma/image/3127.jpg,Normal,T3_LAG,/kaggle/input/datasets/rayeedaabir/lag-database-part1-uk/LAG_database_part1_UK/non_glaucoma/image/0513.jpg,Normal,4
T3_LAG,/kaggle/input/datasets/rayeedaabir/lag-database-part1-uk/LAG_database_part1_UK/non_glaucoma/image/3141.jpg,Normal,T3_LAG,/kaggle/input/datasets/rayeedaabir/lag-database-part1-uk/LAG_database_part1_UK/non_glaucoma/image/2144.jpg,Normal,2
T3_LAG,/kaggle/input/datasets/rayeedaabir/lag-database-part1-uk/LAG_database_part1_UK/non_glaucoma/image/3200.jpg,Normal,T3_LAG,/kaggle/input/datasets/rayeedaabir/lag-database-part1-uk/LAG_database_part1_UK/non_glaucoma/image/0147.jpg,Normal,4
T3_LAG,/kaggle/input/datasets/rayeedaabir/lag-database-part1-uk/LAG_database_part1_UK/non_glaucoma/image/3208.jpg,Normal,T1_APTOS,/kaggle/input/datasets/mariaherrerot/aptos2019/train_images/train_images/e4210e7fe587.png,Severe DR,4
T3_LAG,/kaggle/input/datasets/rayeedaabir/lag-database-part1-uk/LAG_database_part1_UK/non_glaucoma/image/3217.jpg,Normal,T3_LAG,/kaggle/input/datasets/rayeedaabir/lag-database-part1-uk/LAG_database_part1_UK/non_glaucoma/image/0846.jpg,Normal,4
T3_LAG,/kaggle/input/datasets/rayeedaabir/lag-database-part1-uk/LAG_database_part1_UK/non_glaucoma/image/3227.jpg,Normal,T3_LAG,/kaggle/input/datasets/rayeedaabir/lag-database-part1-uk/LAG_database_part1_UK/non_glaucoma/image/2247.jpg,Normal,4
T3_LAG,/kaggle/input/datasets/rayeedaabir/lag-database-part1-uk/LAG_database_part1_UK/non_glaucoma/image/3232.jpg,Normal,T3_LAG,/kaggle/input/datasets/rayeedaabir/lag-database-part1-uk/LAG_database_part1_UK/non_glaucoma/image/0076.jpg,Normal,4
T3_LAG,/kaggle/input/datasets/rayeedaabir/lag-database-part1-uk/LAG_database_part1_UK/non_glaucoma/image/3239.jpg,Normal,T3_LAG,/kaggle/input/datasets/rayeedaabir/lag-database-part1-uk/LAG_database_part1_UK/non_glaucoma/image/3203.jpg,Normal,4
T3_LAG,/kaggle/input/datasets/rayeedaabir/lag-database-part1-uk/LAG_database_part1_UK/non_glaucoma/image/3252.jpg,Normal,T3_LAG,/kaggle/input/datasets/rayeedaabir/lag-database-part1-uk/LAG_database_part1_UK/non_glaucoma/image/0704.jpg,Normal,4
T3_LAG,/kaggle/input/datasets/rayeedaabir/lag-database-part1-uk/LAG_database_part1_UK/non_glaucoma/image/3267.jpg,Normal,T3_LAG,/kaggle/input/datasets/rayeedaabir/lag-database-part1-uk/LAG_database_part1_UK/non_glaucoma/image/0990.jpg,Normal,2
T3_LAG,/kaggle/input/datasets/rayeedaabir/lag-database-part1-uk/LAG_database_part1_UK/non_glaucoma/image/3298.jpg,Normal,T3_LAG,/kaggle/input/datasets/rayeedaabir/lag-database-part1-uk/LAG_database_part1_UK/non_glaucoma/image/0015.jpg,Normal,2
T3_LAG,/kaggle/input/datasets/rayeedaabir/lag-database-part1-uk/LAG_database_part1_UK/non_glaucoma/image/3307.jpg,Normal,T3_LAG,/kaggle/input/datasets/rayeedaabir/lag-database-part1-uk/LAG_database_part1_UK/non_glaucoma/image/2109.jpg,Normal,4
T3_LAG,/kaggle/input/datasets/rayeedaabir/lag-database-part1-uk/LAG_database_part1_UK/non_glaucoma/image/3314.jpg,Normal,T3_LAG,/kaggle/input/datasets/rayeedaabir/lag-database-part1-uk/LAG_database_part1_UK/non_glaucoma/image/2318.jpg,Normal,4
T3_LAG,/kaggle/input/datasets/rayeedaabir/lag-database-part1-uk/LAG_database_part1_UK/non_glaucoma/image/3327.jpg,Normal,T3_LAG,/kaggle/input/datasets/rayeedaabir/lag-database-part1-uk/LAG_database_part1_UK/non_glaucoma/image/0015.jpg,Normal,2
T3_LAG,/kaggle/input/datasets/rayeedaabir/lag-database-part1-uk/LAG_database_part1_UK/non_glaucoma/image/3328.jpg,Normal,T3_LAG,/kaggle/input/datasets/rayeedaabir/lag-database-part1-uk/LAG_database_part1_UK/non_glaucoma/image/0014.jpg,Normal,4
T3_LAG,/kaggle/input/datasets/rayeedaabir/lag-database-part1-uk/LAG_database_part1_UK/non_glaucoma/image/3359.jpg,Normal,T3_LAG,/kaggle/input/datasets/rayeedaabir/lag-database-part1-uk/LAG_database_part1_UK/non_glaucoma/image/2247.jpg,Normal,4
T3_LAG,/kaggle/input/datasets/rayeedaabir/lag-database-part1-uk/LAG_database_part1_UK/non_glaucoma/image/3363.jpg,Normal,T3_LAG,/kaggle/input/datasets/rayeedaabir/lag-database-part1-uk/LAG_database_part1_UK/non_glaucoma/image/2889.jpg,Normal,2
T3_LAG,/kaggle/input/datasets/rayeedaabir/lag-database-part1-uk/LAG_database_part1_UK/non_glaucoma/image/3367.jpg,Normal,T3_LAG,/kaggle/input/datasets/rayeedaabir/lag-database-part1-uk/LAG_database_part1_UK/non_glaucoma/image/2372.jpg,Normal,4
T3_LAG,/kaggle/input/datasets/rayeedaabir/lag-database-part1-uk/LAG_database_part1_UK/non_glaucoma/image/3387.jpg,Normal,T3_LAG,/kaggle/input/datasets/rayeedaabir/lag-database-part1-uk/LAG_database_part1_UK/non_glaucoma/image/0221.jpg,Normal,4
T3_LAG,/kaggle/input/datasets/rayeedaabir/lag-database-part1-uk/LAG_database_part1_UK/non_glaucoma/image/3392.jpg,Normal,T3_LAG,/kaggle/input/datasets/rayeedaabir/lag-database-part1-uk/LAG_database_part1_UK/non_glaucoma/image/2658.jpg,Normal,4
T3_LAG,/kaggle/input/datasets/rayeedaabir/lag-database-part1-uk/LAG_database_part1_UK/non_glaucoma/image/3439.jpg,Normal,T3_LAG,/kaggle/input/datasets/rayeedaabir/lag-database-part1-uk/LAG_database_part1_UK/non_glaucoma/image/0002.jpg,Normal,4
T3_LAG,/kaggle/input/datasets/rayeedaabir/lag-database-part1-uk/LAG_database_part1_UK/non_glaucoma/image/3443.jpg,Normal,T3_LAG,/kaggle/input/datasets/rayeedaabir/lag-database-part1-uk/LAG_database_part1_UK/non_glaucoma/image/1434.jpg,Normal,4
T3_LAG,/kaggle/input/datasets/rayeedaabir/lag-database-part1-uk/LAG_database_part1_UK/non_glaucoma/image/3451.jpg,Normal,T3_LAG,/kaggle/input/datasets/rayeedaabir/lag-database-part1-uk/LAG_database_part1_UK/non_glaucoma/image/0028.jpg,Normal,4
T3_LAG,/kaggle/input/datasets/rayeedaabir/lag-database-part1-uk/LAG_database_part1_UK/non_glaucoma/image/3462.jpg,Normal,T3_LAG,/kaggle/input/datasets/rayeedaabir/lag-database-part1-uk/LAG_database_part1_UK/non_glaucoma/image/2125.jpg,Normal,4
T3_LAG,/kaggle/input/datasets/rayeedaabir/lag-database-part1-uk/LAG_database_part1_UK/non_glaucoma/image/3470.jpg,Normal,T3_LAG,/kaggle/input/datasets/rayeedaabir/lag-database-part1-uk/LAG_database_part1_UK/non_glaucoma/image/0472.jpg,Normal,4
T3_LAG,/kaggle/input/datasets/rayeedaabir/lag-database-part1-uk/LAG_database_part1_UK/non_glaucoma/image/3488.jpg,Normal,T3_LAG,/kaggle/input/datasets/rayeedaabir/lag-database-part1-uk/LAG_database_part1_UK/non_glaucoma/image/0933.jpg,Normal,4
T3_LAG,/kaggle/input/datasets/rayeedaabir/lag-database-part1-uk/LAG_database_part1_UK/non_glaucoma/image/3520.jpg,Normal,T3_LAG,/kaggle/input/datasets/rayeedaabir/lag-database-part1-uk/LAG_database_part1_UK/non_glaucoma/image/0145.jpg,Normal,4
T3_LAG,/kaggle/input/datasets/rayeedaabir/lag-database-part1-uk/LAG_database_part1_UK/non_glaucoma/image/3521.jpg,Normal,T3_LAG,/kaggle/input/datasets/rayeedaabir/lag-database-part1-uk/LAG_database_part1_UK/non_glaucoma/image/1315.jpg,Normal,4
T3_LAG,/kaggle/input/datasets/rayeedaabir/lag-database-part1-uk/LAG_database_part1_UK/non_glaucoma/image/3531.jpg,Normal,T3_LAG,/kaggle/input/datasets/rayeedaabir/lag-database-part1-uk/LAG_database_part1_UK/non_glaucoma/image/2138.jpg,Normal,4
T3_LAG,/kaggle/input/datasets/rayeedaabir/lag-database-part1-uk/LAG_database_part1_UK/non_glaucoma/image/3547.jpg,Normal,T3_LAG,/kaggle/input/datasets/rayeedaabir/lag-database-part1-uk/LAG_database_part1_UK/non_glaucoma/image/0209.jpg,Normal,4
T3_LAG,/kaggle/input/datasets/rayeedaabir/lag-database-part1-uk/LAG_database_part1_UK/non_glaucoma/image/3565.jpg,Normal,T3_LAG,/kaggle/input/datasets/rayeedaabir/lag-database-part1-uk/LAG_database_part1_UK/non_glaucoma/image/0372.jpg,Normal,4
T3_LAG,/kaggle/input/datasets/rayeedaabir/lag-database-part1-uk/LAG_database_part1_UK/non_glaucoma/image/3576.jpg,Normal,T3_LAG,/kaggle/input/datasets/rayeedaabir/lag-database-part1-uk/LAG_database_part1_UK/non_glaucoma/image/2125.jpg,Normal,4
T3_LAG,/kaggle/input/datasets/rayeedaabir/lag-database-part1-uk/LAG_database_part1_UK/non_glaucoma/image/3590.jpg,Normal,T3_LAG,/kaggle/input/datasets/rayeedaabir/lag-database-part1-uk/LAG_database_part1_UK/non_glaucoma/image/3165.jpg,Normal,4
T3_LAG,/kaggle/input/datasets/rayeedaabir/lag-database-part1-uk/LAG_database_part1_UK/non_glaucoma/image/3595.jpg,Normal,T3_LAG,/kaggle/input/datasets/rayeedaabir/lag-database-part1-uk/LAG_database_part1_UK/non_glaucoma/image/0574.jpg,Normal,4
T3_LAG,/kaggle/input/datasets/rayeedaabir/lag-database-part1-uk/LAG_database_part1_UK/non_glaucoma/image/3596.jpg,Normal,T3_LAG,/kaggle/input/datasets/rayeedaabir/lag-database-part1-uk/LAG_database_part1_UK/non_glaucoma/image/0072.jpg,Normal,2
T3_LAG,/kaggle/input/datasets/rayeedaabir/lag-database-part1-uk/LAG_database_part1_UK/non_glaucoma/image/3598.jpg,Normal,T3_LAG,/kaggle/input/datasets/rayeedaabir/lag-database-part1-uk/LAG_database_part1_UK/non_glaucoma/image/0521.jpg,Normal,4
T3_LAG,/kaggle/input/datasets/rayeedaabir/lag-database-part1-uk/LAG_database_part1_UK/non_glaucoma/image/3604.jpg,Normal,T3_LAG,/kaggle/input/datasets/rayeedaabir/lag-database-part1-uk/LAG_database_part1_UK/non_glaucoma/image/0626.jpg,Normal,2
T3_LAG,/kaggle/input/datasets/rayeedaabir/lag-database-part1-uk/LAG_database_part1_UK/non_glaucoma/image/3617.jpg,Normal,T3_LAG,/kaggle/input/datasets/rayeedaabir/lag-database-part1-uk/LAG_database_part1_UK/non_glaucoma/image/0434.jpg,Normal,4
T3_LAG,/kaggle/input/datasets/rayeedaabir/lag-database-part1-uk/LAG_database_part1_UK/non_glaucoma/image/3620.jpg,Normal,T3_LAG,/kaggle/input/datasets/rayeedaabir/lag-database-part1-uk/LAG_database_part1_UK/non_glaucoma/image/2247.jpg,Normal,4
T3_LAG,/kaggle/input/datasets/rayeedaabir/lag-database-part1-uk/LAG_database_part1_UK/non_glaucoma/image/3621.jpg,Normal,T3_LAG,/kaggle/input/datasets/rayeedaabir/lag-database-part1-uk/LAG_database_part1_UK/non_glaucoma/image/0513.jpg,Normal,4
T3_LAG,/kaggle/input/datasets/rayeedaabir/lag-database-part1-uk/LAG_database_part1_UK/non_glaucoma/image/3625.jpg,Normal,T3_LAG,/kaggle/input/datasets/rayeedaabir/lag-database-part1-uk/LAG_database_part1_UK/non_glaucoma/image/2534.jpg,Normal,4
T3_LAG,/kaggle/input/datasets/rayeedaabir/lag-database-part1-uk/LAG_database_part1_UK/non_glaucoma/image/3626.jpg,Normal,T3_LAG,/kaggle/input/datasets/rayeedaabir/lag-database-part1-uk/LAG_database_part1_UK/non_glaucoma/image/2880.jpg,Normal,2
T3_LAG,/kaggle/input/datasets/rayeedaabir/lag-database-part1-uk/LAG_database_part1_UK/non_glaucoma/image/3632.jpg,Normal,T3_LAG,/kaggle/input/datasets/rayeedaabir/lag-database-part1-uk/LAG_database_part1_UK/non_glaucoma/image/2013.jpg,Normal,4
T3_LAG,/kaggle/input/datasets/rayeedaabir/lag-database-part1-uk/LAG_database_part1_UK/non_glaucoma/image/3648.jpg,Normal,T3_LAG,/kaggle/input/datasets/rayeedaabir/lag-database-part1-uk/LAG_database_part1_UK/non_glaucoma/image/0345.jpg,Normal,4
T3_LAG,/kaggle/input/datasets/rayeedaabir/lag-database-part1-uk/LAG_database_part1_UK/non_glaucoma/image/3651.jpg,Normal,T3_LAG,/kaggle/input/datasets/rayeedaabir/lag-database-part1-uk/LAG_database_part1_UK/non_glaucoma/image/1525.jpg,Normal,4
T3_LAG,/kaggle/input/datasets/rayeedaabir/lag-database-part1-uk/LAG_database_part1_UK/non_glaucoma/image/3670.jpg,Normal,T3_LAG,/kaggle/input/datasets/rayeedaabir/lag-database-part1-uk/LAG_database_part1_UK/non_glaucoma/image/2326.jpg,Normal,4
T3_LAG,/kaggle/input/datasets/rayeedaabir/lag-database-part1-uk/LAG_database_part1_UK/non_glaucoma/image/3683.jpg,Normal,T3_LAG,/kaggle/input/datasets/rayeedaabir/lag-database-part1-uk/LAG_database_part1_UK/non_glaucoma/image/3641.jpg,Normal,4
T3_LAG,/kaggle/input/datasets/rayeedaabir/lag-database-part1-uk/LAG_database_part1_UK/non_glaucoma/image/3692.jpg,Normal,T3_LAG,/kaggle/input/datasets/rayeedaabir/lag-database-part1-uk/LAG_database_part1_UK/non_glaucoma/image/3389.jpg,Normal,4
T3_LAG,/kaggle/input/datasets/rayeedaabir/lag-database-part1-uk/LAG_database_part1_UK/non_glaucoma/image/3702.jpg,Normal,T3_LAG,/kaggle/input/datasets/rayeedaabir/lag-database-part1-uk/LAG_database_part1_UK/non_glaucoma/image/2206.jpg,Normal,4
T3_LAG,/kaggle/input/datasets/rayeedaabir/lag-database-part1-uk/LAG_database_part1_UK/non_glaucoma/image/3708.jpg,Normal,T3_LAG,/kaggle/input/datasets/rayeedaabir/lag-database-part1-uk/LAG_database_part1_UK/non_glaucoma/image/2625.jpg,Normal,4
T3_LAG,/kaggle/input/datasets/rayeedaabir/lag-database-part1-uk/LAG_database_part1_UK/non_glaucoma/image/3727.jpg,Normal,T3_LAG,/kaggle/input/datasets/rayeedaabir/lag-database-part1-uk/LAG_database_part1_UK/non_glaucoma/image/0316.jpg,Normal,2
T3_LAG,/kaggle/input/datasets/rayeedaabir/lag-database-part1-uk/LAG_database_part1_UK/non_glaucoma/image/3734.jpg,Normal,T3_LAG,/kaggle/input/datasets/rayeedaabir/lag-database-part1-uk/LAG_database_part1_UK/non_glaucoma/image/2832.jpg,Normal,4
T3_LAG,/kaggle/input/datasets/rayeedaabir/lag-database-part1-uk/LAG_database_part1_UK/non_glaucoma/image/3735.jpg,Normal,T3_LAG,/kaggle/input/datasets/rayeedaabir/lag-database-part1-uk/LAG_database_part1_UK/non_glaucoma/image/0753.jpg,Normal,4
T3_LAG,/kaggle/input/datasets/rayeedaabir/lag-database-part1-uk/LAG_database_part1_UK/non_glaucoma/image/3800.jpg,Normal,T3_LAG,/kaggle/input/datasets/rayeedaabir/lag-database-part1-uk/LAG_database_part1_UK/non_glaucoma/image/2502.jpg,Normal,4
T3_LAG,/kaggle/input/datasets/rayeedaabir/lag-database-part1-uk/LAG_database_part1_UK/non_glaucoma/image/3807.jpg,Normal,T3_LAG,/kaggle/input/datasets/rayeedaabir/lag-database-part1-uk/LAG_database_part1_UK/non_glaucoma/image/0767.jpg,Normal,4
T3_LAG,/kaggle/input/datasets/rayeedaabir/lag-database-part1-uk/LAG_database_part1_UK/non_glaucoma/image/3815.jpg,Normal,T3_LAG,/kaggle/input/datasets/rayeedaabir/lag-database-part1-uk/LAG_database_part1_UK/non_glaucoma/image/3496.jpg,Normal,4
T3_LAG,/kaggle/input/datasets/rayeedaabir/lag-database-part1-uk/LAG_database_part1_UK/non_glaucoma/image/3831.jpg,Normal,T3_LAG,/kaggle/input/datasets/rayeedaabir/lag-database-part1-uk/LAG_database_part1_UK/non_glaucoma/image/2318.jpg,Normal,4
T3_LAG,/kaggle/input/datasets/rayeedaabir/lag-database-part1-uk/LAG_database_part1_UK/non_glaucoma/image/3840.jpg,Normal,T3_LAG,/kaggle/input/datasets/rayeedaabir/lag-database-part1-uk/LAG_database_part1_UK/non_glaucoma/image/0321.jpg,Normal,4
T3_LAG,/kaggle/input/datasets/rayeedaabir/lag-database-part1-uk/LAG_database_part1_UK/non_glaucoma/image/3859.jpg,Normal,T3_LAG,/kaggle/input/datasets/rayeedaabir/lag-database-part1-uk/LAG_database_part1_UK/non_glaucoma/image/3015.jpg,Normal,4
T3_LAG,/kaggle/input/datasets/rayeedaabir/lag-database-part1-uk/LAG_database_part1_UK/non_glaucoma/image/3869.jpg,Normal,T3_LAG,/kaggle/input/datasets/rayeedaabir/lag-database-part1-uk/LAG_database_part1_UK/non_glaucoma/image/0951.jpg,Normal,4
T3_LAG,/kaggle/input/datasets/rayeedaabir/lag-database-part1-uk/LAG_database_part1_UK/non_glaucoma/image/3885.jpg,Normal,T3_LAG,/kaggle/input/datasets/rayeedaabir/lag-database-part1-uk/LAG_database_part1_UK/non_glaucoma/image/2434.jpg,Normal,4
T3_LAG,/kaggle/input/datasets/rayeedaabir/lag-database-part1-uk/LAG_database_part1_UK/non_glaucoma/image/3896.jpg,Normal,T1_APTOS,/kaggle/input/datasets/mariaherrerot/aptos2019/train_images/train_images/d57d1be1bbd1.png,No DR,4
T3_LAG,/kaggle/input/datasets/rayeedaabir/lag-database-part1-uk/LAG_database_part1_UK/non_glaucoma/image/3910.jpg,Normal,T3_LAG,/kaggle/input/datasets/rayeedaabir/lag-database-part1-uk/LAG_database_part1_UK/non_glaucoma/image/0474.jpg,Normal,4
T3_LAG,/kaggle/input/datasets/rayeedaabir/lag-database-part1-uk/LAG_database_part1_UK/non_glaucoma/image/3919.jpg,Normal,T3_LAG,/kaggle/input/datasets/rayeedaabir/lag-database-part1-uk/LAG_database_part1_UK/non_glaucoma/image/1151.jpg,Normal,4
T3_LAG,/kaggle/input/datasets/rayeedaabir/lag-database-part1-uk/LAG_database_part1_UK/non_glaucoma/image/3938.jpg,Normal,T3_LAG,/kaggle/input/datasets/rayeedaabir/lag-database-part1-uk/LAG_database_part1_UK/non_glaucoma/image/0516.jpg,Normal,4
T3_LAG,/kaggle/input/datasets/rayeedaabir/lag-database-part1-uk/LAG_database_part1_UK/non_glaucoma/image/3944.jpg,Normal,T3_LAG,/kaggle/input/datasets/rayeedaabir/lag-database-part1-uk/LAG_database_part1_UK/non_glaucoma/image/3422.jpg,Normal,4
T3_LAG,/kaggle/input/datasets/rayeedaabir/lag-database-part1-uk/LAG_database_part1_UK/non_glaucoma/image/3955.jpg,Normal,T3_LAG,/kaggle/input/datasets/rayeedaabir/lag-database-part1-uk/LAG_database_part1_UK/non_glaucoma/image/2109.jpg,Normal,4
T3_LAG,/kaggle/input/datasets/rayeedaabir/lag-database-part1-uk/LAG_database_part1_UK/non_glaucoma/image/3972.jpg,Normal,T3_LAG,/kaggle/input/datasets/rayeedaabir/lag-database-part1-uk/LAG_database_part1_UK/non_glaucoma/image/0668.jpg,Normal,4
T3_LAG,/kaggle/input/datasets/rayeedaabir/lag-database-part1-uk/LAG_database_part1_UK/non_glaucoma/image/3984.jpg,Normal,T3_LAG,/kaggle/input/datasets/rayeedaabir/lag-database-part1-uk/LAG_database_part1_UK/non_glaucoma/image/2125.jpg,Normal,4
T3_LAG,/kaggle/input/datasets/rayeedaabir/lag-database-part1-uk/LAG_database_part1_UK/non_glaucoma/image/3993.jpg,Normal,T3_LAG,/kaggle/input/datasets/rayeedaabir/lag-database-part1-uk/LAG_database_part1_UK/non_glaucoma/image/0951.jpg,Normal,4
T3_LAG,/kaggle/input/datasets/rayeedaabir/lag-database-part1-uk/LAG_database_part1_UK/non_glaucoma/image/4035.jpg,Normal,T3_LAG,/kaggle/input/datasets/rayeedaabir/lag-database-part1-uk/LAG_database_part1_UK/non_glaucoma/image/2497.jpg,Normal,4
T3_LAG,/kaggle/input/datasets/rayeedaabir/lag-database-part1-uk/LAG_database_part1_UK/non_glaucoma/image/4055.jpg,Normal,T3_LAG,/kaggle/input/datasets/rayeedaabir/lag-database-part1-uk/LAG_database_part1_UK/non_glaucoma/image/3720.jpg,Normal,4
T3_LAG,/kaggle/input/datasets/rayeedaabir/lag-database-part1-uk/LAG_database_part1_UK/non_glaucoma/image/4056.jpg,Normal,T3_LAG,/kaggle/input/datasets/rayeedaabir/lag-database-part1-uk/LAG_database_part1_UK/non_glaucoma/image/0970.jpg,Normal,4
T3_LAG,/kaggle/input/datasets/rayeedaabir/lag-database-part1-uk/LAG_database_part1_UK/non_glaucoma/image/4062.jpg,Normal,T3_LAG,/kaggle/input/datasets/rayeedaabir/lag-database-part1-uk/LAG_database_part1_UK/non_glaucoma/image/0017.jpg,Normal,4
T3_LAG,/kaggle/input/datasets/rayeedaabir/lag-database-part1-uk/LAG_database_part1_UK/non_glaucoma/image/4080.jpg,Normal,T3_LAG,/kaggle/input/datasets/rayeedaabir/lag-database-part1-uk/LAG_database_part1_UK/non_glaucoma/image/0838.jpg,Normal,4
T3_LAG,/kaggle/input/datasets/rayeedaabir/lag-database-part1-uk/LAG_database_part1_UK/non_glaucoma/image/4094.jpg,Normal,T3_LAG,/kaggle/input/datasets/rayeedaabir/lag-database-part1-uk/LAG_database_part1_UK/non_glaucoma/image/4008.jpg,Normal,4
T3_LAG,/kaggle/input/datasets/rayeedaabir/lag-database-part1-uk/LAG_database_part1_UK/non_glaucoma/image/4111.jpg,Normal,T3_LAG,/kaggle/input/datasets/rayeedaabir/lag-database-part1-uk/LAG_database_part1_UK/non_glaucoma/image/0356.jpg,Normal,2
T3_LAG,/kaggle/input/datasets/rayeedaabir/lag-database-part1-uk/LAG_database_part1_UK/non_glaucoma/image/4118.jpg,Normal,T3_LAG,/kaggle/input/datasets/rayeedaabir/lag-database-part1-uk/LAG_database_part1_UK/non_glaucoma/image/2365.jpg,Normal,4
T3_LAG,/kaggle/input/datasets/rayeedaabir/lag-database-part1-uk/LAG_database_part1_UK/non_glaucoma/image/4120.jpg,Normal,T3_LAG,/kaggle/input/datasets/rayeedaabir/lag-database-part1-uk/LAG_database_part1_UK/non_glaucoma/image/1000.jpg,Normal,4
T3_LAG,/kaggle/input/datasets/rayeedaabir/lag-database-part1-uk/LAG_database_part1_UK/non_glaucoma/image/4162.jpg,Normal,T3_LAG,/kaggle/input/datasets/rayeedaabir/lag-database-part1-uk/LAG_database_part1_UK/non_glaucoma/image/2497.jpg,Normal,4
T3_LAG,/kaggle/input/datasets/rayeedaabir/lag-database-part1-uk/LAG_database_part1_UK/non_glaucoma/image/4213.jpg,Normal,T3_LAG,/kaggle/input/datasets/rayeedaabir/lag-database-part1-uk/LAG_database_part1_UK/non_glaucoma/image/3233.jpg,Normal,2
T3_LAG,/kaggle/input/datasets/rayeedaabir/lag-database-part1-uk/LAG_database_part1_UK/non_glaucoma/image/4215.jpg,Normal,T3_LAG,/kaggle/input/datasets/rayeedaabir/lag-database-part1-uk/LAG_database_part1_UK/non_glaucoma/image/0238.jpg,Normal,4
T3_LAG,/kaggle/input/datasets/rayeedaabir/lag-database-part1-uk/LAG_database_part1_UK/non_glaucoma/image/4226.jpg,Normal,T3_LAG,/kaggle/input/datasets/rayeedaabir/lag-database-part1-uk/LAG_database_part1_UK/non_glaucoma/image/0076.jpg,Normal,4
T3_LAG,/kaggle/input/datasets/rayeedaabir/lag-database-part1-uk/LAG_database_part1_UK/non_glaucoma/image/4273.jpg,Normal,T3_LAG,/kaggle/input/datasets/rayeedaabir/lag-database-part1-uk/LAG_database_part1_UK/non_glaucoma/image/0238.jpg,Normal,4
T3_LAG,/kaggle/input/datasets/rayeedaabir/lag-database-part1-uk/LAG_database_part1_UK/non_glaucoma/image/4290.jpg,Normal,T3_LAG,/kaggle/input/datasets/rayeedaabir/lag-database-part1-uk/LAG_database_part1_UK/non_glaucoma/image/1773.jpg,Normal,4
T3_LAG,/kaggle/input/datasets/rayeedaabir/lag-database-part1-uk/LAG_database_part1_UK/non_glaucoma/image/4335.jpg,Normal,T3_LAG,/kaggle/input/datasets/rayeedaabir/lag-database-part1-uk/LAG_database_part1_UK/non_glaucoma/image/0241.jpg,Normal,4
T3_LAG,/kaggle/input/datasets/rayeedaabir/lag-database-part1-uk/LAG_database_part1_UK/non_glaucoma/image/4337.jpg,Normal,T3_LAG,/kaggle/input/datasets/rayeedaabir/lag-database-part1-uk/LAG_database_part1_UK/non_glaucoma/image/1137.jpg,Normal,4
T3_LAG,/kaggle/input/datasets/rayeedaabir/lag-database-part1-uk/LAG_database_part1_UK/non_glaucoma/image/4342.jpg,Normal,T3_LAG,/kaggle/input/datasets/rayeedaabir/lag-database-part1-uk/LAG_database_part1_UK/non_glaucoma/image/0222.jpg,Normal,4
T3_LAG,/kaggle/input/datasets/rayeedaabir/lag-database-part1-uk/LAG_database_part1_UK/non_glaucoma/image/4355.jpg,Normal,T3_LAG,/kaggle/input/datasets/rayeedaabir/lag-database-part1-uk/LAG_database_part1_UK/non_glaucoma/image/3999.jpg,Normal,4
T3_LAG,/kaggle/input/datasets/rayeedaabir/lag-database-part1-uk/LAG_database_part1_UK/non_glaucoma/image/4381.jpg,Normal,T3_LAG,/kaggle/input/datasets/rayeedaabir/lag-database-part1-uk/LAG_database_part1_UK/non_glaucoma/image/3131.jpg,Normal,4
T3_LAG,/kaggle/input/datasets/rayeedaabir/lag-database-part1-uk/LAG_database_part1_UK/non_glaucoma/image/4387.jpg,Normal,T3_LAG,/kaggle/input/datasets/rayeedaabir/lag-database-part1-uk/LAG_database_part1_UK/non_glaucoma/image/0316.jpg,Normal,4
T3_LAG,/kaggle/input/datasets/rayeedaabir/lag-database-part1-uk/LAG_database_part1_UK/non_glaucoma/image/4393.jpg,Normal,T3_LAG,/kaggle/input/datasets/rayeedaabir/lag-database-part1-uk/LAG_database_part1_UK/non_glaucoma/image/0980.jpg,Normal,4
T3_LAG,/kaggle/input/datasets/rayeedaabir/lag-database-part1-uk/LAG_database_part1_UK/non_glaucoma/image/4399.jpg,Normal,T3_LAG,/kaggle/input/datasets/rayeedaabir/lag-database-part1-uk/LAG_database_part1_UK/non_glaucoma/image/1079.jpg,Normal,4
T3_LAG,/kaggle/input/datasets/rayeedaabir/lag-database-part1-uk/LAG_database_part1_UK/non_glaucoma/image/4411.jpg,Normal,T3_LAG,/kaggle/input/datasets/rayeedaabir/lag-database-part1-uk/LAG_database_part1_UK/non_glaucoma/image/3676.jpg,Normal,4
T3_LAG,/kaggle/input/datasets/rayeedaabir/lag-database-part1-uk/LAG_database_part1_UK/non_glaucoma/image/4418.jpg,Normal,T3_LAG,/kaggle/input/datasets/rayeedaabir/lag-database-part1-uk/LAG_database_part1_UK/non_glaucoma/image/2937.jpg,Normal,4
T3_LAG,/kaggle/input/datasets/rayeedaabir/lag-database-part1-uk/LAG_database_part1_UK/non_glaucoma/image/4455.jpg,Normal,T3_LAG,/kaggle/input/datasets/rayeedaabir/lag-database-part1-uk/LAG_database_part1_UK/non_glaucoma/image/3093.jpg,Normal,4
T3_LAG,/kaggle/input/datasets/rayeedaabir/lag-database-part1-uk/LAG_database_part1_UK/non_glaucoma/image/4470.jpg,Normal,T3_LAG,/kaggle/input/datasets/rayeedaabir/lag-database-part1-uk/LAG_database_part1_UK/non_glaucoma/image/0682.jpg,Normal,4
T3_LAG,/kaggle/input/datasets/rayeedaabir/lag-database-part1-uk/LAG_database_part1_UK/non_glaucoma/image/4476.jpg,Normal,T3_LAG,/kaggle/input/datasets/rayeedaabir/lag-database-part1-uk/LAG_database_part1_UK/non_glaucoma/image/1236.jpg,Normal,4
T3_LAG,/kaggle/input/datasets/rayeedaabir/lag-database-part1-uk/LAG_database_part1_UK/non_glaucoma/image/4480.jpg,Normal,T3_LAG,/kaggle/input/datasets/rayeedaabir/lag-database-part1-uk/LAG_database_part1_UK/non_glaucoma/image/2382.jpg,Normal,4
T3_LAG,/kaggle/input/datasets/rayeedaabir/lag-database-part1-uk/LAG_database_part1_UK/non_glaucoma/image/4483.jpg,Normal,T3_LAG,/kaggle/input/datasets/rayeedaabir/lag-database-part1-uk/LAG_database_part1_UK/non_glaucoma/image/1819.jpg,Normal,4
T3_LAG,/kaggle/input/datasets/rayeedaabir/lag-database-part1-uk/LAG_database_part1_UK/non_glaucoma/image/4487.jpg,Normal,T3_LAG,/kaggle/input/datasets/rayeedaabir/lag-database-part1-uk/LAG_database_part1_UK/non_glaucoma/image/0316.jpg,Normal,4
T3_LAG,/kaggle/input/datasets/rayeedaabir/lag-database-part1-uk/LAG_database_part1_UK/non_glaucoma/image/4504.jpg,Normal,T3_LAG,/kaggle/input/datasets/rayeedaabir/lag-database-part1-uk/LAG_database_part1_UK/non_glaucoma/image/3177.jpg,Normal,4
T3_LAG,/kaggle/input/datasets/rayeedaabir/lag-database-part1-uk/LAG_database_part1_UK/non_glaucoma/image/4509.jpg,Normal,T3_LAG,/kaggle/input/datasets/rayeedaabir/lag-database-part1-uk/LAG_database_part1_UK/non_glaucoma/image/1833.jpg,Normal,4
T3_LAG,/kaggle/input/datasets/rayeedaabir/lag-database-part1-uk/LAG_database_part1_UK/non_glaucoma/image/4516.jpg,Normal,T3_LAG,/kaggle/input/datasets/rayeedaabir/lag-database-part1-uk/LAG_database_part1_UK/non_glaucoma/image/0853.jpg,Normal,4
T3_LAG,/kaggle/input/datasets/rayeedaabir/lag-database-part1-uk/LAG_database_part1_UK/non_glaucoma/image/4534.jpg,Normal,T3_LAG,/kaggle/input/datasets/rayeedaabir/lag-database-part1-uk/LAG_database_part1_UK/non_glaucoma/image/2580.jpg,Normal,4
T3_LAG,/kaggle/input/datasets/rayeedaabir/lag-database-part1-uk/LAG_database_part1_UK/non_glaucoma/image/4539.jpg,Normal,T3_LAG,/kaggle/input/datasets/rayeedaabir/lag-database-part1-uk/LAG_database_part1_UK/non_glaucoma/image/3015.jpg,Normal,4
T3_LAG,/kaggle/input/datasets/rayeedaabir/lag-database-part1-uk/LAG_database_part1_UK/non_glaucoma/image/4542.jpg,Normal,T3_LAG,/kaggle/input/datasets/rayeedaabir/lag-database-part1-uk/LAG_database_part1_UK/non_glaucoma/image/3015.jpg,Normal,4
T3_LAG,/kaggle/input/datasets/rayeedaabir/lag-database-part1-uk/LAG_database_part1_UK/non_glaucoma/image/4588.jpg,Normal,T3_LAG,/kaggle/input/datasets/rayeedaabir/lag-database-part1-uk/LAG_database_part1_UK/non_glaucoma/image/3641.jpg,Normal,4
T3_LAG,/kaggle/input/datasets/rayeedaabir/lag-database-part1-uk/LAG_database_part1_UK/non_glaucoma/image/4591.jpg,Normal,T3_LAG,/kaggle/input/datasets/rayeedaabir/lag-database-part1-uk/LAG_database_part1_UK/non_glaucoma/image/0221.jpg,Normal,2
T3_LAG,/kaggle/input/datasets/rayeedaabir/lag-database-part1-uk/LAG_database_part1_UK/non_glaucoma/image/4593.jpg,Normal,T3_LAG,/kaggle/input/datasets/rayeedaabir/lag-database-part1-uk/LAG_database_part1_UK/non_glaucoma/image/2354.jpg,Normal,4
T3_LAG,/kaggle/input/datasets/rayeedaabir/lag-database-part1-uk/LAG_database_part1_UK/non_glaucoma/image/4605.jpg,Normal,T3_LAG,/kaggle/input/datasets/rayeedaabir/lag-database-part1-uk/LAG_database_part1_UK/non_glaucoma/image/1505.jpg,Normal,4
T3_LAG,/kaggle/input/datasets/rayeedaabir/lag-database-part1-uk/LAG_database_part1_UK/non_glaucoma/image/4609.jpg,Normal,T3_LAG,/kaggle/input/datasets/rayeedaabir/lag-database-part1-uk/LAG_database_part1_UK/non_glaucoma/image/2206.jpg,Normal,4
T3_LAG,/kaggle/input/datasets/rayeedaabir/lag-database-part1-uk/LAG_database_part1_UK/non_glaucoma/image/4652.jpg,Normal,T3_LAG,/kaggle/input/datasets/rayeedaabir/lag-database-part1-uk/LAG_database_part1_UK/non_glaucoma/image/0611.jpg,Normal,4
T3_LAG,/kaggle/input/datasets/rayeedaabir/lag-database-part1-uk/LAG_database_part1_UK/non_glaucoma/image/4655.jpg,Normal,T3_LAG,/kaggle/input/datasets/rayeedaabir/lag-database-part1-uk/LAG_database_part1_UK/non_glaucoma/image/2082.jpg,Normal,4
T3_LAG,/kaggle/input/datasets/rayeedaabir/lag-database-part1-uk/LAG_database_part1_UK/non_glaucoma/image/4675.jpg,Normal,T3_LAG,/kaggle/input/datasets/rayeedaabir/lag-database-part1-uk/LAG_database_part1_UK/non_glaucoma/image/1257.jpg,Normal,4
T3_LAG,/kaggle/input/datasets/rayeedaabir/lag-database-part1-uk/LAG_database_part1_UK/non_glaucoma/image/4678.jpg,Normal,T3_LAG,/kaggle/input/datasets/rayeedaabir/lag-database-part1-uk/LAG_database_part1_UK/non_glaucoma/image/0472.jpg,Normal,4
T3_LAG,/kaggle/input/datasets/rayeedaabir/lag-database-part1-uk/LAG_database_part1_UK/non_glaucoma/image/4690.jpg,Normal,T3_LAG,/kaggle/input/datasets/rayeedaabir/lag-database-part1-uk/LAG_database_part1_UK/non_glaucoma/image/1315.jpg,Normal,4
T3_LAG,/kaggle/input/datasets/rayeedaabir/lag-database-part1-uk/LAG_database_part1_UK/non_glaucoma/image/4691.jpg,Normal,T3_LAG,/kaggle/input/datasets/rayeedaabir/lag-database-part1-uk/LAG_database_part1_UK/non_glaucoma/image/3911.jpg,Normal,4
T3_LAG,/kaggle/input/datasets/rayeedaabir/lag-database-part1-uk/LAG_database_part1_UK/non_glaucoma/image/4700.jpg,Normal,T3_LAG,/kaggle/input/datasets/rayeedaabir/lag-database-part1-uk/LAG_database_part1_UK/non_glaucoma/image/3667.jpg,Normal,4
T3_LAG,/kaggle/input/datasets/rayeedaabir/lag-database-part1-uk/LAG_database_part1_UK/non_glaucoma/image/4701.jpg,Normal,T3_LAG,/kaggle/input/datasets/rayeedaabir/lag-database-part1-uk/LAG_database_part1_UK/non_glaucoma/image/3287.jpg,Normal,4
T3_LAG,/kaggle/input/datasets/rayeedaabir/lag-database-part1-uk/LAG_database_part1_UK/non_glaucoma/image/4707.jpg,Normal,T3_LAG,/kaggle/input/datasets/rayeedaabir/lag-database-part1-uk/LAG_database_part1_UK/non_glaucoma/image/1788.jpg,Normal,4
T3_LAG,/kaggle/input/datasets/rayeedaabir/lag-database-part1-uk/LAG_database_part1_UK/non_glaucoma/image/4713.jpg,Normal,T3_LAG,/kaggle/input/datasets/rayeedaabir/lag-database-part1-uk/LAG_database_part1_UK/non_glaucoma/image/0592.jpg,Normal,4
T3_LAG,/kaggle/input/datasets/rayeedaabir/lag-database-part1-uk/LAG_database_part1_UK/non_glaucoma/image/4716.jpg,Normal,T3_LAG,/kaggle/input/datasets/rayeedaabir/lag-database-part1-uk/LAG_database_part1_UK/non_glaucoma/image/0513.jpg,Normal,2
T3_LAG,/kaggle/input/datasets/rayeedaabir/lag-database-part1-uk/LAG_database_part1_UK/non_glaucoma/image/4717.jpg,Normal,T3_LAG,/kaggle/input/datasets/rayeedaabir/lag-database-part1-uk/LAG_database_part1_UK/non_glaucoma/image/1984.jpg,Normal,4
T3_LAG,/kaggle/input/datasets/rayeedaabir/lag-database-part1-uk/LAG_database_part1_UK/non_glaucoma/image/4727.jpg,Normal,T3_LAG,/kaggle/input/datasets/rayeedaabir/lag-database-part1-uk/LAG_database_part1_UK/non_glaucoma/image/2125.jpg,Normal,2
T3_LAG,/kaggle/input/datasets/rayeedaabir/lag-database-part1-uk/LAG_database_part1_UK/non_glaucoma/image/4730.jpg,Normal,T3_LAG,/kaggle/input/datasets/rayeedaabir/lag-database-part1-uk/LAG_database_part1_UK/non_glaucoma/image/0373.jpg,Normal,4
T3_LAG,/kaggle/input/datasets/rayeedaabir/lag-database-part1-uk/LAG_database_part1_UK/non_glaucoma/image/4740.jpg,Normal,T3_LAG,/kaggle/input/datasets/rayeedaabir/lag-database-part1-uk/LAG_database_part1_UK/non_glaucoma/image/4559.jpg,Normal,4
T3_LAG,/kaggle/input/datasets/rayeedaabir/lag-database-part1-uk/LAG_database_part1_UK/non_glaucoma/image/4767.jpg,Normal,T3_LAG,/kaggle/input/datasets/rayeedaabir/lag-database-part1-uk/LAG_database_part1_UK/non_glaucoma/image/1257.jpg,Normal,4
T3_LAG,/kaggle/input/datasets/rayeedaabir/lag-database-part1-uk/LAG_database_part1_UK/non_glaucoma/image/4772.jpg,Normal,T3_LAG,/kaggle/input/datasets/rayeedaabir/lag-database-part1-uk/LAG_database_part1_UK/non_glaucoma/image/4724.jpg,Normal,4
T3_LAG,/kaggle/input/datasets/rayeedaabir/lag-database-part1-uk/LAG_database_part1_UK/non_glaucoma/image/4795.jpg,Normal,T3_LAG,/kaggle/input/datasets/rayeedaabir/lag-database-part1-uk/LAG_database_part1_UK/non_glaucoma/image/3223.jpg,Normal,4
T3_LAG,/kaggle/input/datasets/rayeedaabir/lag-database-part1-uk/LAG_database_part1_UK/non_glaucoma/image/4815.jpg,Normal,T3_LAG,/kaggle/input/datasets/rayeedaabir/lag-database-part1-uk/LAG_database_part1_UK/non_glaucoma/image/1342.jpg,Normal,4
T3_LAG,/kaggle/input/datasets/rayeedaabir/lag-database-part1-uk/LAG_database_part1_UK/non_glaucoma/image/4819.jpg,Normal,T3_LAG,/kaggle/input/datasets/rayeedaabir/lag-database-part1-uk/LAG_database_part1_UK/non_glaucoma/image/0002.jpg,Normal,4
T3_LAG,/kaggle/input/datasets/rayeedaabir/lag-database-part1-uk/LAG_database_part1_UK/non_glaucoma/image/4823.jpg,Normal,T3_LAG,/kaggle/input/datasets/rayeedaabir/lag-database-part1-uk/LAG_database_part1_UK/non_glaucoma/image/0076.jpg,Normal,2
T3_LAG,/kaggle/input/datasets/rayeedaabir/lag-database-part1-uk/LAG_database_part1_UK/non_glaucoma/image/4826.jpg,Normal,T3_LAG,/kaggle/input/datasets/rayeedaabir/lag-database-part1-uk/LAG_database_part1_UK/non_glaucoma/image/0293.jpg,Normal,2
T3_LAG,/kaggle/input/datasets/rayeedaabir/lag-database-part1-uk/LAG_database_part1_UK/non_glaucoma/image/4871.jpg,Normal,T3_LAG,/kaggle/input/datasets/rayeedaabir/lag-database-part1-uk/LAG_database_part1_UK/non_glaucoma/image/4271.jpg,Normal,4
T3_LAG,/kaggle/input/datasets/rayeedaabir/lag-database-part1-uk/LAG_database_part1_UK/non_glaucoma/image/4888.jpg,Normal,T3_LAG,/kaggle/input/datasets/rayeedaabir/lag-database-part1-uk/LAG_database_part1_UK/non_glaucoma/image/0464.jpg,Normal,4
T3_LAG,/kaggle/input/datasets/rayeedaabir/lag-database-part1-uk/LAG_database_part1_UK/non_glaucoma/image/4902.jpg,Normal,T3_LAG,/kaggle/input/datasets/rayeedaabir/lag-database-part1-uk/LAG_database_part1_UK/non_glaucoma/image/2534.jpg,Normal,0
T3_LAG,/kaggle/input/datasets/rayeedaabir/lag-database-part1-uk/LAG_database_part1_UK/non_glaucoma/image/4905.jpg,Normal,T3_LAG,/kaggle/input/datasets/rayeedaabir/lag-database-part1-uk/LAG_database_part1_UK/non_glaucoma/image/4119.jpg,Normal,4
T3_LAG,/kaggle/input/datasets/rayeedaabir/lag-database-part1-uk/LAG_database_part1_UK/non_glaucoma/image/4921.jpg,Normal,T3_LAG,/kaggle/input/datasets/rayeedaabir/lag-database-part1-uk/LAG_database_part1_UK/non_glaucoma/image/4855.jpg,Normal,4
T3_LAG,/kaggle/input/datasets/rayeedaabir/lag-database-part1-uk/LAG_database_part1_UK/non_glaucoma/image/4922.jpg,Normal,T3_LAG,/kaggle/input/datasets/rayeedaabir/lag-database-part1-uk/LAG_database_part1_UK/non_glaucoma/image/0072.jpg,Normal,4
T3_LAG,/kaggle/input/datasets/rayeedaabir/lag-database-part1-uk/LAG_database_part1_UK/non_glaucoma/image/4926.jpg,Normal,T3_LAG,/kaggle/input/datasets/rayeedaabir/lag-database-part1-uk/LAG_database_part1_UK/non_glaucoma/image/1119.jpg,Normal,4
T3_LAG,/kaggle/input/datasets/rayeedaabir/lag-database-part1-uk/LAG_database_part1_UK/non_glaucoma/image/4930.jpg,Normal,T3_LAG,/kaggle/input/datasets/rayeedaabir/lag-database-part1-uk/LAG_database_part1_UK/non_glaucoma/image/3246.jpg,Normal,4
T3_LAG,/kaggle/input/datasets/rayeedaabir/lag-database-part1-uk/LAG_database_part1_UK/non_glaucoma/image/4945.jpg,Normal,T3_LAG,/kaggle/input/datasets/rayeedaabir/lag-database-part1-uk/LAG_database_part1_UK/non_glaucoma/image/3473.jpg,Normal,4
T3_LAG,/kaggle/input/datasets/rayeedaabir/lag-database-part1-uk/LAG_database_part1_UK/non_glaucoma/image/4949.jpg,Normal,T3_LAG,/kaggle/input/datasets/rayeedaabir/lag-database-part1-uk/LAG_database_part1_UK/non_glaucoma/image/3904.jpg,Normal,4
T3_LAG,/kaggle/input/datasets/rayeedaabir/lag-database-part1-uk/LAG_database_part1_UK/non_glaucoma/image/4973.jpg,Normal,T3_LAG,/kaggle/input/datasets/rayeedaabir/lag-database-part1-uk/LAG_database_part1_UK/non_glaucoma/image/2082.jpg,Normal,4
T3_LAG,/kaggle/input/datasets/rayeedaabir/lag-database-part1-uk/LAG_database_part1_UK/non_glaucoma/image/5014.jpg,Normal,T3_LAG,/kaggle/input/datasets/rayeedaabir/lag-database-part1-uk/LAG_database_part1_UK/non_glaucoma/image/2414.jpg,Normal,4
T3_LAG,/kaggle/input/datasets/rayeedaabir/lag-database-part1-uk/LAG_database_part1_UK/non_glaucoma/image/5046.jpg,Normal,T3_LAG,/kaggle/input/datasets/rayeedaabir/lag-database-part1-uk/LAG_database_part1_UK/non_glaucoma/image/0015.jpg,Normal,4
T3_LAG,/kaggle/input/datasets/rayeedaabir/lag-database-part1-uk/LAG_database_part1_UK/non_glaucoma/image/5062.jpg,Normal,T3_LAG,/kaggle/input/datasets/rayeedaabir/lag-database-part1-uk/LAG_database_part1_UK/non_glaucoma/image/2514.jpg,Normal,4
T3_LAG,/kaggle/input/datasets/rayeedaabir/lag-database-part1-uk/LAG_database_part1_UK/non_glaucoma/image/5068.jpg,Normal,T3_LAG,/kaggle/input/datasets/rayeedaabir/lag-database-part1-uk/LAG_database_part1_UK/non_glaucoma/image/0933.jpg,Normal,4
T3_LAG,/kaggle/input/datasets/rayeedaabir/lag-database-part1-uk/LAG_database_part1_UK/non_glaucoma/image/5080.jpg,Normal,T3_LAG,/kaggle/input/datasets/rayeedaabir/lag-database-part1-uk/LAG_database_part1_UK/non_glaucoma/image/0105.jpg,Normal,4
T3_LAG,/kaggle/input/datasets/rayeedaabir/lag-database-part1-uk/LAG_database_part1_UK/non_glaucoma/image/5082.jpg,Normal,T3_LAG,/kaggle/input/datasets/rayeedaabir/lag-database-part1-uk/LAG_database_part1_UK/non_glaucoma/image/1315.jpg,Normal,4
T3_LAG,/kaggle/input/datasets/rayeedaabir/lag-database-part1-uk/LAG_database_part1_UK/non_glaucoma/image/5089.jpg,Normal,T3_LAG,/kaggle/input/datasets/rayeedaabir/lag-database-part1-uk/LAG_database_part1_UK/non_glaucoma/image/0907.jpg,Normal,4
T3_LAG,/kaggle/input/datasets/rayeedaabir/lag-database-part1-uk/LAG_database_part1_UK/non_glaucoma/image/5090.jpg,Normal,T3_LAG,/kaggle/input/datasets/rayeedaabir/lag-database-part1-uk/LAG_database_part1_UK/non_glaucoma/image/0669.jpg,Normal,4
T3_LAG,/kaggle/input/datasets/rayeedaabir/lag-database-part1-uk/LAG_database_part1_UK/non_glaucoma/image/5108.jpg,Normal,T3_LAG,/kaggle/input/datasets/rayeedaabir/lag-database-part1-uk/LAG_database_part1_UK/non_glaucoma/image/2434.jpg,Normal,2
T3_LAG,/kaggle/input/datasets/rayeedaabir/lag-database-part1-uk/LAG_database_part1_UK/non_glaucoma/image/5110.jpg,Normal,T3_LAG,/kaggle/input/datasets/rayeedaabir/lag-database-part1-uk/LAG_database_part1_UK/non_glaucoma/image/2464.jpg,Normal,4
T3_LAG,/kaggle/input/datasets/rayeedaabir/lag-database-part1-uk/LAG_database_part1_UK/non_glaucoma/image/5139.jpg,Normal,T3_LAG,/kaggle/input/datasets/rayeedaabir/lag-database-part1-uk/LAG_database_part1_UK/non_glaucoma/image/3479.jpg,Normal,4
T3_LAG,/kaggle/input/datasets/rayeedaabir/lag-database-part1-uk/LAG_database_part1_UK/non_glaucoma/image/5149.jpg,Normal,T3_LAG,/kaggle/input/datasets/rayeedaabir/lag-database-part1-uk/LAG_database_part1_UK/non_glaucoma/image/0553.jpg,Normal,4
T3_LAG,/kaggle/input/datasets/rayeedaabir/lag-database-part1-uk/LAG_database_part1_UK/non_glaucoma/image/5162.jpg,Normal,T3_LAG,/kaggle/input/datasets/rayeedaabir/lag-database-part1-uk/LAG_database_part1_UK/non_glaucoma/image/1387.jpg,Normal,2
T3_LAG,/kaggle/input/datasets/rayeedaabir/lag-database-part1-uk/LAG_database_part1_UK/non_glaucoma/image/5172.jpg,Normal,T3_LAG,/kaggle/input/datasets/rayeedaabir/lag-database-part1-uk/LAG_database_part1_UK/non_glaucoma/image/0079.jpg,Normal,4
T3_LAG,/kaggle/input/datasets/rayeedaabir/lag-database-part1-uk/LAG_database_part1_UK/non_glaucoma/image/5186.jpg,Normal,T3_LAG,/kaggle/input/datasets/rayeedaabir/lag-database-part1-uk/LAG_database_part1_UK/non_glaucoma/image/3999.jpg,Normal,4
T3_LAG,/kaggle/input/datasets/rayeedaabir/lag-database-part1-uk/LAG_database_part1_UK/non_glaucoma/image/5202.jpg,Normal,T3_LAG,/kaggle/input/datasets/rayeedaabir/lag-database-part1-uk/LAG_database_part1_UK/non_glaucoma/image/3554.jpg,Normal,4
T3_LAG,/kaggle/input/datasets/rayeedaabir/lag-database-part1-uk/LAG_database_part1_UK/non_glaucoma/image/5203.jpg,Normal,T3_LAG,/kaggle/input/datasets/rayeedaabir/lag-database-part1-uk/LAG_database_part1_UK/non_glaucoma/image/2970.jpg,Normal,4
T3_LAG,/kaggle/input/datasets/rayeedaabir/lag-database-part1-uk/LAG_database_part1_UK/non_glaucoma/image/5218.jpg,Normal,T3_LAG,/kaggle/input/datasets/rayeedaabir/lag-database-part1-uk/LAG_database_part1_UK/non_glaucoma/image/4890.jpg,Normal,4
T3_LAG,/kaggle/input/datasets/rayeedaabir/lag-database-part1-uk/LAG_database_part1_UK/non_glaucoma/image/5224.jpg,Normal,T3_LAG,/kaggle/input/datasets/rayeedaabir/lag-database-part1-uk/LAG_database_part1_UK/non_glaucoma/image/0321.jpg,Normal,4
T3_LAG,/kaggle/input/datasets/rayeedaabir/lag-database-part1-uk/LAG_database_part1_UK/non_glaucoma/image/5227.jpg,Normal,T3_LAG,/kaggle/input/datasets/rayeedaabir/lag-database-part1-uk/LAG_database_part1_UK/non_glaucoma/image/2265.jpg,Normal,4
T3_LAG,/kaggle/input/datasets/rayeedaabir/lag-database-part1-uk/LAG_database_part1_UK/non_glaucoma/image/5266.jpg,Normal,T3_LAG,/kaggle/input/datasets/rayeedaabir/lag-database-part1-uk/LAG_database_part1_UK/non_glaucoma/image/0227.jpg,Normal,2
T3_LAG,/kaggle/input/datasets/rayeedaabir/lag-database-part1-uk/LAG_database_part1_UK/non_glaucoma/image/5271.jpg,Normal,T3_LAG,/kaggle/input/datasets/rayeedaabir/lag-database-part1-uk/LAG_database_part1_UK/non_glaucoma/image/2125.jpg,Normal,4
T3_LAG,/kaggle/input/datasets/rayeedaabir/lag-database-part1-uk/LAG_database_part1_UK/non_glaucoma/image/5273.jpg,Normal,T3_LAG,/kaggle/input/datasets/rayeedaabir/lag-database-part1-uk/LAG_database_part1_UK/non_glaucoma/image/1257.jpg,Normal,4
T3_LAG,/kaggle/input/datasets/rayeedaabir/lag-database-part1-uk/LAG_database_part1_UK/non_glaucoma/image/5290.jpg,Normal,T3_LAG,/kaggle/input/datasets/rayeedaabir/lag-database-part1-uk/LAG_database_part1_UK/non_glaucoma/image/0264.jpg,Normal,4
T3_LAG,/kaggle/input/datasets/rayeedaabir/lag-database-part1-uk/LAG_database_part1_UK/non_glaucoma/image/5291.jpg,Normal,T3_LAG,/kaggle/input/datasets/rayeedaabir/lag-database-part1-uk/LAG_database_part1_UK/non_glaucoma/image/2396.jpg,Normal,4
T3_LAG,/kaggle/input/datasets/rayeedaabir/lag-database-part1-uk/LAG_database_part1_UK/non_glaucoma/image/5311.jpg,Normal,T3_LAG,/kaggle/input/datasets/rayeedaabir/lag-database-part1-uk/LAG_database_part1_UK/non_glaucoma/image/4190.jpg,Normal,4
T3_LAG,/kaggle/input/datasets/rayeedaabir/lag-database-part1-uk/LAG_database_part1_UK/non_glaucoma/image/5331.jpg,Normal,T3_LAG,/kaggle/input/datasets/rayeedaabir/lag-database-part1-uk/LAG_database_part1_UK/non_glaucoma/image/0261.jpg,Normal,4
T3_LAG,/kaggle/input/datasets/rayeedaabir/lag-database-part1-uk/LAG_database_part1_UK/non_glaucoma/image/5339.jpg,Normal,T3_LAG,/kaggle/input/datasets/rayeedaabir/lag-database-part1-uk/LAG_database_part1_UK/non_glaucoma/image/2125.jpg,Normal,4
T3_LAG,/kaggle/input/datasets/rayeedaabir/lag-database-part1-uk/LAG_database_part1_UK/non_glaucoma/image/5340.jpg,Normal,T3_LAG,/kaggle/input/datasets/rayeedaabir/lag-database-part1-uk/LAG_database_part1_UK/non_glaucoma/image/4686.jpg,Normal,2
T3_LAG,/kaggle/input/datasets/rayeedaabir/lag-database-part1-uk/LAG_database_part1_UK/non_glaucoma/image/5372.jpg,Normal,T3_LAG,/kaggle/input/datasets/rayeedaabir/lag-database-part1-uk/LAG_database_part1_UK/non_glaucoma/image/4073.jpg,Normal,4
T3_LAG,/kaggle/input/datasets/rayeedaabir/lag-database-part1-uk/LAG_database_part1_UK/non_glaucoma/image/5380.jpg,Normal,T3_LAG,/kaggle/input/datasets/rayeedaabir/lag-database-part1-uk/LAG_database_part1_UK/non_glaucoma/image/3641.jpg,Normal,4
T3_LAG,/kaggle/input/datasets/rayeedaabir/lag-database-part1-uk/LAG_database_part1_UK/non_glaucoma/image/5388.jpg,Normal,T3_LAG,/kaggle/input/datasets/rayeedaabir/lag-database-part1-uk/LAG_database_part1_UK/non_glaucoma/image/2125.jpg,Normal,4
T3_LAG,/kaggle/input/datasets/rayeedaabir/lag-database-part1-uk/LAG_database_part1_UK/non_glaucoma/image/5390.jpg,Normal,T3_LAG,/kaggle/input/datasets/rayeedaabir/lag-database-part1-uk/LAG_database_part1_UK/non_glaucoma/image/3015.jpg,Normal,2
T3_LAG,/kaggle/input/datasets/rayeedaabir/lag-database-part1-uk/LAG_database_part1_UK/non_glaucoma/image/5408.jpg,Normal,T3_LAG,/kaggle/input/datasets/rayeedaabir/lag-database-part1-uk/LAG_database_part1_UK/non_glaucoma/image/0985.jpg,Normal,4
T3_LAG,/kaggle/input/datasets/rayeedaabir/lag-database-part1-uk/LAG_database_part1_UK/non_glaucoma/image/5418.jpg,Normal,T3_LAG,/kaggle/input/datasets/rayeedaabir/lag-database-part1-uk/LAG_database_part1_UK/non_glaucoma/image/3966.jpg,Normal,4
T3_LAG,/kaggle/input/datasets/rayeedaabir/lag-database-part1-uk/LAG_database_part1_UK/non_glaucoma/image/5424.jpg,Normal,T3_LAG,/kaggle/input/datasets/rayeedaabir/lag-database-part1-uk/LAG_database_part1_UK/non_glaucoma/image/3015.jpg,Normal,4
T3_LAG,/kaggle/input/datasets/rayeedaabir/lag-database-part1-uk/LAG_database_part1_UK/non_glaucoma/image/5427.jpg,Normal,T3_LAG,/kaggle/input/datasets/rayeedaabir/lag-database-part1-uk/LAG_database_part1_UK/non_glaucoma/image/0372.jpg,Normal,2
T3_LAG,/kaggle/input/datasets/rayeedaabir/lag-database-part1-uk/LAG_database_part1_UK/non_glaucoma/image/5454.jpg,Normal,T3_LAG,/kaggle/input/datasets/rayeedaabir/lag-database-part1-uk/LAG_database_part1_UK/non_glaucoma/image/1708.jpg,Normal,4
T3_LAG,/kaggle/input/datasets/rayeedaabir/lag-database-part1-uk/LAG_database_part1_UK/non_glaucoma/image/5459.jpg,Normal,T3_LAG,/kaggle/input/datasets/rayeedaabir/lag-database-part1-uk/LAG_database_part1_UK/non_glaucoma/image/2318.jpg,Normal,4
T3_LAG,/kaggle/input/datasets/rayeedaabir/lag-database-part1-uk/LAG_database_part1_UK/non_glaucoma/image/5471.jpg,Normal,T3_LAG,/kaggle/input/datasets/rayeedaabir/lag-database-part1-uk/LAG_database_part1_UK/non_glaucoma/image/2298.jpg,Normal,4
T3_LAG,/kaggle/input/datasets/rayeedaabir/lag-database-part1-uk/LAG_database_part1_UK/non_glaucoma/image/5476.jpg,Normal,T3_LAG,/kaggle/input/datasets/rayeedaabir/lag-database-part1-uk/LAG_database_part1_UK/non_glaucoma/image/0076.jpg,Normal,4
T3_LAG,/kaggle/input/datasets/rayeedaabir/lag-database-part1-uk/LAG_database_part1_UK/non_glaucoma/image/5482.jpg,Normal,T3_LAG,/kaggle/input/datasets/rayeedaabir/lag-database-part1-uk/LAG_database_part1_UK/non_glaucoma/image/2125.jpg,Normal,4
T3_LAG,/kaggle/input/datasets/rayeedaabir/lag-database-part1-uk/LAG_database_part1_UK/non_glaucoma/image/5501.jpg,Normal,T3_LAG,/kaggle/input/datasets/rayeedaabir/lag-database-part1-uk/LAG_database_part1_UK/non_glaucoma/image/0970.jpg,Normal,4
T3_LAG,/kaggle/input/datasets/rayeedaabir/lag-database-part1-uk/LAG_database_part1_UK/non_glaucoma/image/5506.jpg,Normal,T3_LAG,/kaggle/input/datasets/rayeedaabir/lag-database-part1-uk/LAG_database_part1_UK/non_glaucoma/image/0668.jpg,Normal,2
T3_LAG,/kaggle/input/datasets/rayeedaabir/lag-database-part1-uk/LAG_database_part1_UK/non_glaucoma/image/5550.jpg,Normal,T3_LAG,/kaggle/input/datasets/rayeedaabir/lag-database-part1-uk/LAG_database_part1_UK/non_glaucoma/image/3166.jpg,Normal,4
T3_LAG,/kaggle/input/datasets/rayeedaabir/lag-database-part1-uk/LAG_database_part1_UK/non_glaucoma/image/5559.jpg,Normal,T3_LAG,/kaggle/input/datasets/rayeedaabir/lag-database-part1-uk/LAG_database_part1_UK/non_glaucoma/image/3543.jpg,Normal,4
T3_LAG,/kaggle/input/datasets/rayeedaabir/lag-database-part1-uk/LAG_database_part1_UK/non_glaucoma/image/5593.jpg,Normal,T3_LAG,/kaggle/input/datasets/rayeedaabir/lag-database-part1-uk/LAG_database_part1_UK/non_glaucoma/image/4525.jpg,Normal,4
T3_LAG,/kaggle/input/datasets/rayeedaabir/lag-database-part1-uk/LAG_database_part1_UK/non_glaucoma/image/5595.jpg,Normal,T3_LAG,/kaggle/input/datasets/rayeedaabir/lag-database-part1-uk/LAG_database_part1_UK/non_glaucoma/image/3228.jpg,Normal,4
T3_LAG,/kaggle/input/datasets/rayeedaabir/lag-database-part1-uk/LAG_database_part1_UK/non_glaucoma/image/5600.jpg,Normal,T3_LAG,/kaggle/input/datasets/rayeedaabir/lag-database-part1-uk/LAG_database_part1_UK/non_glaucoma/image/2647.jpg,Normal,4
T3_LAG,/kaggle/input/datasets/rayeedaabir/lag-database-part1-uk/LAG_database_part1_UK/non_glaucoma/image/5606.jpg,Normal,T3_LAG,/kaggle/input/datasets/rayeedaabir/lag-database-part1-uk/LAG_database_part1_UK/non_glaucoma/image/0970.jpg,Normal,2
T3_LAG,/kaggle/input/datasets/rayeedaabir/lag-database-part1-uk/LAG_database_part1_UK/non_glaucoma/image/5607.jpg,Normal,T3_LAG,/kaggle/input/datasets/rayeedaabir/lag-database-part1-uk/LAG_database_part1_UK/non_glaucoma/image/2265.jpg,Normal,4
T3_LAG,/kaggle/input/datasets/rayeedaabir/lag-database-part1-uk/LAG_database_part1_UK/non_glaucoma/image/5608.jpg,Normal,T3_LAG,/kaggle/input/datasets/rayeedaabir/lag-database-part1-uk/LAG_database_part1_UK/non_glaucoma/image/2565.jpg,Normal,4
T3_LAG,/kaggle/input/datasets/rayeedaabir/lag-database-part1-uk/LAG_database_part1_UK/non_glaucoma/image/5611.jpg,Normal,T3_LAG,/kaggle/input/datasets/rayeedaabir/lag-database-part1-uk/LAG_database_part1_UK/non_glaucoma/image/1852.jpg,Normal,4
T3_LAG,/kaggle/input/datasets/rayeedaabir/lag-database-part1-uk/LAG_database_part1_UK/non_glaucoma/image/5633.jpg,Normal,T3_LAG,/kaggle/input/datasets/rayeedaabir/lag-database-part1-uk/LAG_database_part1_UK/non_glaucoma/image/1880.jpg,Normal,4
T3_LAG,/kaggle/input/datasets/rayeedaabir/lag-database-part1-uk/LAG_database_part1_UK/non_glaucoma/image/5641.jpg,Normal,T3_LAG,/kaggle/input/datasets/rayeedaabir/lag-database-part1-uk/LAG_database_part1_UK/non_glaucoma/image/0316.jpg,Normal,4
T3_LAG,/kaggle/input/datasets/rayeedaabir/lag-database-part1-uk/LAG_database_part1_UK/non_glaucoma/image/5643.jpg,Normal,T3_LAG,/kaggle/input/datasets/rayeedaabir/lag-database-part1-uk/LAG_database_part1_UK/non_glaucoma/image/1342.jpg,Normal,4
T3_LAG,/kaggle/input/datasets/rayeedaabir/lag-database-part1-uk/LAG_database_part1_UK/non_glaucoma/image/5653.jpg,Normal,T3_LAG,/kaggle/input/datasets/rayeedaabir/lag-database-part1-uk/LAG_database_part1_UK/non_glaucoma/image/3995.jpg,Normal,4
T3_LAG,/kaggle/input/datasets/rayeedaabir/lag-database-part1-uk/LAG_database_part1_UK/non_glaucoma/image/5661.jpg,Normal,T3_LAG,/kaggle/input/datasets/rayeedaabir/lag-database-part1-uk/LAG_database_part1_UK/non_glaucoma/image/0222.jpg,Normal,4
T3_LAG,/kaggle/input/datasets/rayeedaabir/lag-database-part1-uk/LAG_database_part1_UK/non_glaucoma/image/5707.jpg,Normal,T3_LAG,/kaggle/input/datasets/rayeedaabir/lag-database-part1-uk/LAG_database_part1_UK/non_glaucoma/image/5161.jpg,Normal,4
T3_LAG,/kaggle/input/datasets/rayeedaabir/lag-database-part1-uk/LAG_database_part1_UK/non_glaucoma/image/5712.jpg,Normal,T3_LAG,/kaggle/input/datasets/rayeedaabir/lag-database-part1-uk/LAG_database_part1_UK/non_glaucoma/image/2265.jpg,Normal,4
T3_LAG,/kaggle/input/datasets/rayeedaabir/lag-database-part1-uk/LAG_database_part1_UK/non_glaucoma/image/5717.jpg,Normal,T3_LAG,/kaggle/input/datasets/rayeedaabir/lag-database-part1-uk/LAG_database_part1_UK/non_glaucoma/image/0696.jpg,Normal,4
T3_LAG,/kaggle/input/datasets/rayeedaabir/lag-database-part1-uk/LAG_database_part1_UK/non_glaucoma/image/5730.jpg,Normal,T3_LAG,/kaggle/input/datasets/rayeedaabir/lag-database-part1-uk/LAG_database_part1_UK/non_glaucoma/image/1027.jpg,Normal,4
T3_LAG,/kaggle/input/datasets/rayeedaabir/lag-database-part1-uk/LAG_database_part1_UK/non_glaucoma/image/5731.jpg,Normal,T3_LAG,/kaggle/input/datasets/rayeedaabir/lag-database-part1-uk/LAG_database_part1_UK/non_glaucoma/image/3219.jpg,Normal,4
T3_LAG,/kaggle/input/datasets/rayeedaabir/lag-database-part1-uk/LAG_database_part1_UK/non_glaucoma/image/5732.jpg,Normal,T3_LAG,/kaggle/input/datasets/rayeedaabir/lag-database-part1-uk/LAG_database_part1_UK/non_glaucoma/image/3338.jpg,Normal,4
T3_LAG,/kaggle/input/datasets/rayeedaabir/lag-database-part1-uk/LAG_database_part1_UK/non_glaucoma/image/5734.jpg,Normal,T3_LAG,/kaggle/input/datasets/rayeedaabir/lag-database-part1-uk/LAG_database_part1_UK/non_glaucoma/image/1149.jpg,Normal,4
T3_LAG,/kaggle/input/datasets/rayeedaabir/lag-database-part1-uk/LAG_database_part1_UK/non_glaucoma/image/5737.jpg,Normal,T3_LAG,/kaggle/input/datasets/rayeedaabir/lag-database-part1-uk/LAG_database_part1_UK/non_glaucoma/image/0316.jpg,Normal,2
T3_LAG,/kaggle/input/datasets/rayeedaabir/lag-database-part1-uk/LAG_database_part1_UK/non_glaucoma/image/5738.jpg,Normal,T3_LAG,/kaggle/input/datasets/rayeedaabir/lag-database-part1-uk/LAG_database_part1_UK/non_glaucoma/image/2105.jpg,Normal,2
T3_LAG,/kaggle/input/datasets/rayeedaabir/lag-database-part1-uk/LAG_database_part1_UK/non_glaucoma/image/5760.jpg,Normal,T3_LAG,/kaggle/input/datasets/rayeedaabir/lag-database-part1-uk/LAG_database_part1_UK/non_glaucoma/image/3592.jpg,Normal,4
T3_LAG,/kaggle/input/datasets/rayeedaabir/lag-database-part1-uk/LAG_database_part1_UK/non_glaucoma/image/5767.jpg,Normal,T3_LAG,/kaggle/input/datasets/rayeedaabir/lag-database-part1-uk/LAG_database_part1_UK/non_glaucoma/image/1257.jpg,Normal,4
T3_LAG,/kaggle/input/datasets/rayeedaabir/lag-database-part1-uk/LAG_database_part1_UK/non_glaucoma/image/5775.jpg,Normal,T3_LAG,/kaggle/input/datasets/rayeedaabir/lag-database-part1-uk/LAG_database_part1_UK/non_glaucoma/image/1236.jpg,Normal,4
T3_LAG,/kaggle/input/datasets/rayeedaabir/lag-database-part1-uk/LAG_database_part1_UK/non_glaucoma/image/5799.jpg,Normal,T3_LAG,/kaggle/input/datasets/rayeedaabir/lag-database-part1-uk/LAG_database_part1_UK/non_glaucoma/image/1315.jpg,Normal,4
T3_LAG,/kaggle/input/datasets/rayeedaabir/lag-database-part1-uk/LAG_database_part1_UK/non_glaucoma/image/5804.jpg,Normal,T3_LAG,/kaggle/input/datasets/rayeedaabir/lag-database-part1-uk/LAG_database_part1_UK/non_glaucoma/image/1151.jpg,Normal,4
T3_LAG,/kaggle/input/datasets/rayeedaabir/lag-database-part1-uk/LAG_database_part1_UK/non_glaucoma/image/5819.jpg,Normal,T3_LAG,/kaggle/input/datasets/rayeedaabir/lag-database-part1-uk/LAG_database_part1_UK/non_glaucoma/image/3999.jpg,Normal,4
T3_LAG,/kaggle/input/datasets/rayeedaabir/lag-database-part1-uk/LAG_database_part1_UK/non_glaucoma/image/5833.jpg,Normal,T3_LAG,/kaggle/input/datasets/rayeedaabir/lag-database-part1-uk/LAG_database_part1_UK/non_glaucoma/image/4890.jpg,Normal,4
T3_LAG,/kaggle/input/datasets/rayeedaabir/lag-database-part1-uk/LAG_database_part1_UK/non_glaucoma/image/5846.jpg,Normal,T3_LAG,/kaggle/input/datasets/rayeedaabir/lag-database-part1-uk/LAG_database_part1_UK/non_glaucoma/image/0980.jpg,Normal,4
T3_LAG,/kaggle/input/datasets/rayeedaabir/lag-database-part1-uk/LAG_database_part1_UK/suspicious_glaucoma/image/0021.jpg,Glaucoma,T3_LAG,/kaggle/input/datasets/rayeedaabir/lag-database-part1-uk/LAG_database_part1_UK/non_glaucoma/image/2625.jpg,Normal,4
T3_LAG,/kaggle/input/datasets/rayeedaabir/lag-database-part1-uk/LAG_database_part1_UK/suspicious_glaucoma/image/0026.jpg,Glaucoma,T2_ODIR,/kaggle/input/datasets/rayeedaabir/odir-preprocessed/organized_odir_dataset/Other/715_left.jpg,Other,4
T3_LAG,/kaggle/input/datasets/rayeedaabir/lag-database-part1-uk/LAG_database_part1_UK/suspicious_glaucoma/image/0035.jpg,Glaucoma,T3_LAG,/kaggle/input/datasets/rayeedaabir/lag-database-part1-uk/LAG_database_part1_UK/non_glaucoma/image/5355.jpg,Normal,4
T3_LAG,/kaggle/input/datasets/rayeedaabir/lag-database-part1-uk/LAG_database_part1_UK/suspicious_glaucoma/image/0051.jpg,Glaucoma,T3_LAG,/kaggle/input/datasets/rayeedaabir/lag-database-part1-uk/LAG_database_part1_UK/non_glaucoma/image/0092.jpg,Normal,4
T3_LAG,/kaggle/input/datasets/rayeedaabir/lag-database-part1-uk/LAG_database_part1_UK/suspicious_glaucoma/image/0138.jpg,Glaucoma,T3_LAG,/kaggle/input/datasets/rayeedaabir/lag-database-part1-uk/LAG_database_part1_UK/non_glaucoma/image/1825.jpg,Normal,4
T3_LAG,/kaggle/input/datasets/rayeedaabir/lag-database-part1-uk/LAG_database_part1_UK/suspicious_glaucoma/image/0194.jpg,Glaucoma,T3_LAG,/kaggle/input/datasets/rayeedaabir/lag-database-part1-uk/LAG_database_part1_UK/non_glaucoma/image/0626.jpg,Normal,4
T3_LAG,/kaggle/input/datasets/rayeedaabir/lag-database-part1-uk/LAG_database_part1_UK/suspicious_glaucoma/image/0233.jpg,Glaucoma,T1_APTOS,/kaggle/input/datasets/mariaherrerot/aptos2019/train_images/train_images/c56e65f74187.png,Mild DR,4
T3_LAG,/kaggle/input/datasets/rayeedaabir/lag-database-part1-uk/LAG_database_part1_UK/suspicious_glaucoma/image/0291.jpg,Glaucoma,T2_ODIR,/kaggle/input/datasets/rayeedaabir/odir-preprocessed/organized_odir_dataset/Normal/2526_left.jpg,Normal,4
T3_LAG,/kaggle/input/datasets/rayeedaabir/lag-database-part1-uk/LAG_database_part1_UK/suspicious_glaucoma/image/0326.jpg,Glaucoma,T3_LAG,/kaggle/input/datasets/rayeedaabir/lag-database-part1-uk/LAG_database_part1_UK/non_glaucoma/image/0322.jpg,Normal,4
T3_LAG,/kaggle/input/datasets/rayeedaabir/lag-database-part1-uk/LAG_database_part1_UK/suspicious_glaucoma/image/0327.jpg,Glaucoma,T3_LAG,/kaggle/input/datasets/rayeedaabir/lag-database-part1-uk/LAG_database_part1_UK/non_glaucoma/image/1206.jpg,Normal,4
T3_LAG,/kaggle/input/datasets/rayeedaabir/lag-database-part1-uk/LAG_database_part1_UK/suspicious_glaucoma/image/0377.jpg,Glaucoma,T3_LAG,/kaggle/input/datasets/rayeedaabir/lag-database-part1-uk/LAG_database_part1_UK/non_glaucoma/image/0839.jpg,Normal,4
T3_LAG,/kaggle/input/datasets/rayeedaabir/lag-database-part1-uk/LAG_database_part1_UK/suspicious_glaucoma/image/0409.jpg,Glaucoma,T3_LAG,/kaggle/input/datasets/rayeedaabir/lag-database-part1-uk/LAG_database_part1_UK/suspicious_glaucoma/image/0111.jpg,Glaucoma,4
T3_LAG,/kaggle/input/datasets/rayeedaabir/lag-database-part1-uk/LAG_database_part1_UK/suspicious_glaucoma/image/0429.jpg,Glaucoma,T3_LAG,/kaggle/input/datasets/rayeedaabir/lag-database-part1-uk/LAG_database_part1_UK/suspicious_glaucoma/image/0275.jpg,Glaucoma,4
T3_LAG,/kaggle/input/datasets/rayeedaabir/lag-database-part1-uk/LAG_database_part1_UK/suspicious_glaucoma/image/0465.jpg,Glaucoma,T3_LAG,/kaggle/input/datasets/rayeedaabir/lag-database-part1-uk/LAG_database_part1_UK/suspicious_glaucoma/image/0267.jpg,Glaucoma,4
T3_LAG,/kaggle/input/datasets/rayeedaabir/lag-database-part1-uk/LAG_database_part1_UK/suspicious_glaucoma/image/0595.jpg,Glaucoma,T3_LAG,/kaggle/input/datasets/rayeedaabir/lag-database-part1-uk/LAG_database_part1_UK/non_glaucoma/image/4567.jpg,Normal,4
T3_LAG,/kaggle/input/datasets/rayeedaabir/lag-database-part1-uk/LAG_database_part1_UK/suspicious_glaucoma/image/0649.jpg,Glaucoma,T3_LAG,/kaggle/input/datasets/rayeedaabir/lag-database-part1-uk/LAG_database_part1_UK/suspicious_glaucoma/image/0275.jpg,Glaucoma,2
T3_LAG,/kaggle/input/datasets/rayeedaabir/lag-database-part1-uk/LAG_database_part1_UK/suspicious_glaucoma/image/0854.jpg,Glaucoma,T3_LAG,/kaggle/input/datasets/rayeedaabir/lag-database-part1-uk/LAG_database_part1_UK/suspicious_glaucoma/image/0578.jpg,Glaucoma,2
T3_LAG,/kaggle/input/datasets/rayeedaabir/lag-database-part1-uk/LAG_database_part1_UK/suspicious_glaucoma/image/0916.jpg,Glaucoma,T1_APTOS,/kaggle/input/datasets/mariaherrerot/aptos2019/train_images/train_images/345b1f0abbba.png,No DR,4
T3_LAG,/kaggle/input/datasets/rayeedaabir/lag-database-part1-uk/LAG_database_part1_UK/suspicious_glaucoma/image/0949.jpg,Glaucoma,T3_LAG,/kaggle/input/datasets/rayeedaabir/lag-database-part1-uk/LAG_database_part1_UK/non_glaucoma/image/4565.jpg,Normal,4
T3_LAG,/kaggle/input/datasets/rayeedaabir/lag-database-part1-uk/LAG_database_part1_UK/suspicious_glaucoma/image/1016.jpg,Glaucoma,T3_LAG,/kaggle/input/datasets/rayeedaabir/lag-database-part1-uk/LAG_database_part1_UK/suspicious_glaucoma/image/0708.jpg,Glaucoma,4
T3_LAG,/kaggle/input/datasets/rayeedaabir/lag-database-part1-uk/LAG_database_part1_UK/suspicious_glaucoma/image/1029.jpg,Glaucoma,T3_LAG,/kaggle/input/datasets/rayeedaabir/lag-database-part1-uk/LAG_database_part1_UK/suspicious_glaucoma/image/0211.jpg,Glaucoma,4
T3_LAG,/kaggle/input/datasets/rayeedaabir/lag-database-part1-uk/LAG_database_part1_UK/suspicious_glaucoma/image/1106.jpg,Glaucoma,T3_LAG,/kaggle/input/datasets/rayeedaabir/lag-database-part1-uk/LAG_database_part1_UK/non_glaucoma/image/2109.jpg,Normal,4
T3_LAG,/kaggle/input/datasets/rayeedaabir/lag-database-part1-uk/LAG_database_part1_UK/suspicious_glaucoma/image/1153.jpg,Glaucoma,T3_LAG,/kaggle/input/datasets/rayeedaabir/lag-database-part1-uk/LAG_database_part1_UK/suspicious_glaucoma/image/0612.jpg,Glaucoma,4
T3_LAG,/kaggle/input/datasets/rayeedaabir/lag-database-part1-uk/LAG_database_part1_UK/suspicious_glaucoma/image/1177.jpg,Glaucoma,T3_LAG,/kaggle/input/datasets/rayeedaabir/lag-database-part1-uk/LAG_database_part1_UK/non_glaucoma/image/0958.jpg,Normal,4
T3_LAG,/kaggle/input/datasets/rayeedaabir/lag-database-part1-uk/LAG_database_part1_UK/suspicious_glaucoma/image/1181.jpg,Glaucoma,T3_LAG,/kaggle/input/datasets/rayeedaabir/lag-database-part1-uk/LAG_database_part1_UK/non_glaucoma/image/0669.jpg,Normal,4
T3_LAG,/kaggle/input/datasets/rayeedaabir/lag-database-part1-uk/LAG_database_part1_UK/suspicious_glaucoma/image/1210.jpg,Glaucoma,T3_LAG,/kaggle/input/datasets/rayeedaabir/lag-database-part1-uk/LAG_database_part1_UK/suspicious_glaucoma/image/0578.jpg,Glaucoma,4
T3_LAG,/kaggle/input/datasets/rayeedaabir/lag-database-part1-uk/LAG_database_part1_UK/suspicious_glaucoma/image/1225.jpg,Glaucoma,T3_LAG,/kaggle/input/datasets/rayeedaabir/lag-database-part1-uk/LAG_database_part1_UK/suspicious_glaucoma/image/0131.jpg,Glaucoma,2
T3_LAG,/kaggle/input/datasets/rayeedaabir/lag-database-part1-uk/LAG_database_part1_UK/suspicious_glaucoma/image/1309.jpg,Glaucoma,T3_LAG,/kaggle/input/datasets/rayeedaabir/lag-database-part1-uk/LAG_database_part1_UK/non_glaucoma/image/0704.jpg,Normal,4
T3_LAG,/kaggle/input/datasets/rayeedaabir/lag-database-part1-uk/LAG_database_part1_UK/suspicious_glaucoma/image/1339.jpg,Glaucoma,T3_LAG,/kaggle/input/datasets/rayeedaabir/lag-database-part1-uk/LAG_database_part1_UK/non_glaucoma/image/4406.jpg,Normal,4
T3_LAG,/kaggle/input/datasets/rayeedaabir/lag-database-part1-uk/LAG_database_part1_UK/suspicious_glaucoma/image/1341.jpg,Glaucoma,T3_LAG,/kaggle/input/datasets/rayeedaabir/lag-database-part1-uk/LAG_database_part1_UK/suspicious_glaucoma/image/0922.jpg,Glaucoma,4
T3_LAG,/kaggle/input/datasets/rayeedaabir/lag-database-part1-uk/LAG_database_part1_UK/suspicious_glaucoma/image/1383.jpg,Glaucoma,T3_LAG,/kaggle/input/datasets/rayeedaabir/lag-database-part1-uk/LAG_database_part1_UK/suspicious_glaucoma/image/0111.jpg,Glaucoma,4
T3_LAG,/kaggle/input/datasets/rayeedaabir/lag-database-part1-uk/LAG_database_part1_UK/suspicious_glaucoma/image/1386.jpg,Glaucoma,T3_LAG,/kaggle/input/datasets/rayeedaabir/lag-database-part1-uk/LAG_database_part1_UK/suspicious_glaucoma/image/1249.jpg,Glaucoma,4
T3_LAG,/kaggle/input/datasets/rayeedaabir/lag-database-part1-uk/LAG_database_part1_UK/suspicious_glaucoma/image/1398.jpg,Glaucoma,T3_LAG,/kaggle/input/datasets/rayeedaabir/lag-database-part1-uk/LAG_database_part1_UK/suspicious_glaucoma/image/0352.jpg,Glaucoma,4
T3_LAG,/kaggle/input/datasets/rayeedaabir/lag-database-part1-uk/LAG_database_part1_UK/suspicious_glaucoma/image/1424.jpg,Glaucoma,T3_LAG,/kaggle/input/datasets/rayeedaabir/lag-database-part1-uk/LAG_database_part1_UK/suspicious_glaucoma/image/0770.jpg,Glaucoma,2
T3_LAG,/kaggle/input/datasets/rayeedaabir/lag-database-part1-uk/LAG_database_part1_UK/suspicious_glaucoma/image/1487.jpg,Glaucoma,T3_LAG,/kaggle/input/datasets/rayeedaabir/lag-database-part1-uk/LAG_database_part1_UK/suspicious_glaucoma/image/1335.jpg,Glaucoma,4
T3_LAG,/kaggle/input/datasets/rayeedaabir/lag-database-part1-uk/LAG_database_part1_UK/suspicious_glaucoma/image/1511.jpg,Glaucoma,T3_LAG,/kaggle/input/datasets/rayeedaabir/lag-database-part1-uk/LAG_database_part1_UK/non_glaucoma/image/0839.jpg,Normal,4
T3_LAG,/kaggle/input/datasets/rayeedaabir/lag-database-part1-uk/LAG_database_part1_UK/suspicious_glaucoma/image/1548.jpg,Glaucoma,T3_LAG,/kaggle/input/datasets/rayeedaabir/lag-database-part1-uk/LAG_database_part1_UK/non_glaucoma/image/0839.jpg,Normal,4
T3_LAG,/kaggle/input/datasets/rayeedaabir/lag-database-part1-uk/LAG_database_part1_UK/suspicious_glaucoma/image/1551.jpg,Glaucoma,T3_LAG,/kaggle/input/datasets/rayeedaabir/lag-database-part1-uk/LAG_database_part1_UK/non_glaucoma/image/4672.jpg,Normal,4
T3_LAG,/kaggle/input/datasets/rayeedaabir/lag-database-part1-uk/LAG_database_part1_UK/suspicious_glaucoma/image/1670.jpg,Glaucoma,T3_LAG,/kaggle/input/datasets/rayeedaabir/lag-database-part1-uk/LAG_database_part1_UK/suspicious_glaucoma/image/1256.jpg,Glaucoma,4
T3_LAG,/kaggle/input/datasets/rayeedaabir/lag-database-part1-uk/LAG_database_part1_UK/suspicious_glaucoma/image/1671.jpg,Glaucoma,T3_LAG,/kaggle/input/datasets/rayeedaabir/lag-database-part1-uk/LAG_database_part1_UK/suspicious_glaucoma/image/1117.jpg,Glaucoma,4
T3_LAG,/kaggle/input/datasets/rayeedaabir/lag-database-part1-uk/LAG_database_part1_UK/suspicious_glaucoma/image/1674.jpg,Glaucoma,T3_LAG,/kaggle/input/datasets/rayeedaabir/lag-database-part1-uk/LAG_database_part1_UK/non_glaucoma/image/0892.jpg,Normal,4
T3_LAG,/kaggle/input/datasets/rayeedaabir/lag-database-part1-uk/LAG_database_part1_UK/suspicious_glaucoma/image/1691.jpg,Glaucoma,T3_LAG,/kaggle/input/datasets/rayeedaabir/lag-database-part1-uk/LAG_database_part1_UK/suspicious_glaucoma/image/0047.jpg,Glaucoma,4
T3_LAG,/kaggle/input/datasets/rayeedaabir/lag-database-part1-uk/LAG_database_part1_UK/suspicious_glaucoma/image/1694.jpg,Glaucoma,T3_LAG,/kaggle/input/datasets/rayeedaabir/lag-database-part1-uk/LAG_database_part1_UK/non_glaucoma/image/1255.jpg,Normal,4
T3_LAG,/kaggle/input/datasets/rayeedaabir/lag-database-part1-uk/LAG_database_part1_UK/suspicious_glaucoma/image/1703.jpg,Glaucoma,T3_LAG,/kaggle/input/datasets/rayeedaabir/lag-database-part1-uk/LAG_database_part1_UK/non_glaucoma/image/0722.jpg,Normal,4
T3_LAG,/kaggle/input/datasets/rayeedaabir/lag-database-part1-uk/LAG_database_part1_UK/suspicious_glaucoma/image/1711.jpg,Glaucoma,T3_LAG,/kaggle/input/datasets/rayeedaabir/lag-database-part1-uk/LAG_database_part1_UK/non_glaucoma/image/5058.jpg,Normal,4
T3_LAG,/kaggle/input/datasets/rayeedaabir/lag-database-part1-uk/LAG_database_part1_UK/suspicious_glaucoma/image/1728.jpg,Glaucoma,T3_LAG,/kaggle/input/datasets/rayeedaabir/lag-database-part1-uk/LAG_database_part1_UK/non_glaucoma/image/5391.jpg,Normal,4
T3_LAG,/kaggle/input/datasets/rayeedaabir/lag-database-part1-uk/LAG_database_part1_UK/suspicious_glaucoma/image/1855.jpg,Glaucoma,T3_LAG,/kaggle/input/datasets/rayeedaabir/lag-database-part1-uk/LAG_database_part1_UK/non_glaucoma/image/2514.jpg,Normal,4
T3_LAG,/kaggle/input/datasets/rayeedaabir/lag-database-part1-uk/LAG_database_part1_UK/suspicious_glaucoma/image/1869.jpg,Glaucoma,T3_LAG,/kaggle/input/datasets/rayeedaabir/lag-database-part1-uk/LAG_database_part1_UK/non_glaucoma/image/2419.jpg,Normal,4
T3_LAG,/kaggle/input/datasets/rayeedaabir/lag-database-part1-uk/LAG_database_part1_UK/suspicious_glaucoma/image/1878.jpg,Glaucoma,T3_LAG,/kaggle/input/datasets/rayeedaabir/lag-database-part1-uk/LAG_database_part1_UK/non_glaucoma/image/2125.jpg,Normal,4
T3_LAG,/kaggle/input/datasets/rayeedaabir/lag-database-part1-uk/LAG_database_part1_UK/suspicious_glaucoma/image/1906.jpg,Glaucoma,T3_LAG,/kaggle/input/datasets/rayeedaabir/lag-database-part1-uk/LAG_database_part1_UK/non_glaucoma/image/4672.jpg,Normal,4
T3_LAG,/kaggle/input/datasets/rayeedaabir/lag-database-part1-uk/LAG_database_part1_UK/suspicious_glaucoma/image/1916.jpg,Glaucoma,T3_LAG,/kaggle/input/datasets/rayeedaabir/lag-database-part1-uk/LAG_database_part1_UK/suspicious_glaucoma/image/0030.jpg,Glaucoma,4
T3_LAG,/kaggle/input/datasets/rayeedaabir/lag-database-part1-uk/LAG_database_part1_UK/suspicious_glaucoma/image/1928.jpg,Glaucoma,T3_LAG,/kaggle/input/datasets/rayeedaabir/lag-database-part1-uk/LAG_database_part1_UK/non_glaucoma/image/2109.jpg,Normal,4
T3_LAG,/kaggle/input/datasets/rayeedaabir/lag-database-part1-uk/LAG_database_part1_UK/suspicious_glaucoma/image/1966.jpg,Glaucoma,T3_LAG,/kaggle/input/datasets/rayeedaabir/lag-database-part1-uk/LAG_database_part1_UK/suspicious_glaucoma/image/1408.jpg,Glaucoma,4
T3_LAG,/kaggle/input/datasets/rayeedaabir/lag-database-part1-uk/LAG_database_part1_UK/suspicious_glaucoma/image/1975.jpg,Glaucoma,T3_LAG,/kaggle/input/datasets/rayeedaabir/lag-database-part1-uk/LAG_database_part1_UK/non_glaucoma/image/0553.jpg,Normal,4
T3_LAG,/kaggle/input/datasets/rayeedaabir/lag-database-part1-uk/LAG_database_part1_UK/suspicious_glaucoma/image/1978.jpg,Glaucoma,T3_LAG,/kaggle/input/datasets/rayeedaabir/lag-database-part1-uk/LAG_database_part1_UK/suspicious_glaucoma/image/0388.jpg,Glaucoma,4
T3_LAG,/kaggle/input/datasets/rayeedaabir/lag-database-part1-uk/LAG_database_part1_UK/suspicious_glaucoma/image/1982.jpg,Glaucoma,T3_LAG,/kaggle/input/datasets/rayeedaabir/lag-database-part1-uk/LAG_database_part1_UK/non_glaucoma/image/1825.jpg,Normal,2
T3_LAG,/kaggle/input/datasets/rayeedaabir/lag-database-part1-uk/LAG_database_part1_UK/suspicious_glaucoma/image/1988.jpg,Glaucoma,T3_LAG,/kaggle/input/datasets/rayeedaabir/lag-database-part1-uk/LAG_database_part1_UK/suspicious_glaucoma/image/1945.jpg,Glaucoma,4
T3_LAG,/kaggle/input/datasets/rayeedaabir/lag-database-part1-uk/LAG_database_part1_UK/suspicious_glaucoma/image/2008.jpg,Glaucoma,T3_LAG,/kaggle/input/datasets/rayeedaabir/lag-database-part1-uk/LAG_database_part1_UK/suspicious_glaucoma/image/1766.jpg,Glaucoma,4
T3_LAG,/kaggle/input/datasets/rayeedaabir/lag-database-part1-uk/LAG_database_part1_UK/suspicious_glaucoma/image/2107.jpg,Glaucoma,T3_LAG,/kaggle/input/datasets/rayeedaabir/lag-database-part1-uk/LAG_database_part1_UK/suspicious_glaucoma/image/1249.jpg,Glaucoma,4
T3_LAG,/kaggle/input/datasets/rayeedaabir/lag-database-part1-uk/LAG_database_part1_UK/suspicious_glaucoma/image/2141.jpg,Glaucoma,T3_LAG,/kaggle/input/datasets/rayeedaabir/lag-database-part1-uk/LAG_database_part1_UK/suspicious_glaucoma/image/0388.jpg,Glaucoma,4
T3_LAG,/kaggle/input/datasets/rayeedaabir/lag-database-part1-uk/LAG_database_part1_UK/suspicious_glaucoma/image/2194.jpg,Glaucoma,T3_LAG,/kaggle/input/datasets/rayeedaabir/lag-database-part1-uk/LAG_database_part1_UK/suspicious_glaucoma/image/1077.jpg,Glaucoma,2
T3_LAG,/kaggle/input/datasets/rayeedaabir/lag-database-part1-uk/LAG_database_part1_UK/suspicious_glaucoma/image/2216.jpg,Glaucoma,T3_LAG,/kaggle/input/datasets/rayeedaabir/lag-database-part1-uk/LAG_database_part1_UK/suspicious_glaucoma/image/0275.jpg,Glaucoma,2
T3_LAG,/kaggle/input/datasets/rayeedaabir/lag-database-part1-uk/LAG_database_part1_UK/suspicious_glaucoma/image/2258.jpg,Glaucoma,T3_LAG,/kaggle/input/datasets/rayeedaabir/lag-database-part1-uk/LAG_database_part1_UK/suspicious_glaucoma/image/2022.jpg,Glaucoma,4
T3_LAG,/kaggle/input/datasets/rayeedaabir/lag-database-part1-uk/LAG_database_part1_UK/suspicious_glaucoma/image/2272.jpg,Glaucoma,T1_APTOS,/kaggle/input/datasets/mariaherrerot/aptos2019/train_images/train_images/837acf120946.png,No DR,4
T3_LAG,/kaggle/input/datasets/rayeedaabir/lag-database-part1-uk/LAG_database_part1_UK/suspicious_glaucoma/image/2285.jpg,Glaucoma,T3_LAG,/kaggle/input/datasets/rayeedaabir/lag-database-part1-uk/LAG_database_part1_UK/suspicious_glaucoma/image/0866.jpg,Glaucoma,4
T3_LAG,/kaggle/input/datasets/rayeedaabir/lag-database-part1-uk/LAG_database_part1_UK/suspicious_glaucoma/image/2316.jpg,Glaucoma,T3_LAG,/kaggle/input/datasets/rayeedaabir/lag-database-part1-uk/LAG_database_part1_UK/suspicious_glaucoma/image/0770.jpg,Glaucoma,4
T3_LAG,/kaggle/input/datasets/rayeedaabir/lag-database-part1-uk/LAG_database_part1_UK/suspicious_glaucoma/image/2325.jpg,Glaucoma,T3_LAG,/kaggle/input/datasets/rayeedaabir/lag-database-part1-uk/LAG_database_part1_UK/suspicious_glaucoma/image/1531.jpg,Glaucoma,4
T3_LAG,/kaggle/input/datasets/rayeedaabir/lag-database-part1-uk/LAG_database_part1_UK/suspicious_glaucoma/image/2342.jpg,Glaucoma,T3_LAG,/kaggle/input/datasets/rayeedaabir/lag-database-part1-uk/LAG_database_part1_UK/suspicious_glaucoma/image/1244.jpg,Glaucoma,4
T3_LAG,/kaggle/input/datasets/rayeedaabir/lag-database-part1-uk/LAG_database_part1_UK/suspicious_glaucoma/image/2378.jpg,Glaucoma,T3_LAG,/kaggle/input/datasets/rayeedaabir/lag-database-part1-uk/LAG_database_part1_UK/suspicious_glaucoma/image/2017.jpg,Glaucoma,4
T3_LAG,/kaggle/input/datasets/rayeedaabir/lag-database-part1-uk/LAG_database_part1_UK/suspicious_glaucoma/image/2383.jpg,Glaucoma,T3_LAG,/kaggle/input/datasets/rayeedaabir/lag-database-part1-uk/LAG_database_part1_UK/non_glaucoma/image/0880.jpg,Normal,4
T3_LAG,/kaggle/input/datasets/rayeedaabir/lag-database-part1-uk/LAG_database_part1_UK/suspicious_glaucoma/image/2408.jpg,Glaucoma,T3_LAG,/kaggle/input/datasets/rayeedaabir/lag-database-part1-uk/LAG_database_part1_UK/suspicious_glaucoma/image/1249.jpg,Glaucoma,4
T3_LAG,/kaggle/input/datasets/rayeedaabir/lag-database-part1-uk/LAG_database_part1_UK/suspicious_glaucoma/image/2430.jpg,Glaucoma,T3_LAG,/kaggle/input/datasets/rayeedaabir/lag-database-part1-uk/LAG_database_part1_UK/suspicious_glaucoma/image/1132.jpg,Glaucoma,4
T3_LAG,/kaggle/input/datasets/rayeedaabir/lag-database-part1-uk/LAG_database_part1_UK/suspicious_glaucoma/image/2447.jpg,Glaucoma,T3_LAG,/kaggle/input/datasets/rayeedaabir/lag-database-part1-uk/LAG_database_part1_UK/suspicious_glaucoma/image/0816.jpg,Glaucoma,4
T3_LAG,/kaggle/input/datasets/rayeedaabir/lag-database-part1-uk/LAG_database_part1_UK/suspicious_glaucoma/image/2487.jpg,Glaucoma,T3_LAG,/kaggle/input/datasets/rayeedaabir/lag-database-part1-uk/LAG_database_part1_UK/suspicious_glaucoma/image/0257.jpg,Glaucoma,4
T3_LAG,/kaggle/input/datasets/rayeedaabir/lag-database-part1-uk/LAG_database_part1_UK/suspicious_glaucoma/image/2524.jpg,Glaucoma,T3_LAG,/kaggle/input/datasets/rayeedaabir/lag-database-part1-uk/LAG_database_part1_UK/suspicious_glaucoma/image/0770.jpg,Glaucoma,2
T3_LAG,/kaggle/input/datasets/rayeedaabir/lag-database-part1-uk/LAG_database_part1_UK/suspicious_glaucoma/image/2579.jpg,Glaucoma,T3_LAG,/kaggle/input/datasets/rayeedaabir/lag-database-part1-uk/LAG_database_part1_UK/suspicious_glaucoma/image/1077.jpg,Glaucoma,4
T3_LAG,/kaggle/input/datasets/rayeedaabir/lag-database-part1-uk/LAG_database_part1_UK/suspicious_glaucoma/image/2624.jpg,Glaucoma,T3_LAG,/kaggle/input/datasets/rayeedaabir/lag-database-part1-uk/LAG_database_part1_UK/suspicious_glaucoma/image/1389.jpg,Glaucoma,4
T3_LAG,/kaggle/input/datasets/rayeedaabir/lag-database-part1-uk/LAG_database_part1_UK/suspicious_glaucoma/image/2671.jpg,Glaucoma,T3_LAG,/kaggle/input/datasets/rayeedaabir/lag-database-part1-uk/LAG_database_part1_UK/suspicious_glaucoma/image/1247.jpg,Glaucoma,2
T3_LAG,/kaggle/input/datasets/rayeedaabir/lag-database-part1-uk/LAG_database_part1_UK/suspicious_glaucoma/image/2684.jpg,Glaucoma,T3_LAG,/kaggle/input/datasets/rayeedaabir/lag-database-part1-uk/LAG_database_part1_UK/suspicious_glaucoma/image/0939.jpg,Glaucoma,4
T3_LAG,/kaggle/input/datasets/rayeedaabir/lag-database-part1-uk/LAG_database_part1_UK/suspicious_glaucoma/image/2687.jpg,Glaucoma,T3_LAG,/kaggle/input/datasets/rayeedaabir/lag-database-part1-uk/LAG_database_part1_UK/suspicious_glaucoma/image/1385.jpg,Glaucoma,4
T3_LAG,/kaggle/input/datasets/rayeedaabir/lag-database-part1-uk/LAG_database_part1_UK/suspicious_glaucoma/image/2715.jpg,Glaucoma,T3_LAG,/kaggle/input/datasets/rayeedaabir/lag-database-part1-uk/LAG_database_part1_UK/non_glaucoma/image/4870.jpg,Normal,4
T3_LAG,/kaggle/input/datasets/rayeedaabir/lag-database-part1-uk/LAG_database_part1_UK/suspicious_glaucoma/image/2747.jpg,Glaucoma,T3_LAG,/kaggle/input/datasets/rayeedaabir/lag-database-part1-uk/LAG_database_part1_UK/non_glaucoma/image/2419.jpg,Normal,4
T3_LAG,/kaggle/input/datasets/rayeedaabir/lag-database-part1-uk/LAG_database_part1_UK/suspicious_glaucoma/image/2762.jpg,Glaucoma,T3_LAG,/kaggle/input/datasets/rayeedaabir/lag-database-part1-uk/LAG_database_part1_UK/suspicious_glaucoma/image/1293.jpg,Glaucoma,4
T3_LAG,/kaggle/input/datasets/rayeedaabir/lag-database-part1-uk/LAG_database_part1_UK/suspicious_glaucoma/image/2771.jpg,Glaucoma,T3_LAG,/kaggle/input/datasets/rayeedaabir/lag-database-part1-uk/LAG_database_part1_UK/suspicious_glaucoma/image/2070.jpg,Glaucoma,4
T3_LAG,/kaggle/input/datasets/rayeedaabir/lag-database-part1-uk/LAG_database_part1_UK/suspicious_glaucoma/image/2790.jpg,Glaucoma,T3_LAG,/kaggle/input/datasets/rayeedaabir/lag-database-part1-uk/LAG_database_part1_UK/suspicious_glaucoma/image/1450.jpg,Glaucoma,4
T3_LAG,/kaggle/input/datasets/rayeedaabir/lag-database-part1-uk/LAG_database_part1_UK/suspicious_glaucoma/image/2804.jpg,Glaucoma,T3_LAG,/kaggle/input/datasets/rayeedaabir/lag-database-part1-uk/LAG_database_part1_UK/non_glaucoma/image/3745.jpg,Normal,4
T3_LAG,/kaggle/input/datasets/rayeedaabir/lag-database-part1-uk/LAG_database_part1_UK/suspicious_glaucoma/image/2818.jpg,Glaucoma,T3_LAG,/kaggle/input/datasets/rayeedaabir/lag-database-part1-uk/LAG_database_part1_UK/non_glaucoma/image/0372.jpg,Normal,4
T3_LAG,/kaggle/input/datasets/rayeedaabir/lag-database-part1-uk/LAG_database_part1_UK/suspicious_glaucoma/image/2853.jpg,Glaucoma,T3_LAG,/kaggle/input/datasets/rayeedaabir/lag-database-part1-uk/LAG_database_part1_UK/suspicious_glaucoma/image/1945.jpg,Glaucoma,4
T3_LAG,/kaggle/input/datasets/rayeedaabir/lag-database-part1-uk/LAG_database_part1_UK/suspicious_glaucoma/image/2866.jpg,Glaucoma,T3_LAG,/kaggle/input/datasets/rayeedaabir/lag-database-part1-uk/LAG_database_part1_UK/suspicious_glaucoma/image/2362.jpg,Glaucoma,4
T3_LAG,/kaggle/input/datasets/rayeedaabir/lag-database-part1-uk/LAG_database_part1_UK/suspicious_glaucoma/image/2903.jpg,Glaucoma,T3_LAG,/kaggle/input/datasets/rayeedaabir/lag-database-part1-uk/LAG_database_part1_UK/suspicious_glaucoma/image/1528.jpg,Glaucoma,4
T3_LAG,/kaggle/input/datasets/rayeedaabir/lag-database-part1-uk/LAG_database_part1_UK/suspicious_glaucoma/image/2947.jpg,Glaucoma,T3_LAG,/kaggle/input/datasets/rayeedaabir/lag-database-part1-uk/LAG_database_part1_UK/non_glaucoma/image/0956.jpg,Normal,4
T3_LAG,/kaggle/input/datasets/rayeedaabir/lag-database-part1-uk/LAG_database_part1_UK/suspicious_glaucoma/image/2973.jpg,Glaucoma,T3_LAG,/kaggle/input/datasets/rayeedaabir/lag-database-part1-uk/LAG_database_part1_UK/suspicious_glaucoma/image/0107.jpg,Glaucoma,4
T3_LAG,/kaggle/input/datasets/rayeedaabir/lag-database-part1-uk/LAG_database_part1_UK/suspicious_glaucoma/image/2974.jpg,Glaucoma,T2_ODIR,/kaggle/input/datasets/rayeedaabir/odir-preprocessed/organized_odir_dataset/Normal/2526_left.jpg,Normal,4
T3_LAG,/kaggle/input/datasets/rayeedaabir/lag-database-part1-uk/LAG_database_part1_UK/suspicious_glaucoma/image/2977.jpg,Glaucoma,T3_LAG,/kaggle/input/datasets/rayeedaabir/lag-database-part1-uk/LAG_database_part1_UK/suspicious_glaucoma/image/2134.jpg,Glaucoma,4
T3_LAG,/kaggle/input/datasets/rayeedaabir/lag-database-part1-uk/LAG_database_part1_UK/suspicious_glaucoma/image/2993.jpg,Glaucoma,T3_LAG,/kaggle/input/datasets/rayeedaabir/lag-database-part1-uk/LAG_database_part1_UK/suspicious_glaucoma/image/0773.jpg,Glaucoma,4
T3_LAG,/kaggle/input/datasets/rayeedaabir/lag-database-part1-uk/LAG_database_part1_UK/suspicious_glaucoma/image/3010.jpg,Glaucoma,T3_LAG,/kaggle/input/datasets/rayeedaabir/lag-database-part1-uk/LAG_database_part1_UK/suspicious_glaucoma/image/1247.jpg,Glaucoma,4
T3_LAG,/kaggle/input/datasets/rayeedaabir/lag-database-part1-uk/LAG_database_part1_UK/suspicious_glaucoma/image/3023.jpg,Glaucoma,T3_LAG,/kaggle/input/datasets/rayeedaabir/lag-database-part1-uk/LAG_database_part1_UK/non_glaucoma/image/1773.jpg,Normal,4
T3_LAG,/kaggle/input/datasets/rayeedaabir/lag-database-part1-uk/LAG_database_part1_UK/suspicious_glaucoma/image/3046.jpg,Glaucoma,T3_LAG,/kaggle/input/datasets/rayeedaabir/lag-database-part1-uk/LAG_database_part1_UK/suspicious_glaucoma/image/2989.jpg,Glaucoma,4
T3_LAG,/kaggle/input/datasets/rayeedaabir/lag-database-part1-uk/LAG_database_part1_UK/suspicious_glaucoma/image/3048.jpg,Glaucoma,T3_LAG,/kaggle/input/datasets/rayeedaabir/lag-database-part1-uk/LAG_database_part1_UK/suspicious_glaucoma/image/1185.jpg,Glaucoma,4
T3_LAG,/kaggle/input/datasets/rayeedaabir/lag-database-part1-uk/LAG_database_part1_UK/suspicious_glaucoma/image/3092.jpg,Glaucoma,T3_LAG,/kaggle/input/datasets/rayeedaabir/lag-database-part1-uk/LAG_database_part1_UK/non_glaucoma/image/0839.jpg,Normal,4
T3_LAG,/kaggle/input/datasets/rayeedaabir/lag-database-part1-uk/LAG_database_part1_UK/suspicious_glaucoma/image/3108.jpg,Glaucoma,T3_LAG,/kaggle/input/datasets/rayeedaabir/lag-database-part1-uk/LAG_database_part1_UK/non_glaucoma/image/4842.jpg,Normal,4
T3_LAG,/kaggle/input/datasets/rayeedaabir/lag-database-part1-uk/LAG_database_part1_UK/suspicious_glaucoma/image/3163.jpg,Glaucoma,T3_LAG,/kaggle/input/datasets/rayeedaabir/lag-database-part1-uk/LAG_database_part1_UK/suspicious_glaucoma/image/2798.jpg,Glaucoma,4
T3_LAG,/kaggle/input/datasets/rayeedaabir/lag-database-part1-uk/LAG_database_part1_UK/suspicious_glaucoma/image/3168.jpg,Glaucoma,T3_LAG,/kaggle/input/datasets/rayeedaabir/lag-database-part1-uk/LAG_database_part1_UK/suspicious_glaucoma/image/2562.jpg,Glaucoma,2
T3_LAG,/kaggle/input/datasets/rayeedaabir/lag-database-part1-uk/LAG_database_part1_UK/suspicious_glaucoma/image/3191.jpg,Glaucoma,T3_LAG,/kaggle/input/datasets/rayeedaabir/lag-database-part1-uk/LAG_database_part1_UK/suspicious_glaucoma/image/0246.jpg,Glaucoma,4
T3_LAG,/kaggle/input/datasets/rayeedaabir/lag-database-part1-uk/LAG_database_part1_UK/suspicious_glaucoma/image/3243.jpg,Glaucoma,T3_LAG,/kaggle/input/datasets/rayeedaabir/lag-database-part1-uk/LAG_database_part1_UK/suspicious_glaucoma/image/1126.jpg,Glaucoma,4
T3_LAG,/kaggle/input/datasets/rayeedaabir/lag-database-part1-uk/LAG_database_part1_UK/suspicious_glaucoma/image/3248.jpg,Glaucoma,T3_LAG,/kaggle/input/datasets/rayeedaabir/lag-database-part1-uk/LAG_database_part1_UK/suspicious_glaucoma/image/2500.jpg,Glaucoma,4
T3_LAG,/kaggle/input/datasets/rayeedaabir/lag-database-part1-uk/LAG_database_part1_UK/suspicious_glaucoma/image/3265.jpg,Glaucoma,T3_LAG,/kaggle/input/datasets/rayeedaabir/lag-database-part1-uk/LAG_database_part1_UK/suspicious_glaucoma/image/1450.jpg,Glaucoma,4
T3_LAG,/kaggle/input/datasets/rayeedaabir/lag-database-part1-uk/LAG_database_part1_UK/suspicious_glaucoma/image/3271.jpg,Glaucoma,T3_LAG,/kaggle/input/datasets/rayeedaabir/lag-database-part1-uk/LAG_database_part1_UK/non_glaucoma/image/0364.jpg,Normal,4
T3_LAG,/kaggle/input/datasets/rayeedaabir/lag-database-part1-uk/LAG_database_part1_UK/suspicious_glaucoma/image/3276.jpg,Glaucoma,T3_LAG,/kaggle/input/datasets/rayeedaabir/lag-database-part1-uk/LAG_database_part1_UK/suspicious_glaucoma/image/2489.jpg,Glaucoma,4
T3_LAG,/kaggle/input/datasets/rayeedaabir/lag-database-part1-uk/LAG_database_part1_UK/suspicious_glaucoma/image/3280.jpg,Glaucoma,T3_LAG,/kaggle/input/datasets/rayeedaabir/lag-database-part1-uk/LAG_database_part1_UK/suspicious_glaucoma/image/2605.jpg,Glaucoma,4
T3_LAG,/kaggle/input/datasets/rayeedaabir/lag-database-part1-uk/LAG_database_part1_UK/suspicious_glaucoma/image/3293.jpg,Glaucoma,T3_LAG,/kaggle/input/datasets/rayeedaabir/lag-database-part1-uk/LAG_database_part1_UK/suspicious_glaucoma/image/1138.jpg,Glaucoma,2
T3_LAG,/kaggle/input/datasets/rayeedaabir/lag-database-part1-uk/LAG_database_part1_UK/suspicious_glaucoma/image/3331.jpg,Glaucoma,T3_LAG,/kaggle/input/datasets/rayeedaabir/lag-database-part1-uk/LAG_database_part1_UK/suspicious_glaucoma/image/2321.jpg,Glaucoma,4
T3_LAG,/kaggle/input/datasets/rayeedaabir/lag-database-part1-uk/LAG_database_part1_UK/suspicious_glaucoma/image/3369.jpg,Glaucoma,T3_LAG,/kaggle/input/datasets/rayeedaabir/lag-database-part1-uk/LAG_database_part1_UK/suspicious_glaucoma/image/0388.jpg,Glaucoma,4
T3_LAG,/kaggle/input/datasets/rayeedaabir/lag-database-part1-uk/LAG_database_part1_UK/suspicious_glaucoma/image/3382.jpg,Glaucoma,T3_LAG,/kaggle/input/datasets/rayeedaabir/lag-database-part1-uk/LAG_database_part1_UK/suspicious_glaucoma/image/0275.jpg,Glaucoma,2
T3_LAG,/kaggle/input/datasets/rayeedaabir/lag-database-part1-uk/LAG_database_part1_UK/suspicious_glaucoma/image/3385.jpg,Glaucoma,T3_LAG,/kaggle/input/datasets/rayeedaabir/lag-database-part1-uk/LAG_database_part1_UK/non_glaucoma/image/4286.jpg,Normal,4
T3_LAG,/kaggle/input/datasets/rayeedaabir/lag-database-part1-uk/LAG_database_part1_UK/suspicious_glaucoma/image/3400.jpg,Glaucoma,T3_LAG,/kaggle/input/datasets/rayeedaabir/lag-database-part1-uk/LAG_database_part1_UK/suspicious_glaucoma/image/0548.jpg,Glaucoma,4
T3_LAG,/kaggle/input/datasets/rayeedaabir/lag-database-part1-uk/LAG_database_part1_UK/suspicious_glaucoma/image/3410.jpg,Glaucoma,T3_LAG,/kaggle/input/datasets/rayeedaabir/lag-database-part1-uk/LAG_database_part1_UK/non_glaucoma/image/2295.jpg,Normal,4
T3_LAG,/kaggle/input/datasets/rayeedaabir/lag-database-part1-uk/LAG_database_part1_UK/suspicious_glaucoma/image/3421.jpg,Glaucoma,T3_LAG,/kaggle/input/datasets/rayeedaabir/lag-database-part1-uk/LAG_database_part1_UK/suspicious_glaucoma/image/0578.jpg,Glaucoma,4
T3_LAG,/kaggle/input/datasets/rayeedaabir/lag-database-part1-uk/LAG_database_part1_UK/suspicious_glaucoma/image/3425.jpg,Glaucoma,T3_LAG,/kaggle/input/datasets/rayeedaabir/lag-database-part1-uk/LAG_database_part1_UK/non_glaucoma/image/1968.jpg,Normal,4
T3_LAG,/kaggle/input/datasets/rayeedaabir/lag-database-part1-uk/LAG_database_part1_UK/suspicious_glaucoma/image/3429.jpg,Glaucoma,T3_LAG,/kaggle/input/datasets/rayeedaabir/lag-database-part1-uk/LAG_database_part1_UK/suspicious_glaucoma/image/0126.jpg,Glaucoma,4
T3_LAG,/kaggle/input/datasets/rayeedaabir/lag-database-part1-uk/LAG_database_part1_UK/suspicious_glaucoma/image/3430.jpg,Glaucoma,T3_LAG,/kaggle/input/datasets/rayeedaabir/lag-database-part1-uk/LAG_database_part1_UK/suspicious_glaucoma/image/0262.jpg,Glaucoma,4
T3_LAG,/kaggle/input/datasets/rayeedaabir/lag-database-part1-uk/LAG_database_part1_UK/suspicious_glaucoma/image/3478.jpg,Glaucoma,T3_LAG,/kaggle/input/datasets/rayeedaabir/lag-database-part1-uk/LAG_database_part1_UK/non_glaucoma/image/3015.jpg,Normal,4
T3_LAG,/kaggle/input/datasets/rayeedaabir/lag-database-part1-uk/LAG_database_part1_UK/suspicious_glaucoma/image/3482.jpg,Glaucoma,T3_LAG,/kaggle/input/datasets/rayeedaabir/lag-database-part1-uk/LAG_database_part1_UK/non_glaucoma/image/0839.jpg,Normal,4
T3_LAG,/kaggle/input/datasets/rayeedaabir/lag-database-part1-uk/LAG_database_part1_UK/suspicious_glaucoma/image/3511.jpg,Glaucoma,T3_LAG,/kaggle/input/datasets/rayeedaabir/lag-database-part1-uk/LAG_database_part1_UK/suspicious_glaucoma/image/1249.jpg,Glaucoma,4
T3_LAG,/kaggle/input/datasets/rayeedaabir/lag-database-part1-uk/LAG_database_part1_UK/suspicious_glaucoma/image/3513.jpg,Glaucoma,T3_LAG,/kaggle/input/datasets/rayeedaabir/lag-database-part1-uk/LAG_database_part1_UK/non_glaucoma/image/0669.jpg,Normal,4
T3_LAG,/kaggle/input/datasets/rayeedaabir/lag-database-part1-uk/LAG_database_part1_UK/suspicious_glaucoma/image/3551.jpg,Glaucoma,T3_LAG,/kaggle/input/datasets/rayeedaabir/lag-database-part1-uk/LAG_database_part1_UK/suspicious_glaucoma/image/2848.jpg,Glaucoma,4
T3_LAG,/kaggle/input/datasets/rayeedaabir/lag-database-part1-uk/LAG_database_part1_UK/suspicious_glaucoma/image/3613.jpg,Glaucoma,T3_LAG,/kaggle/input/datasets/rayeedaabir/lag-database-part1-uk/LAG_database_part1_UK/non_glaucoma/image/1236.jpg,Normal,4
T3_LAG,/kaggle/input/datasets/rayeedaabir/lag-database-part1-uk/LAG_database_part1_UK/suspicious_glaucoma/image/3624.jpg,Glaucoma,T3_LAG,/kaggle/input/datasets/rayeedaabir/lag-database-part1-uk/LAG_database_part1_UK/non_glaucoma/image/3740.jpg,Normal,4
T3_LAG,/kaggle/input/datasets/rayeedaabir/lag-database-part1-uk/LAG_database_part1_UK/suspicious_glaucoma/image/3642.jpg,Glaucoma,T3_LAG,/kaggle/input/datasets/rayeedaabir/lag-database-part1-uk/LAG_database_part1_UK/suspicious_glaucoma/image/0191.jpg,Glaucoma,4
T3_LAG,/kaggle/input/datasets/rayeedaabir/lag-database-part1-uk/LAG_database_part1_UK/suspicious_glaucoma/image/3707.jpg,Glaucoma,T3_LAG,/kaggle/input/datasets/rayeedaabir/lag-database-part1-uk/LAG_database_part1_UK/suspicious_glaucoma/image/2560.jpg,Glaucoma,4
T3_LAG,/kaggle/input/datasets/rayeedaabir/lag-database-part1-uk/LAG_database_part1_UK/suspicious_glaucoma/image/3721.jpg,Glaucoma,T3_LAG,/kaggle/input/datasets/rayeedaabir/lag-database-part1-uk/LAG_database_part1_UK/suspicious_glaucoma/image/3436.jpg,Glaucoma,4
T3_LAG,/kaggle/input/datasets/rayeedaabir/lag-database-part1-uk/LAG_database_part1_UK/suspicious_glaucoma/image/3725.jpg,Glaucoma,T3_LAG,/kaggle/input/datasets/rayeedaabir/lag-database-part1-uk/LAG_database_part1_UK/suspicious_glaucoma/image/2961.jpg,Glaucoma,4
T3_LAG,/kaggle/input/datasets/rayeedaabir/lag-database-part1-uk/LAG_database_part1_UK/suspicious_glaucoma/image/3732.jpg,Glaucoma,T3_LAG,/kaggle/input/datasets/rayeedaabir/lag-database-part1-uk/LAG_database_part1_UK/suspicious_glaucoma/image/0939.jpg,Glaucoma,2
T3_LAG,/kaggle/input/datasets/rayeedaabir/lag-database-part1-uk/LAG_database_part1_UK/suspicious_glaucoma/image/3769.jpg,Glaucoma,T3_LAG,/kaggle/input/datasets/rayeedaabir/lag-database-part1-uk/LAG_database_part1_UK/suspicious_glaucoma/image/2961.jpg,Glaucoma,4
T3_LAG,/kaggle/input/datasets/rayeedaabir/lag-database-part1-uk/LAG_database_part1_UK/suspicious_glaucoma/image/3774.jpg,Glaucoma,T3_LAG,/kaggle/input/datasets/rayeedaabir/lag-database-part1-uk/LAG_database_part1_UK/suspicious_glaucoma/image/0770.jpg,Glaucoma,2
T3_LAG,/kaggle/input/datasets/rayeedaabir/lag-database-part1-uk/LAG_database_part1_UK/suspicious_glaucoma/image/3818.jpg,Glaucoma,T1_APTOS,/kaggle/input/datasets/mariaherrerot/aptos2019/train_images/train_images/7356dd08b0ae.png,Moderate DR,4
T3_LAG,/kaggle/input/datasets/rayeedaabir/lag-database-part1-uk/LAG_database_part1_UK/suspicious_glaucoma/image/3836.jpg,Glaucoma,T3_LAG,/kaggle/input/datasets/rayeedaabir/lag-database-part1-uk/LAG_database_part1_UK/suspicious_glaucoma/image/0047.jpg,Glaucoma,4
T3_LAG,/kaggle/input/datasets/rayeedaabir/lag-database-part1-uk/LAG_database_part1_UK/suspicious_glaucoma/image/3883.jpg,Glaucoma,T3_LAG,/kaggle/input/datasets/rayeedaabir/lag-database-part1-uk/LAG_database_part1_UK/suspicious_glaucoma/image/2321.jpg,Glaucoma,2
T3_LAG,/kaggle/input/datasets/rayeedaabir/lag-database-part1-uk/LAG_database_part1_UK/suspicious_glaucoma/image/3887.jpg,Glaucoma,T3_LAG,/kaggle/input/datasets/rayeedaabir/lag-database-part1-uk/LAG_database_part1_UK/suspicious_glaucoma/image/2989.jpg,Glaucoma,4
T3_LAG,/kaggle/input/datasets/rayeedaabir/lag-database-part1-uk/LAG_database_part1_UK/suspicious_glaucoma/image/3897.jpg,Glaucoma,T3_LAG,/kaggle/input/datasets/rayeedaabir/lag-database-part1-uk/LAG_database_part1_UK/suspicious_glaucoma/image/0770.jpg,Glaucoma,2
T3_LAG,/kaggle/input/datasets/rayeedaabir/lag-database-part1-uk/LAG_database_part1_UK/suspicious_glaucoma/image/3949.jpg,Glaucoma,T3_LAG,/kaggle/input/datasets/rayeedaabir/lag-database-part1-uk/LAG_database_part1_UK/suspicious_glaucoma/image/2486.jpg,Glaucoma,4
T3_LAG,/kaggle/input/datasets/rayeedaabir/lag-database-part1-uk/LAG_database_part1_UK/suspicious_glaucoma/image/3950.jpg,Glaucoma,T3_LAG,/kaggle/input/datasets/rayeedaabir/lag-database-part1-uk/LAG_database_part1_UK/suspicious_glaucoma/image/1253.jpg,Glaucoma,4
T3_LAG,/kaggle/input/datasets/rayeedaabir/lag-database-part1-uk/LAG_database_part1_UK/suspicious_glaucoma/image/3952.jpg,Glaucoma,T3_LAG,/kaggle/input/datasets/rayeedaabir/lag-database-part1-uk/LAG_database_part1_UK/suspicious_glaucoma/image/0030.jpg,Glaucoma,4
T3_LAG,/kaggle/input/datasets/rayeedaabir/lag-database-part1-uk/LAG_database_part1_UK/suspicious_glaucoma/image/3959.jpg,Glaucoma,T3_LAG,/kaggle/input/datasets/rayeedaabir/lag-database-part1-uk/LAG_database_part1_UK/suspicious_glaucoma/image/0177.jpg,Glaucoma,4
T3_LAG,/kaggle/input/datasets/rayeedaabir/lag-database-part1-uk/LAG_database_part1_UK/suspicious_glaucoma/image/3998.jpg,Glaucoma,T3_LAG,/kaggle/input/datasets/rayeedaabir/lag-database-part1-uk/LAG_database_part1_UK/non_glaucoma/image/0642.jpg,Normal,4
T3_LAG,/kaggle/input/datasets/rayeedaabir/lag-database-part1-uk/LAG_database_part1_UK/suspicious_glaucoma/image/4017.jpg,Glaucoma,T3_LAG,/kaggle/input/datasets/rayeedaabir/lag-database-part1-uk/LAG_database_part1_UK/suspicious_glaucoma/image/3350.jpg,Glaucoma,4
T3_LAG,/kaggle/input/datasets/rayeedaabir/lag-database-part1-uk/LAG_database_part1_UK/suspicious_glaucoma/image/4066.jpg,Glaucoma,T1_APTOS,/kaggle/input/datasets/mariaherrerot/aptos2019/test_images/test_images/e5197d77ec68.png,No DR,4
T3_LAG,/kaggle/input/datasets/rayeedaabir/lag-database-part1-uk/LAG_database_part1_UK/suspicious_glaucoma/image/4081.jpg,Glaucoma,T3_LAG,/kaggle/input/datasets/rayeedaabir/lag-database-part1-uk/LAG_database_part1_UK/suspicious_glaucoma/image/3517.jpg,Glaucoma,4
T3_LAG,/kaggle/input/datasets/rayeedaabir/lag-database-part1-uk/LAG_database_part1_UK/suspicious_glaucoma/image/4084.jpg,Glaucoma,T3_LAG,/kaggle/input/datasets/rayeedaabir/lag-database-part1-uk/LAG_database_part1_UK/suspicious_glaucoma/image/2156.jpg,Glaucoma,4
T3_LAG,/kaggle/input/datasets/rayeedaabir/lag-database-part1-uk/LAG_database_part1_UK/suspicious_glaucoma/image/4093.jpg,Glaucoma,T3_LAG,/kaggle/input/datasets/rayeedaabir/lag-database-part1-uk/LAG_database_part1_UK/suspicious_glaucoma/image/1335.jpg,Glaucoma,4
T3_LAG,/kaggle/input/datasets/rayeedaabir/lag-database-part1-uk/LAG_database_part1_UK/suspicious_glaucoma/image/4108.jpg,Glaucoma,T3_LAG,/kaggle/input/datasets/rayeedaabir/lag-database-part1-uk/LAG_database_part1_UK/suspicious_glaucoma/image/3991.jpg,Glaucoma,4
T3_LAG,/kaggle/input/datasets/rayeedaabir/lag-database-part1-uk/LAG_database_part1_UK/suspicious_glaucoma/image/4126.jpg,Glaucoma,T3_LAG,/kaggle/input/datasets/rayeedaabir/lag-database-part1-uk/LAG_database_part1_UK/suspicious_glaucoma/image/2049.jpg,Glaucoma,4
T3_LAG,/kaggle/input/datasets/rayeedaabir/lag-database-part1-uk/LAG_database_part1_UK/suspicious_glaucoma/image/4137.jpg,Glaucoma,T3_LAG,/kaggle/input/datasets/rayeedaabir/lag-database-part1-uk/LAG_database_part1_UK/suspicious_glaucoma/image/2695.jpg,Glaucoma,4
T3_LAG,/kaggle/input/datasets/rayeedaabir/lag-database-part1-uk/LAG_database_part1_UK/suspicious_glaucoma/image/4139.jpg,Glaucoma,T3_LAG,/kaggle/input/datasets/rayeedaabir/lag-database-part1-uk/LAG_database_part1_UK/suspicious_glaucoma/image/3916.jpg,Glaucoma,4
T3_LAG,/kaggle/input/datasets/rayeedaabir/lag-database-part1-uk/LAG_database_part1_UK/suspicious_glaucoma/image/4144.jpg,Glaucoma,T3_LAG,/kaggle/input/datasets/rayeedaabir/lag-database-part1-uk/LAG_database_part1_UK/suspicious_glaucoma/image/0922.jpg,Glaucoma,2
T3_LAG,/kaggle/input/datasets/rayeedaabir/lag-database-part1-uk/LAG_database_part1_UK/suspicious_glaucoma/image/4235.jpg,Glaucoma,T1_APTOS,/kaggle/input/datasets/mariaherrerot/aptos2019/train_images/train_images/7356dd08b0ae.png,Moderate DR,4
T3_LAG,/kaggle/input/datasets/rayeedaabir/lag-database-part1-uk/LAG_database_part1_UK/suspicious_glaucoma/image/4259.jpg,Glaucoma,T3_LAG,/kaggle/input/datasets/rayeedaabir/lag-database-part1-uk/LAG_database_part1_UK/non_glaucoma/image/1614.jpg,Normal,4
T3_LAG,/kaggle/input/datasets/rayeedaabir/lag-database-part1-uk/LAG_database_part1_UK/suspicious_glaucoma/image/4280.jpg,Glaucoma,T3_LAG,/kaggle/input/datasets/rayeedaabir/lag-database-part1-uk/LAG_database_part1_UK/suspicious_glaucoma/image/0578.jpg,Glaucoma,2
T3_LAG,/kaggle/input/datasets/rayeedaabir/lag-database-part1-uk/LAG_database_part1_UK/suspicious_glaucoma/image/4340.jpg,Glaucoma,T3_LAG,/kaggle/input/datasets/rayeedaabir/lag-database-part1-uk/LAG_database_part1_UK/suspicious_glaucoma/image/1069.jpg,Glaucoma,4
T3_LAG,/kaggle/input/datasets/rayeedaabir/lag-database-part1-uk/LAG_database_part1_UK/suspicious_glaucoma/image/4351.jpg,Glaucoma,T3_LAG,/kaggle/input/datasets/rayeedaabir/lag-database-part1-uk/LAG_database_part1_UK/suspicious_glaucoma/image/3801.jpg,Glaucoma,4
T3_LAG,/kaggle/input/datasets/rayeedaabir/lag-database-part1-uk/LAG_database_part1_UK/suspicious_glaucoma/image/4353.jpg,Glaucoma,T3_LAG,/kaggle/input/datasets/rayeedaabir/lag-database-part1-uk/LAG_database_part1_UK/suspicious_glaucoma/image/1417.jpg,Glaucoma,4
T3_LAG,/kaggle/input/datasets/rayeedaabir/lag-database-part1-uk/LAG_database_part1_UK/suspicious_glaucoma/image/4369.jpg,Glaucoma,T3_LAG,/kaggle/input/datasets/rayeedaabir/lag-database-part1-uk/LAG_database_part1_UK/non_glaucoma/image/4535.jpg,Normal,4
T3_LAG,/kaggle/input/datasets/rayeedaabir/lag-database-part1-uk/LAG_database_part1_UK/suspicious_glaucoma/image/4396.jpg,Glaucoma,T3_LAG,/kaggle/input/datasets/rayeedaabir/lag-database-part1-uk/LAG_database_part1_UK/suspicious_glaucoma/image/3691.jpg,Glaucoma,4
T3_LAG,/kaggle/input/datasets/rayeedaabir/lag-database-part1-uk/LAG_database_part1_UK/suspicious_glaucoma/image/4415.jpg,Glaucoma,T3_LAG,/kaggle/input/datasets/rayeedaabir/lag-database-part1-uk/LAG_database_part1_UK/suspicious_glaucoma/image/0770.jpg,Glaucoma,4
T3_LAG,/kaggle/input/datasets/rayeedaabir/lag-database-part1-uk/LAG_database_part1_UK/suspicious_glaucoma/image/4429.jpg,Glaucoma,T3_LAG,/kaggle/input/datasets/rayeedaabir/lag-database-part1-uk/LAG_database_part1_UK/suspicious_glaucoma/image/2321.jpg,Glaucoma,4
T3_LAG,/kaggle/input/datasets/rayeedaabir/lag-database-part1-uk/LAG_database_part1_UK/suspicious_glaucoma/image/4439.jpg,Glaucoma,T1_APTOS,/kaggle/input/datasets/mariaherrerot/aptos2019/train_images/train_images/c56e65f74187.png,Mild DR,2
T3_LAG,/kaggle/input/datasets/rayeedaabir/lag-database-part1-uk/LAG_database_part1_UK/suspicious_glaucoma/image/4445.jpg,Glaucoma,T3_LAG,/kaggle/input/datasets/rayeedaabir/lag-database-part1-uk/LAG_database_part1_UK/non_glaucoma/image/0322.jpg,Normal,4
T3_LAG,/kaggle/input/datasets/rayeedaabir/lag-database-part1-uk/LAG_database_part1_UK/suspicious_glaucoma/image/4448.jpg,Glaucoma,T3_LAG,/kaggle/input/datasets/rayeedaabir/lag-database-part1-uk/LAG_database_part1_UK/suspicious_glaucoma/image/2049.jpg,Glaucoma,4
T3_LAG,/kaggle/input/datasets/rayeedaabir/lag-database-part1-uk/LAG_database_part1_UK/suspicious_glaucoma/image/4473.jpg,Glaucoma,T3_LAG,/kaggle/input/datasets/rayeedaabir/lag-database-part1-uk/LAG_database_part1_UK/non_glaucoma/image/2664.jpg,Normal,4
T3_LAG,/kaggle/input/datasets/rayeedaabir/lag-database-part1-uk/LAG_database_part1_UK/suspicious_glaucoma/image/4488.jpg,Glaucoma,T3_LAG,/kaggle/input/datasets/rayeedaabir/lag-database-part1-uk/LAG_database_part1_UK/suspicious_glaucoma/image/1787.jpg,Glaucoma,4
T3_LAG,/kaggle/input/datasets/rayeedaabir/lag-database-part1-uk/LAG_database_part1_UK/suspicious_glaucoma/image/4489.jpg,Glaucoma,T3_LAG,/kaggle/input/datasets/rayeedaabir/lag-database-part1-uk/LAG_database_part1_UK/non_glaucoma/image/0704.jpg,Normal,4
T3_LAG,/kaggle/input/datasets/rayeedaabir/lag-database-part1-uk/LAG_database_part1_UK/suspicious_glaucoma/image/4494.jpg,Glaucoma,T3_LAG,/kaggle/input/datasets/rayeedaabir/lag-database-part1-uk/LAG_database_part1_UK/suspicious_glaucoma/image/1408.jpg,Glaucoma,4
T3_LAG,/kaggle/input/datasets/rayeedaabir/lag-database-part1-uk/LAG_database_part1_UK/suspicious_glaucoma/image/4512.jpg,Glaucoma,T3_LAG,/kaggle/input/datasets/rayeedaabir/lag-database-part1-uk/LAG_database_part1_UK/non_glaucoma/image/0980.jpg,Normal,4
T3_LAG,/kaggle/input/datasets/rayeedaabir/lag-database-part1-uk/LAG_database_part1_UK/suspicious_glaucoma/image/4522.jpg,Glaucoma,T3_LAG,/kaggle/input/datasets/rayeedaabir/lag-database-part1-uk/LAG_database_part1_UK/non_glaucoma/image/3015.jpg,Normal,4
T3_LAG,/kaggle/input/datasets/rayeedaabir/lag-database-part1-uk/LAG_database_part1_UK/suspicious_glaucoma/image/4552.jpg,Glaucoma,T3_LAG,/kaggle/input/datasets/rayeedaabir/lag-database-part1-uk/LAG_database_part1_UK/suspicious_glaucoma/image/0257.jpg,Glaucoma,4
T3_LAG,/kaggle/input/datasets/rayeedaabir/lag-database-part1-uk/LAG_database_part1_UK/suspicious_glaucoma/image/4563.jpg,Glaucoma,T3_LAG,/kaggle/input/datasets/rayeedaabir/lag-database-part1-uk/LAG_database_part1_UK/suspicious_glaucoma/image/3364.jpg,Glaucoma,4
T3_LAG,/kaggle/input/datasets/rayeedaabir/lag-database-part1-uk/LAG_database_part1_UK/suspicious_glaucoma/image/4584.jpg,Glaucoma,T3_LAG,/kaggle/input/datasets/rayeedaabir/lag-database-part1-uk/LAG_database_part1_UK/suspicious_glaucoma/image/2051.jpg,Glaucoma,4
T3_LAG,/kaggle/input/datasets/rayeedaabir/lag-database-part1-uk/LAG_database_part1_UK/suspicious_glaucoma/image/4599.jpg,Glaucoma,T3_LAG,/kaggle/input/datasets/rayeedaabir/lag-database-part1-uk/LAG_database_part1_UK/suspicious_glaucoma/image/1380.jpg,Glaucoma,2
T3_LAG,/kaggle/input/datasets/rayeedaabir/lag-database-part1-uk/LAG_database_part1_UK/suspicious_glaucoma/image/4608.jpg,Glaucoma,T3_LAG,/kaggle/input/datasets/rayeedaabir/lag-database-part1-uk/LAG_database_part1_UK/suspicious_glaucoma/image/2798.jpg,Glaucoma,4
T3_LAG,/kaggle/input/datasets/rayeedaabir/lag-database-part1-uk/LAG_database_part1_UK/suspicious_glaucoma/image/4624.jpg,Glaucoma,T3_LAG,/kaggle/input/datasets/rayeedaabir/lag-database-part1-uk/LAG_database_part1_UK/suspicious_glaucoma/image/1030.jpg,Glaucoma,4
T3_LAG,/kaggle/input/datasets/rayeedaabir/lag-database-part1-uk/LAG_database_part1_UK/suspicious_glaucoma/image/4669.jpg,Glaucoma,T3_LAG,/kaggle/input/datasets/rayeedaabir/lag-database-part1-uk/LAG_database_part1_UK/suspicious_glaucoma/image/4180.jpg,Glaucoma,4
T3_LAG,/kaggle/input/datasets/rayeedaabir/lag-database-part1-uk/LAG_database_part1_UK/suspicious_glaucoma/image/4677.jpg,Glaucoma,T3_LAG,/kaggle/input/datasets/rayeedaabir/lag-database-part1-uk/LAG_database_part1_UK/suspicious_glaucoma/image/3581.jpg,Glaucoma,4
T3_LAG,/kaggle/input/datasets/rayeedaabir/lag-database-part1-uk/LAG_database_part1_UK/suspicious_glaucoma/image/4681.jpg,Glaucoma,T3_LAG,/kaggle/input/datasets/rayeedaabir/lag-database-part1-uk/LAG_database_part1_UK/suspicious_glaucoma/image/3650.jpg,Glaucoma,4
T3_LAG,/kaggle/input/datasets/rayeedaabir/lag-database-part1-uk/LAG_database_part1_UK/suspicious_glaucoma/image/4709.jpg,Glaucoma,T3_LAG,/kaggle/input/datasets/rayeedaabir/lag-database-part1-uk/LAG_database_part1_UK/non_glaucoma/image/0513.jpg,Normal,4
T3_LAG,/kaggle/input/datasets/rayeedaabir/lag-database-part1-uk/LAG_database_part1_UK/suspicious_glaucoma/image/4714.jpg,Glaucoma,T3_LAG,/kaggle/input/datasets/rayeedaabir/lag-database-part1-uk/LAG_database_part1_UK/non_glaucoma/image/0074.jpg,Normal,4
T3_LAG,/kaggle/input/datasets/rayeedaabir/lag-database-part1-uk/LAG_database_part1_UK/suspicious_glaucoma/image/4738.jpg,Glaucoma,T3_LAG,/kaggle/input/datasets/rayeedaabir/lag-database-part1-uk/LAG_database_part1_UK/non_glaucoma/image/2071.jpg,Normal,2
T3_LAG,/kaggle/input/datasets/rayeedaabir/lag-database-part1-uk/LAG_database_part1_UK/suspicious_glaucoma/image/4744.jpg,Glaucoma,T3_LAG,/kaggle/input/datasets/rayeedaabir/lag-database-part1-uk/LAG_database_part1_UK/suspicious_glaucoma/image/2791.jpg,Glaucoma,2
T3_LAG,/kaggle/input/datasets/rayeedaabir/lag-database-part1-uk/LAG_database_part1_UK/suspicious_glaucoma/image/4745.jpg,Glaucoma,T3_LAG,/kaggle/input/datasets/rayeedaabir/lag-database-part1-uk/LAG_database_part1_UK/suspicious_glaucoma/image/2953.jpg,Glaucoma,2
T3_LAG,/kaggle/input/datasets/rayeedaabir/lag-database-part1-uk/LAG_database_part1_UK/suspicious_glaucoma/image/4775.jpg,Glaucoma,T3_LAG,/kaggle/input/datasets/rayeedaabir/lag-database-part1-uk/LAG_database_part1_UK/suspicious_glaucoma/image/1293.jpg,Glaucoma,4
T3_LAG,/kaggle/input/datasets/rayeedaabir/lag-database-part1-uk/LAG_database_part1_UK/suspicious_glaucoma/image/4803.jpg,Glaucoma,T3_LAG,/kaggle/input/datasets/rayeedaabir/lag-database-part1-uk/LAG_database_part1_UK/suspicious_glaucoma/image/3843.jpg,Glaucoma,4
T3_LAG,/kaggle/input/datasets/rayeedaabir/lag-database-part1-uk/LAG_database_part1_UK/suspicious_glaucoma/image/4814.jpg,Glaucoma,T3_LAG,/kaggle/input/datasets/rayeedaabir/lag-database-part1-uk/LAG_database_part1_UK/suspicious_glaucoma/image/2321.jpg,Glaucoma,4
T3_LAG,/kaggle/input/datasets/rayeedaabir/lag-database-part1-uk/LAG_database_part1_UK/suspicious_glaucoma/image/4816.jpg,Glaucoma,T3_LAG,/kaggle/input/datasets/rayeedaabir/lag-database-part1-uk/LAG_database_part1_UK/suspicious_glaucoma/image/0496.jpg,Glaucoma,4
T3_LAG,/kaggle/input/datasets/rayeedaabir/lag-database-part1-uk/LAG_database_part1_UK/suspicious_glaucoma/image/4825.jpg,Glaucoma,T3_LAG,/kaggle/input/datasets/rayeedaabir/lag-database-part1-uk/LAG_database_part1_UK/suspicious_glaucoma/image/1813.jpg,Glaucoma,4
T3_LAG,/kaggle/input/datasets/rayeedaabir/lag-database-part1-uk/LAG_database_part1_UK/suspicious_glaucoma/image/4833.jpg,Glaucoma,T3_LAG,/kaggle/input/datasets/rayeedaabir/lag-database-part1-uk/LAG_database_part1_UK/suspicious_glaucoma/image/0798.jpg,Glaucoma,4
T3_LAG,/kaggle/input/datasets/rayeedaabir/lag-database-part1-uk/LAG_database_part1_UK/suspicious_glaucoma/image/4839.jpg,Glaucoma,T3_LAG,/kaggle/input/datasets/rayeedaabir/lag-database-part1-uk/LAG_database_part1_UK/suspicious_glaucoma/image/2134.jpg,Glaucoma,4
T3_LAG,/kaggle/input/datasets/rayeedaabir/lag-database-part1-uk/LAG_database_part1_UK/suspicious_glaucoma/image/4841.jpg,Glaucoma,T3_LAG,/kaggle/input/datasets/rayeedaabir/lag-database-part1-uk/LAG_database_part1_UK/suspicious_glaucoma/image/2986.jpg,Glaucoma,2
T3_LAG,/kaggle/input/datasets/rayeedaabir/lag-database-part1-uk/LAG_database_part1_UK/suspicious_glaucoma/image/4853.jpg,Glaucoma,T3_LAG,/kaggle/input/datasets/rayeedaabir/lag-database-part1-uk/LAG_database_part1_UK/suspicious_glaucoma/image/1502.jpg,Glaucoma,4
T3_LAG,/kaggle/input/datasets/rayeedaabir/lag-database-part1-uk/LAG_database_part1_UK/suspicious_glaucoma/image/4874.jpg,Glaucoma,T3_LAG,/kaggle/input/datasets/rayeedaabir/lag-database-part1-uk/LAG_database_part1_UK/suspicious_glaucoma/image/1945.jpg,Glaucoma,4
T3_LAG,/kaggle/input/datasets/rayeedaabir/lag-database-part1-uk/LAG_database_part1_UK/suspicious_glaucoma/image/4914.jpg,Glaucoma,T3_LAG,/kaggle/input/datasets/rayeedaabir/lag-database-part1-uk/LAG_database_part1_UK/non_glaucoma/image/0176.jpg,Normal,4
T3_LAG,/kaggle/input/datasets/rayeedaabir/lag-database-part1-uk/LAG_database_part1_UK/suspicious_glaucoma/image/4915.jpg,Glaucoma,T3_LAG,/kaggle/input/datasets/rayeedaabir/lag-database-part1-uk/LAG_database_part1_UK/suspicious_glaucoma/image/1254.jpg,Glaucoma,2
T3_LAG,/kaggle/input/datasets/rayeedaabir/lag-database-part1-uk/LAG_database_part1_UK/suspicious_glaucoma/image/4920.jpg,Glaucoma,T3_LAG,/kaggle/input/datasets/rayeedaabir/lag-database-part1-uk/LAG_database_part1_UK/non_glaucoma/image/4535.jpg,Normal,4
T3_LAG,/kaggle/input/datasets/rayeedaabir/lag-database-part1-uk/LAG_database_part1_UK/suspicious_glaucoma/image/4929.jpg,Glaucoma,T3_LAG,/kaggle/input/datasets/rayeedaabir/lag-database-part1-uk/LAG_database_part1_UK/suspicious_glaucoma/image/2908.jpg,Glaucoma,2
T3_LAG,/kaggle/input/datasets/rayeedaabir/lag-database-part1-uk/LAG_database_part1_UK/suspicious_glaucoma/image/4940.jpg,Glaucoma,T3_LAG,/kaggle/input/datasets/rayeedaabir/lag-database-part1-uk/LAG_database_part1_UK/suspicious_glaucoma/image/2754.jpg,Glaucoma,4
T3_LAG,/kaggle/input/datasets/rayeedaabir/lag-database-part1-uk/LAG_database_part1_UK/suspicious_glaucoma/image/4970.jpg,Glaucoma,T3_LAG,/kaggle/input/datasets/rayeedaabir/lag-database-part1-uk/LAG_database_part1_UK/suspicious_glaucoma/image/1450.jpg,Glaucoma,4
T3_LAG,/kaggle/input/datasets/rayeedaabir/lag-database-part1-uk/LAG_database_part1_UK/suspicious_glaucoma/image/4985.jpg,Glaucoma,T3_LAG,/kaggle/input/datasets/rayeedaabir/lag-database-part1-uk/LAG_database_part1_UK/suspicious_glaucoma/image/4757.jpg,Glaucoma,4
T3_LAG,/kaggle/input/datasets/rayeedaabir/lag-database-part1-uk/LAG_database_part1_UK/suspicious_glaucoma/image/4996.jpg,Glaucoma,T3_LAG,/kaggle/input/datasets/rayeedaabir/lag-database-part1-uk/LAG_database_part1_UK/suspicious_glaucoma/image/2288.jpg,Glaucoma,2
T3_LAG,/kaggle/input/datasets/rayeedaabir/lag-database-part1-uk/LAG_database_part1_UK/suspicious_glaucoma/image/5012.jpg,Glaucoma,T3_LAG,/kaggle/input/datasets/rayeedaabir/lag-database-part1-uk/LAG_database_part1_UK/suspicious_glaucoma/image/1409.jpg,Glaucoma,4
T3_LAG,/kaggle/input/datasets/rayeedaabir/lag-database-part1-uk/LAG_database_part1_UK/suspicious_glaucoma/image/5032.jpg,Glaucoma,T3_LAG,/kaggle/input/datasets/rayeedaabir/lag-database-part1-uk/LAG_database_part1_UK/suspicious_glaucoma/image/3517.jpg,Glaucoma,4
T3_LAG,/kaggle/input/datasets/rayeedaabir/lag-database-part1-uk/LAG_database_part1_UK/suspicious_glaucoma/image/5075.jpg,Glaucoma,T3_LAG,/kaggle/input/datasets/rayeedaabir/lag-database-part1-uk/LAG_database_part1_UK/non_glaucoma/image/2071.jpg,Normal,4
T3_LAG,/kaggle/input/datasets/rayeedaabir/lag-database-part1-uk/LAG_database_part1_UK/suspicious_glaucoma/image/5085.jpg,Glaucoma,T3_LAG,/kaggle/input/datasets/rayeedaabir/lag-database-part1-uk/LAG_database_part1_UK/suspicious_glaucoma/image/0388.jpg,Glaucoma,4
T3_LAG,/kaggle/input/datasets/rayeedaabir/lag-database-part1-uk/LAG_database_part1_UK/suspicious_glaucoma/image/5100.jpg,Glaucoma,T3_LAG,/kaggle/input/datasets/rayeedaabir/lag-database-part1-uk/LAG_database_part1_UK/suspicious_glaucoma/image/2791.jpg,Glaucoma,4
T3_LAG,/kaggle/input/datasets/rayeedaabir/lag-database-part1-uk/LAG_database_part1_UK/suspicious_glaucoma/image/5105.jpg,Glaucoma,T3_LAG,/kaggle/input/datasets/rayeedaabir/lag-database-part1-uk/LAG_database_part1_UK/non_glaucoma/image/0839.jpg,Normal,4
T3_LAG,/kaggle/input/datasets/rayeedaabir/lag-database-part1-uk/LAG_database_part1_UK/suspicious_glaucoma/image/5107.jpg,Glaucoma,T3_LAG,/kaggle/input/datasets/rayeedaabir/lag-database-part1-uk/LAG_database_part1_UK/suspicious_glaucoma/image/0352.jpg,Glaucoma,4
T3_LAG,/kaggle/input/datasets/rayeedaabir/lag-database-part1-uk/LAG_database_part1_UK/suspicious_glaucoma/image/5119.jpg,Glaucoma,T3_LAG,/kaggle/input/datasets/rayeedaabir/lag-database-part1-uk/LAG_database_part1_UK/suspicious_glaucoma/image/5004.jpg,Glaucoma,4
T3_LAG,/kaggle/input/datasets/rayeedaabir/lag-database-part1-uk/LAG_database_part1_UK/suspicious_glaucoma/image/5120.jpg,Glaucoma,T3_LAG,/kaggle/input/datasets/rayeedaabir/lag-database-part1-uk/LAG_database_part1_UK/suspicious_glaucoma/image/0111.jpg,Glaucoma,4
T3_LAG,/kaggle/input/datasets/rayeedaabir/lag-database-part1-uk/LAG_database_part1_UK/suspicious_glaucoma/image/5133.jpg,Glaucoma,T3_LAG,/kaggle/input/datasets/rayeedaabir/lag-database-part1-uk/LAG_database_part1_UK/suspicious_glaucoma/image/0939.jpg,Glaucoma,4
T3_LAG,/kaggle/input/datasets/rayeedaabir/lag-database-part1-uk/LAG_database_part1_UK/suspicious_glaucoma/image/5143.jpg,Glaucoma,T3_LAG,/kaggle/input/datasets/rayeedaabir/lag-database-part1-uk/LAG_database_part1_UK/suspicious_glaucoma/image/1133.jpg,Glaucoma,4
T3_LAG,/kaggle/input/datasets/rayeedaabir/lag-database-part1-uk/LAG_database_part1_UK/suspicious_glaucoma/image/5145.jpg,Glaucoma,T3_LAG,/kaggle/input/datasets/rayeedaabir/lag-database-part1-uk/LAG_database_part1_UK/suspicious_glaucoma/image/4428.jpg,Glaucoma,4
T3_LAG,/kaggle/input/datasets/rayeedaabir/lag-database-part1-uk/LAG_database_part1_UK/suspicious_glaucoma/image/5156.jpg,Glaucoma,T3_LAG,/kaggle/input/datasets/rayeedaabir/lag-database-part1-uk/LAG_database_part1_UK/suspicious_glaucoma/image/1249.jpg,Glaucoma,4
T3_LAG,/kaggle/input/datasets/rayeedaabir/lag-database-part1-uk/LAG_database_part1_UK/suspicious_glaucoma/image/5175.jpg,Glaucoma,T3_LAG,/kaggle/input/datasets/rayeedaabir/lag-database-part1-uk/LAG_database_part1_UK/suspicious_glaucoma/image/1814.jpg,Glaucoma,4
T3_LAG,/kaggle/input/datasets/rayeedaabir/lag-database-part1-uk/LAG_database_part1_UK/suspicious_glaucoma/image/5183.jpg,Glaucoma,T3_LAG,/kaggle/input/datasets/rayeedaabir/lag-database-part1-uk/LAG_database_part1_UK/suspicious_glaucoma/image/2542.jpg,Glaucoma,4
T3_LAG,/kaggle/input/datasets/rayeedaabir/lag-database-part1-uk/LAG_database_part1_UK/suspicious_glaucoma/image/5184.jpg,Glaucoma,T3_LAG,/kaggle/input/datasets/rayeedaabir/lag-database-part1-uk/LAG_database_part1_UK/suspicious_glaucoma/image/3096.jpg,Glaucoma,4
T3_LAG,/kaggle/input/datasets/rayeedaabir/lag-database-part1-uk/LAG_database_part1_UK/suspicious_glaucoma/image/5207.jpg,Glaucoma,T1_APTOS,/kaggle/input/datasets/mariaherrerot/aptos2019/train_images/train_images/d15ca3469b87.png,Moderate DR,4
T3_LAG,/kaggle/input/datasets/rayeedaabir/lag-database-part1-uk/LAG_database_part1_UK/suspicious_glaucoma/image/5213.jpg,Glaucoma,T3_LAG,/kaggle/input/datasets/rayeedaabir/lag-database-part1-uk/LAG_database_part1_UK/suspicious_glaucoma/image/1375.jpg,Glaucoma,4
T3_LAG,/kaggle/input/datasets/rayeedaabir/lag-database-part1-uk/LAG_database_part1_UK/suspicious_glaucoma/image/5231.jpg,Glaucoma,T3_LAG,/kaggle/input/datasets/rayeedaabir/lag-database-part1-uk/LAG_database_part1_UK/non_glaucoma/image/1236.jpg,Normal,4
T3_LAG,/kaggle/input/datasets/rayeedaabir/lag-database-part1-uk/LAG_database_part1_UK/suspicious_glaucoma/image/5254.jpg,Glaucoma,T3_LAG,/kaggle/input/datasets/rayeedaabir/lag-database-part1-uk/LAG_database_part1_UK/non_glaucoma/image/4672.jpg,Normal,4
T3_LAG,/kaggle/input/datasets/rayeedaabir/lag-database-part1-uk/LAG_database_part1_UK/suspicious_glaucoma/image/5278.jpg,Glaucoma,T3_LAG,/kaggle/input/datasets/rayeedaabir/lag-database-part1-uk/LAG_database_part1_UK/suspicious_glaucoma/image/3751.jpg,Glaucoma,4
T3_LAG,/kaggle/input/datasets/rayeedaabir/lag-database-part1-uk/LAG_database_part1_UK/suspicious_glaucoma/image/5281.jpg,Glaucoma,T3_LAG,/kaggle/input/datasets/rayeedaabir/lag-database-part1-uk/LAG_database_part1_UK/suspicious_glaucoma/image/1375.jpg,Glaucoma,4
T3_LAG,/kaggle/input/datasets/rayeedaabir/lag-database-part1-uk/LAG_database_part1_UK/suspicious_glaucoma/image/5282.jpg,Glaucoma,T3_LAG,/kaggle/input/datasets/rayeedaabir/lag-database-part1-uk/LAG_database_part1_UK/suspicious_glaucoma/image/0922.jpg,Glaucoma,4
T3_LAG,/kaggle/input/datasets/rayeedaabir/lag-database-part1-uk/LAG_database_part1_UK/suspicious_glaucoma/image/5286.jpg,Glaucoma,T3_LAG,/kaggle/input/datasets/rayeedaabir/lag-database-part1-uk/LAG_database_part1_UK/suspicious_glaucoma/image/1405.jpg,Glaucoma,4
T3_LAG,/kaggle/input/datasets/rayeedaabir/lag-database-part1-uk/LAG_database_part1_UK/suspicious_glaucoma/image/5304.jpg,Glaucoma,T3_LAG,/kaggle/input/datasets/rayeedaabir/lag-database-part1-uk/LAG_database_part1_UK/suspicious_glaucoma/image/2425.jpg,Glaucoma,4
T3_LAG,/kaggle/input/datasets/rayeedaabir/lag-database-part1-uk/LAG_database_part1_UK/suspicious_glaucoma/image/5317.jpg,Glaucoma,T3_LAG,/kaggle/input/datasets/rayeedaabir/lag-database-part1-uk/LAG_database_part1_UK/suspicious_glaucoma/image/2156.jpg,Glaucoma,4
T3_LAG,/kaggle/input/datasets/rayeedaabir/lag-database-part1-uk/LAG_database_part1_UK/suspicious_glaucoma/image/5335.jpg,Glaucoma,T1_APTOS,/kaggle/input/datasets/mariaherrerot/aptos2019/train_images/train_images/c56e65f74187.png,Mild DR,2
T3_LAG,/kaggle/input/datasets/rayeedaabir/lag-database-part1-uk/LAG_database_part1_UK/suspicious_glaucoma/image/5397.jpg,Glaucoma,T3_LAG,/kaggle/input/datasets/rayeedaabir/lag-database-part1-uk/LAG_database_part1_UK/suspicious_glaucoma/image/2321.jpg,Glaucoma,2
T3_LAG,/kaggle/input/datasets/rayeedaabir/lag-database-part1-uk/LAG_database_part1_UK/suspicious_glaucoma/image/5410.jpg,Glaucoma,T3_LAG,/kaggle/input/datasets/rayeedaabir/lag-database-part1-uk/LAG_database_part1_UK/suspicious_glaucoma/image/4556.jpg,Glaucoma,4
T3_LAG,/kaggle/input/datasets/rayeedaabir/lag-database-part1-uk/LAG_database_part1_UK/suspicious_glaucoma/image/5413.jpg,Glaucoma,T3_LAG,/kaggle/input/datasets/rayeedaabir/lag-database-part1-uk/LAG_database_part1_UK/suspicious_glaucoma/image/2022.jpg,Glaucoma,4
T3_LAG,/kaggle/input/datasets/rayeedaabir/lag-database-part1-uk/LAG_database_part1_UK/suspicious_glaucoma/image/5493.jpg,Glaucoma,T3_LAG,/kaggle/input/datasets/rayeedaabir/lag-database-part1-uk/LAG_database_part1_UK/non_glaucoma/image/3740.jpg,Normal,4
T3_LAG,/kaggle/input/datasets/rayeedaabir/lag-database-part1-uk/LAG_database_part1_UK/suspicious_glaucoma/image/5502.jpg,Glaucoma,T3_LAG,/kaggle/input/datasets/rayeedaabir/lag-database-part1-uk/LAG_database_part1_UK/suspicious_glaucoma/image/4082.jpg,Glaucoma,4
T3_LAG,/kaggle/input/datasets/rayeedaabir/lag-database-part1-uk/LAG_database_part1_UK/suspicious_glaucoma/image/5504.jpg,Glaucoma,T3_LAG,/kaggle/input/datasets/rayeedaabir/lag-database-part1-uk/LAG_database_part1_UK/non_glaucoma/image/2245.jpg,Normal,4
T3_LAG,/kaggle/input/datasets/rayeedaabir/lag-database-part1-uk/LAG_database_part1_UK/suspicious_glaucoma/image/5514.jpg,Glaucoma,T3_LAG,/kaggle/input/datasets/rayeedaabir/lag-database-part1-uk/LAG_database_part1_UK/suspicious_glaucoma/image/2931.jpg,Glaucoma,2
T3_LAG,/kaggle/input/datasets/rayeedaabir/lag-database-part1-uk/LAG_database_part1_UK/suspicious_glaucoma/image/5529.jpg,Glaucoma,T3_LAG,/kaggle/input/datasets/rayeedaabir/lag-database-part1-uk/LAG_database_part1_UK/non_glaucoma/image/0076.jpg,Normal,4
T3_LAG,/kaggle/input/datasets/rayeedaabir/lag-database-part1-uk/LAG_database_part1_UK/suspicious_glaucoma/image/5538.jpg,Glaucoma,T3_LAG,/kaggle/input/datasets/rayeedaabir/lag-database-part1-uk/LAG_database_part1_UK/non_glaucoma/image/4499.jpg,Normal,4
T3_LAG,/kaggle/input/datasets/rayeedaabir/lag-database-part1-uk/LAG_database_part1_UK/suspicious_glaucoma/image/5554.jpg,Glaucoma,T3_LAG,/kaggle/input/datasets/rayeedaabir/lag-database-part1-uk/LAG_database_part1_UK/suspicious_glaucoma/image/0939.jpg,Glaucoma,2
T3_LAG,/kaggle/input/datasets/rayeedaabir/lag-database-part1-uk/LAG_database_part1_UK/suspicious_glaucoma/image/5560.jpg,Glaucoma,T3_LAG,/kaggle/input/datasets/rayeedaabir/lag-database-part1-uk/LAG_database_part1_UK/suspicious_glaucoma/image/1335.jpg,Glaucoma,4
T3_LAG,/kaggle/input/datasets/rayeedaabir/lag-database-part1-uk/LAG_database_part1_UK/suspicious_glaucoma/image/5568.jpg,Glaucoma,T3_LAG,/kaggle/input/datasets/rayeedaabir/lag-database-part1-uk/LAG_database_part1_UK/suspicious_glaucoma/image/1244.jpg,Glaucoma,2
T3_LAG,/kaggle/input/datasets/rayeedaabir/lag-database-part1-uk/LAG_database_part1_UK/suspicious_glaucoma/image/5577.jpg,Glaucoma,T3_LAG,/kaggle/input/datasets/rayeedaabir/lag-database-part1-uk/LAG_database_part1_UK/suspicious_glaucoma/image/0866.jpg,Glaucoma,4
T3_LAG,/kaggle/input/datasets/rayeedaabir/lag-database-part1-uk/LAG_database_part1_UK/suspicious_glaucoma/image/5579.jpg,Glaucoma,T3_LAG,/kaggle/input/datasets/rayeedaabir/lag-database-part1-uk/LAG_database_part1_UK/non_glaucoma/image/2109.jpg,Normal,4
T3_LAG,/kaggle/input/datasets/rayeedaabir/lag-database-part1-uk/LAG_database_part1_UK/suspicious_glaucoma/image/5587.jpg,Glaucoma,T3_LAG,/kaggle/input/datasets/rayeedaabir/lag-database-part1-uk/LAG_database_part1_UK/non_glaucoma/image/1773.jpg,Normal,4
T3_LAG,/kaggle/input/datasets/rayeedaabir/lag-database-part1-uk/LAG_database_part1_UK/suspicious_glaucoma/image/5592.jpg,Glaucoma,T3_LAG,/kaggle/input/datasets/rayeedaabir/lag-database-part1-uk/LAG_database_part1_UK/suspicious_glaucoma/image/3517.jpg,Glaucoma,4
T3_LAG,/kaggle/input/datasets/rayeedaabir/lag-database-part1-uk/LAG_database_part1_UK/suspicious_glaucoma/image/5614.jpg,Glaucoma,T3_LAG,/kaggle/input/datasets/rayeedaabir/lag-database-part1-uk/LAG_database_part1_UK/suspicious_glaucoma/image/2839.jpg,Glaucoma,4
T3_LAG,/kaggle/input/datasets/rayeedaabir/lag-database-part1-uk/LAG_database_part1_UK/suspicious_glaucoma/image/5628.jpg,Glaucoma,T3_LAG,/kaggle/input/datasets/rayeedaabir/lag-database-part1-uk/LAG_database_part1_UK/suspicious_glaucoma/image/0548.jpg,Glaucoma,4
T3_LAG,/kaggle/input/datasets/rayeedaabir/lag-database-part1-uk/LAG_database_part1_UK/suspicious_glaucoma/image/5635.jpg,Glaucoma,T3_LAG,/kaggle/input/datasets/rayeedaabir/lag-database-part1-uk/LAG_database_part1_UK/suspicious_glaucoma/image/0612.jpg,Glaucoma,4
T3_LAG,/kaggle/input/datasets/rayeedaabir/lag-database-part1-uk/LAG_database_part1_UK/suspicious_glaucoma/image/5660.jpg,Glaucoma,T3_LAG,/kaggle/input/datasets/rayeedaabir/lag-database-part1-uk/LAG_database_part1_UK/suspicious_glaucoma/image/2486.jpg,Glaucoma,4
T3_LAG,/kaggle/input/datasets/rayeedaabir/lag-database-part1-uk/LAG_database_part1_UK/suspicious_glaucoma/image/5683.jpg,Glaucoma,T3_LAG,/kaggle/input/datasets/rayeedaabir/lag-database-part1-uk/LAG_database_part1_UK/suspicious_glaucoma/image/5656.jpg,Glaucoma,2
T3_LAG,/kaggle/input/datasets/rayeedaabir/lag-database-part1-uk/LAG_database_part1_UK/suspicious_glaucoma/image/5696.jpg,Glaucoma,T3_LAG,/kaggle/input/datasets/rayeedaabir/lag-database-part1-uk/LAG_database_part1_UK/non_glaucoma/image/0704.jpg,Normal,4
T3_LAG,/kaggle/input/datasets/rayeedaabir/lag-database-part1-uk/LAG_database_part1_UK/suspicious_glaucoma/image/5701.jpg,Glaucoma,T3_LAG,/kaggle/input/datasets/rayeedaabir/lag-database-part1-uk/LAG_database_part1_UK/suspicious_glaucoma/image/0982.jpg,Glaucoma,4
T3_LAG,/kaggle/input/datasets/rayeedaabir/lag-database-part1-uk/LAG_database_part1_UK/suspicious_glaucoma/image/5702.jpg,Glaucoma,T3_LAG,/kaggle/input/datasets/rayeedaabir/lag-database-part1-uk/LAG_database_part1_UK/non_glaucoma/image/5522.jpg,Normal,4
T3_LAG,/kaggle/input/datasets/rayeedaabir/lag-database-part1-uk/LAG_database_part1_UK/suspicious_glaucoma/image/5758.jpg,Glaucoma,T3_LAG,/kaggle/input/datasets/rayeedaabir/lag-database-part1-uk/LAG_database_part1_UK/suspicious_glaucoma/image/1247.jpg,Glaucoma,2
T3_LAG,/kaggle/input/datasets/rayeedaabir/lag-database-part1-uk/LAG_database_part1_UK/suspicious_glaucoma/image/5763.jpg,Glaucoma,T3_LAG,/kaggle/input/datasets/rayeedaabir/lag-database-part1-uk/LAG_database_part1_UK/non_glaucoma/image/0074.jpg,Normal,4
T3_LAG,/kaggle/input/datasets/rayeedaabir/lag-database-part1-uk/LAG_database_part1_UK/suspicious_glaucoma/image/5766.jpg,Glaucoma,T3_LAG,/kaggle/input/datasets/rayeedaabir/lag-database-part1-uk/LAG_database_part1_UK/suspicious_glaucoma/image/2605.jpg,Glaucoma,4
T3_LAG,/kaggle/input/datasets/rayeedaabir/lag-database-part1-uk/LAG_database_part1_UK/suspicious_glaucoma/image/5772.jpg,Glaucoma,T3_LAG,/kaggle/input/datasets/rayeedaabir/lag-database-part1-uk/LAG_database_part1_UK/suspicious_glaucoma/image/4779.jpg,Glaucoma,4
T3_LAG,/kaggle/input/datasets/rayeedaabir/lag-database-part1-uk/LAG_database_part1_UK/suspicious_glaucoma/image/5788.jpg,Glaucoma,T3_LAG,/kaggle/input/datasets/rayeedaabir/lag-database-part1-uk/LAG_database_part1_UK/suspicious_glaucoma/image/0177.jpg,Glaucoma,4
T3_LAG,/kaggle/input/datasets/rayeedaabir/lag-database-part1-uk/LAG_database_part1_UK/suspicious_glaucoma/image/5800.jpg,Glaucoma,T3_LAG,/kaggle/input/datasets/rayeedaabir/lag-database-part1-uk/LAG_database_part1_UK/suspicious_glaucoma/image/0939.jpg,Glaucoma,4
T3_LAG,/kaggle/input/datasets/rayeedaabir/lag-database-part1-uk/LAG_database_part1_UK/suspicious_glaucoma/image/5805.jpg,Glaucoma,T3_LAG,/kaggle/input/datasets/rayeedaabir/lag-database-part1-uk/LAG_database_part1_UK/suspicious_glaucoma/image/1508.jpg,Glaucoma,4
T3_LAG,/kaggle/input/datasets/rayeedaabir/lag-database-part1-uk/LAG_database_part1_UK/suspicious_glaucoma/image/5809.jpg,Glaucoma,T3_LAG,/kaggle/input/datasets/rayeedaabir/lag-database-part1-uk/LAG_database_part1_UK/suspicious_glaucoma/image/2571.jpg,Glaucoma,4
T3_LAG,/kaggle/input/datasets/rayeedaabir/lag-database-part1-uk/LAG_database_part1_UK/suspicious_glaucoma/image/5812.jpg,Glaucoma,T3_LAG,/kaggle/input/datasets/rayeedaabir/lag-database-part1-uk/LAG_database_part1_UK/suspicious_glaucoma/image/2798.jpg,Glaucoma,2
T3_LAG,/kaggle/input/datasets/rayeedaabir/lag-database-part1-uk/LAG_database_part1_UK/suspicious_glaucoma/image/5815.jpg,Glaucoma,T3_LAG,/kaggle/input/datasets/rayeedaabir/lag-database-part1-uk/LAG_database_part1_UK/suspicious_glaucoma/image/0177.jpg,Glaucoma,4
T3_LAG,/kaggle/input/datasets/rayeedaabir/lag-database-part1-uk/LAG_database_part1_UK/suspicious_glaucoma/image/5843.jpg,Glaucoma,T3_LAG,/kaggle/input/datasets/rayeedaabir/lag-database-part1-uk/LAG_database_part1_UK/non_glaucoma/image/1867.jpg,Normal,4
T4_HAM,/kaggle/input/datasets/rayeedaabir/ham10000-preprocessed/organized_ham10000/Actinic Keratoses/ISIC_0030387.jpg,Actinic Keratoses,T4_HAM,/kaggle/input/datasets/rayeedaabir/ham10000-preprocessed/organized_ham10000/Actinic Keratoses/ISIC_0024522.jpg,Actinic Keratoses,4
T4_HAM,/kaggle/input/datasets/rayeedaabir/ham10000-preprocessed/organized_ham10000/Basal Cell Carcinoma/ISIC_0029857.jpg,Basal Cell Carcinoma,T4_HAM,/kaggle/input/datasets/rayeedaabir/ham10000-preprocessed/organized_ham10000/Basal Cell Carcinoma/ISIC_0027819.jpg,Basal Cell Carcinoma,4
T4_HAM,/kaggle/input/datasets/rayeedaabir/ham10000-preprocessed/organized_ham10000/Benign Keratosis/ISIC_0028165.jpg,Benign Keratosis,T4_HAM,/kaggle/input/datasets/rayeedaabir/ham10000-preprocessed/organized_ham10000/Benign Keratosis/ISIC_0025434.jpg,Benign Keratosis,2
T4_HAM,/kaggle/input/datasets/rayeedaabir/ham10000-preprocessed/organized_ham10000/Benign Keratosis/ISIC_0029036.jpg,Benign Keratosis,T4_HAM,/kaggle/input/datasets/rayeedaabir/ham10000-preprocessed/organized_ham10000/Benign Keratosis/ISIC_0027027.jpg,Benign Keratosis,4
T4_HAM,/kaggle/input/datasets/rayeedaabir/ham10000-preprocessed/organized_ham10000/Benign Keratosis/ISIC_0029548.jpg,Benign Keratosis,T4_HAM,/kaggle/input/datasets/rayeedaabir/ham10000-preprocessed/organized_ham10000/Benign Keratosis/ISIC_0027989.jpg,Benign Keratosis,0
T4_HAM,/kaggle/input/datasets/rayeedaabir/ham10000-preprocessed/organized_ham10000/Benign Keratosis/ISIC_0031876.jpg,Benign Keratosis,T4_HAM,/kaggle/input/datasets/rayeedaabir/ham10000-preprocessed/organized_ham10000/Benign Keratosis/ISIC_0030542.jpg,Benign Keratosis,4
T4_HAM,/kaggle/input/datasets/rayeedaabir/ham10000-preprocessed/organized_ham10000/Benign Keratosis/ISIC_0033784.jpg,Benign Keratosis,T4_HAM,/kaggle/input/datasets/rayeedaabir/ham10000-preprocessed/organized_ham10000/Benign Keratosis/ISIC_0033307.jpg,Benign Keratosis,4
T4_HAM,/kaggle/input/datasets/rayeedaabir/ham10000-preprocessed/organized_ham10000/Dermatofibroma/ISIC_0030442.jpg,Dermatofibroma,T4_HAM,/kaggle/input/datasets/rayeedaabir/ham10000-preprocessed/organized_ham10000/Dermatofibroma/ISIC_0029248.jpg,Dermatofibroma,4
T4_HAM,/kaggle/input/datasets/rayeedaabir/ham10000-preprocessed/organized_ham10000/Dermatofibroma/ISIC_0031344.jpg,Dermatofibroma,T4_HAM,/kaggle/input/datasets/rayeedaabir/ham10000-preprocessed/organized_ham10000/Dermatofibroma/ISIC_0028346.jpg,Dermatofibroma,4
T4_HAM,/kaggle/input/datasets/rayeedaabir/ham10000-preprocessed/organized_ham10000/Melanocytic Nevi/ISIC_0024577.jpg,Melanocytic Nevi,T4_HAM,/kaggle/input/datasets/rayeedaabir/ham10000-preprocessed/organized_ham10000/Melanocytic Nevi/ISIC_0024437.jpg,Melanocytic Nevi,4
T4_HAM,/kaggle/input/datasets/rayeedaabir/ham10000-preprocessed/organized_ham10000/Melanocytic Nevi/ISIC_0024876.jpg,Melanocytic Nevi,T4_HAM,/kaggle/input/datasets/rayeedaabir/ham10000-preprocessed/organized_ham10000/Melanocytic Nevi/ISIC_0024704.jpg,Melanocytic Nevi,4
T4_HAM,/kaggle/input/datasets/rayeedaabir/ham10000-preprocessed/organized_ham10000/Melanocytic Nevi/ISIC_0024933.jpg,Melanocytic Nevi,T4_HAM,/kaggle/input/datasets/rayeedaabir/ham10000-preprocessed/organized_ham10000/Melanocytic Nevi/ISIC_0024704.jpg,Melanocytic Nevi,4
T4_HAM,/kaggle/input/datasets/rayeedaabir/ham10000-preprocessed/organized_ham10000/Melanocytic Nevi/ISIC_0025170.jpg,Melanocytic Nevi,T4_HAM,/kaggle/input/datasets/rayeedaabir/ham10000-preprocessed/organized_ham10000/Melanocytic Nevi/ISIC_0024520.jpg,Melanocytic Nevi,4
T4_HAM,/kaggle/input/datasets/rayeedaabir/ham10000-preprocessed/organized_ham10000/Melanocytic Nevi/ISIC_0025201.jpg,Melanocytic Nevi,T4_HAM,/kaggle/input/datasets/rayeedaabir/ham10000-preprocessed/organized_ham10000/Melanocytic Nevi/ISIC_0024326.jpg,Melanocytic Nevi,4
T4_HAM,/kaggle/input/datasets/rayeedaabir/ham10000-preprocessed/organized_ham10000/Melanocytic Nevi/ISIC_0025208.jpg,Melanocytic Nevi,T4_HAM,/kaggle/input/datasets/rayeedaabir/ham10000-preprocessed/organized_ham10000/Melanocytic Nevi/ISIC_0024538.jpg,Melanocytic Nevi,2
T4_HAM,/kaggle/input/datasets/rayeedaabir/ham10000-preprocessed/organized_ham10000/Melanocytic Nevi/ISIC_0025231.jpg,Melanocytic Nevi,T4_HAM,/kaggle/input/datasets/rayeedaabir/ham10000-preprocessed/organized_ham10000/Melanocytic Nevi/ISIC_0024938.jpg,Melanocytic Nevi,0
T4_HAM,/kaggle/input/datasets/rayeedaabir/ham10000-preprocessed/organized_ham10000/Melanocytic Nevi/ISIC_0025287.jpg,Melanocytic Nevi,T4_HAM,/kaggle/input/datasets/rayeedaabir/ham10000-preprocessed/organized_ham10000/Melanocytic Nevi/ISIC_0024404.jpg,Melanocytic Nevi,4
T4_HAM,/kaggle/input/datasets/rayeedaabir/ham10000-preprocessed/organized_ham10000/Melanocytic Nevi/ISIC_0025332.jpg,Melanocytic Nevi,T4_HAM,/kaggle/input/datasets/rayeedaabir/ham10000-preprocessed/organized_ham10000/Melanocytic Nevi/ISIC_0024993.jpg,Melanocytic Nevi,4
T4_HAM,/kaggle/input/datasets/rayeedaabir/ham10000-preprocessed/organized_ham10000/Melanocytic Nevi/ISIC_0025386.jpg,Melanocytic Nevi,T4_HAM,/kaggle/input/datasets/rayeedaabir/ham10000-preprocessed/organized_ham10000/Melanocytic Nevi/ISIC_0024870.jpg,Melanocytic Nevi,0
T4_HAM,/kaggle/input/datasets/rayeedaabir/ham10000-preprocessed/organized_ham10000/Melanocytic Nevi/ISIC_0025469.jpg,Melanocytic Nevi,T4_HAM,/kaggle/input/datasets/rayeedaabir/ham10000-preprocessed/organized_ham10000/Melanocytic Nevi/ISIC_0025133.jpg,Melanocytic Nevi,4
T4_HAM,/kaggle/input/datasets/rayeedaabir/ham10000-preprocessed/organized_ham10000/Melanocytic Nevi/ISIC_0025713.jpg,Melanocytic Nevi,T4_HAM,/kaggle/input/datasets/rayeedaabir/ham10000-preprocessed/organized_ham10000/Basal Cell Carcinoma/ISIC_0027819.jpg,Basal Cell Carcinoma,4
T4_HAM,/kaggle/input/datasets/rayeedaabir/ham10000-preprocessed/organized_ham10000/Melanocytic Nevi/ISIC_0025782.jpg,Melanocytic Nevi,T4_HAM,/kaggle/input/datasets/rayeedaabir/ham10000-preprocessed/organized_ham10000/Melanocytic Nevi/ISIC_0024975.jpg,Melanocytic Nevi,4
T4_HAM,/kaggle/input/datasets/rayeedaabir/ham10000-preprocessed/organized_ham10000/Melanocytic Nevi/ISIC_0026028.jpg,Melanocytic Nevi,T4_HAM,/kaggle/input/datasets/rayeedaabir/ham10000-preprocessed/organized_ham10000/Melanocytic Nevi/ISIC_0024941.jpg,Melanocytic Nevi,4
T4_HAM,/kaggle/input/datasets/rayeedaabir/ham10000-preprocessed/organized_ham10000/Melanocytic Nevi/ISIC_0026106.jpg,Melanocytic Nevi,T4_HAM,/kaggle/input/datasets/rayeedaabir/ham10000-preprocessed/organized_ham10000/Melanocytic Nevi/ISIC_0025020.jpg,Melanocytic Nevi,4
T4_HAM,/kaggle/input/datasets/rayeedaabir/ham10000-preprocessed/organized_ham10000/Melanocytic Nevi/ISIC_0026126.jpg,Melanocytic Nevi,T4_HAM,/kaggle/input/datasets/rayeedaabir/ham10000-preprocessed/organized_ham10000/Melanocytic Nevi/ISIC_0024349.jpg,Melanocytic Nevi,2
T4_HAM,/kaggle/input/datasets/rayeedaabir/ham10000-preprocessed/organized_ham10000/Melanocytic Nevi/ISIC_0026165.jpg,Melanocytic Nevi,T4_HAM,/kaggle/input/datasets/rayeedaabir/ham10000-preprocessed/organized_ham10000/Melanocytic Nevi/ISIC_0025456.jpg,Melanocytic Nevi,4
T4_HAM,/kaggle/input/datasets/rayeedaabir/ham10000-preprocessed/organized_ham10000/Melanocytic Nevi/ISIC_0026272.jpg,Melanocytic Nevi,T4_HAM,/kaggle/input/datasets/rayeedaabir/ham10000-preprocessed/organized_ham10000/Melanocytic Nevi/ISIC_0024658.jpg,Melanocytic Nevi,0
T4_HAM,/kaggle/input/datasets/rayeedaabir/ham10000-preprocessed/organized_ham10000/Melanocytic Nevi/ISIC_0026312.jpg,Melanocytic Nevi,T4_HAM,/kaggle/input/datasets/rayeedaabir/ham10000-preprocessed/organized_ham10000/Melanocytic Nevi/ISIC_0024613.jpg,Melanocytic Nevi,4
T4_HAM,/kaggle/input/datasets/rayeedaabir/ham10000-preprocessed/organized_ham10000/Melanocytic Nevi/ISIC_0026819.jpg,Melanocytic Nevi,T4_HAM,/kaggle/input/datasets/rayeedaabir/ham10000-preprocessed/organized_ham10000/Melanocytic Nevi/ISIC_0025375.jpg,Melanocytic Nevi,2
T4_HAM,/kaggle/input/datasets/rayeedaabir/ham10000-preprocessed/organized_ham10000/Melanocytic Nevi/ISIC_0026906.jpg,Melanocytic Nevi,T4_HAM,/kaggle/input/datasets/rayeedaabir/ham10000-preprocessed/organized_ham10000/Melanocytic Nevi/ISIC_0024479.jpg,Melanocytic Nevi,4
T4_HAM,/kaggle/input/datasets/rayeedaabir/ham10000-preprocessed/organized_ham10000/Melanocytic Nevi/ISIC_0026919.jpg,Melanocytic Nevi,T4_HAM,/kaggle/input/datasets/rayeedaabir/ham10000-preprocessed/organized_ham10000/Melanocytic Nevi/ISIC_0024339.jpg,Melanocytic Nevi,4
T4_HAM,/kaggle/input/datasets/rayeedaabir/ham10000-preprocessed/organized_ham10000/Melanocytic Nevi/ISIC_0026922.jpg,Melanocytic Nevi,T4_HAM,/kaggle/input/datasets/rayeedaabir/ham10000-preprocessed/organized_ham10000/Melanocytic Nevi/ISIC_0025517.jpg,Melanocytic Nevi,4
T4_HAM,/kaggle/input/datasets/rayeedaabir/ham10000-preprocessed/organized_ham10000/Melanocytic Nevi/ISIC_0027132.jpg,Melanocytic Nevi,T4_HAM,/kaggle/input/datasets/rayeedaabir/ham10000-preprocessed/organized_ham10000/Melanocytic Nevi/ISIC_0026785.jpg,Melanocytic Nevi,4
T4_HAM,/kaggle/input/datasets/rayeedaabir/ham10000-preprocessed/organized_ham10000/Melanocytic Nevi/ISIC_0027197.jpg,Melanocytic Nevi,T4_HAM,/kaggle/input/datasets/rayeedaabir/ham10000-preprocessed/organized_ham10000/Basal Cell Carcinoma/ISIC_0027819.jpg,Basal Cell Carcinoma,2
T4_HAM,/kaggle/input/datasets/rayeedaabir/ham10000-preprocessed/organized_ham10000/Melanocytic Nevi/ISIC_0027276.jpg,Melanocytic Nevi,T4_HAM,/kaggle/input/datasets/rayeedaabir/ham10000-preprocessed/organized_ham10000/Melanocytic Nevi/ISIC_0024613.jpg,Melanocytic Nevi,4
T4_HAM,/kaggle/input/datasets/rayeedaabir/ham10000-preprocessed/organized_ham10000/Melanocytic Nevi/ISIC_0027338.jpg,Melanocytic Nevi,T4_HAM,/kaggle/input/datasets/rayeedaabir/ham10000-preprocessed/organized_ham10000/Melanocytic Nevi/ISIC_0025534.jpg,Melanocytic Nevi,2
T4_HAM,/kaggle/input/datasets/rayeedaabir/ham10000-preprocessed/organized_ham10000/Melanocytic Nevi/ISIC_0027414.jpg,Melanocytic Nevi,T4_HAM,/kaggle/input/datasets/rayeedaabir/ham10000-preprocessed/organized_ham10000/Melanocytic Nevi/ISIC_0026495.jpg,Melanocytic Nevi,2
T4_HAM,/kaggle/input/datasets/rayeedaabir/ham10000-preprocessed/organized_ham10000/Melanocytic Nevi/ISIC_0027519.jpg,Melanocytic Nevi,T4_HAM,/kaggle/input/datasets/rayeedaabir/ham10000-preprocessed/organized_ham10000/Melanocytic Nevi/ISIC_0024753.jpg,Melanocytic Nevi,0
T4_HAM,/kaggle/input/datasets/rayeedaabir/ham10000-preprocessed/organized_ham10000/Melanocytic Nevi/ISIC_0027523.jpg,Melanocytic Nevi,T4_HAM,/kaggle/input/datasets/rayeedaabir/ham10000-preprocessed/organized_ham10000/Melanocytic Nevi/ISIC_0025652.jpg,Melanocytic Nevi,4
T4_HAM,/kaggle/input/datasets/rayeedaabir/ham10000-preprocessed/organized_ham10000/Melanocytic Nevi/ISIC_0027566.jpg,Melanocytic Nevi,T4_HAM,/kaggle/input/datasets/rayeedaabir/ham10000-preprocessed/organized_ham10000/Benign Keratosis/ISIC_0026422.jpg,Benign Keratosis,4
T4_HAM,/kaggle/input/datasets/rayeedaabir/ham10000-preprocessed/organized_ham10000/Melanocytic Nevi/ISIC_0027627.jpg,Melanocytic Nevi,T4_HAM,/kaggle/input/datasets/rayeedaabir/ham10000-preprocessed/organized_ham10000/Melanocytic Nevi/ISIC_0024704.jpg,Melanocytic Nevi,4
T4_HAM,/kaggle/input/datasets/rayeedaabir/ham10000-preprocessed/organized_ham10000/Melanocytic Nevi/ISIC_0027670.jpg,Melanocytic Nevi,T4_HAM,/kaggle/input/datasets/rayeedaabir/ham10000-preprocessed/organized_ham10000/Melanocytic Nevi/ISIC_0027097.jpg,Melanocytic Nevi,4
T4_HAM,/kaggle/input/datasets/rayeedaabir/ham10000-preprocessed/organized_ham10000/Melanocytic Nevi/ISIC_0027698.jpg,Melanocytic Nevi,T4_HAM,/kaggle/input/datasets/rayeedaabir/ham10000-preprocessed/organized_ham10000/Melanocytic Nevi/ISIC_0024587.jpg,Melanocytic Nevi,4
T4_HAM,/kaggle/input/datasets/rayeedaabir/ham10000-preprocessed/organized_ham10000/Melanocytic Nevi/ISIC_0027756.jpg,Melanocytic Nevi,T4_HAM,/kaggle/input/datasets/rayeedaabir/ham10000-preprocessed/organized_ham10000/Melanocytic Nevi/ISIC_0026987.jpg,Melanocytic Nevi,4
T4_HAM,/kaggle/input/datasets/rayeedaabir/ham10000-preprocessed/organized_ham10000/Melanocytic Nevi/ISIC_0027804.jpg,Melanocytic Nevi,T4_HAM,/kaggle/input/datasets/rayeedaabir/ham10000-preprocessed/organized_ham10000/Basal Cell Carcinoma/ISIC_0027819.jpg,Basal Cell Carcinoma,2
T4_HAM,/kaggle/input/datasets/rayeedaabir/ham10000-preprocessed/organized_ham10000/Melanocytic Nevi/ISIC_0027873.jpg,Melanocytic Nevi,T4_HAM,/kaggle/input/datasets/rayeedaabir/ham10000-preprocessed/organized_ham10000/Melanocytic Nevi/ISIC_0024753.jpg,Melanocytic Nevi,4
T4_HAM,/kaggle/input/datasets/rayeedaabir/ham10000-preprocessed/organized_ham10000/Melanocytic Nevi/ISIC_0027887.jpg,Melanocytic Nevi,T4_HAM,/kaggle/input/datasets/rayeedaabir/ham10000-preprocessed/organized_ham10000/Melanocytic Nevi/ISIC_0024928.jpg,Melanocytic Nevi,0
T4_HAM,/kaggle/input/datasets/rayeedaabir/ham10000-preprocessed/organized_ham10000/Melanocytic Nevi/ISIC_0027902.jpg,Melanocytic Nevi,T4_HAM,/kaggle/input/datasets/rayeedaabir/ham10000-preprocessed/organized_ham10000/Melanocytic Nevi/ISIC_0027226.jpg,Melanocytic Nevi,2
T4_HAM,/kaggle/input/datasets/rayeedaabir/ham10000-preprocessed/organized_ham10000/Melanocytic Nevi/ISIC_0027940.jpg,Melanocytic Nevi,T4_HAM,/kaggle/input/datasets/rayeedaabir/ham10000-preprocessed/organized_ham10000/Melanocytic Nevi/ISIC_0027501.jpg,Melanocytic Nevi,4
T4_HAM,/kaggle/input/datasets/rayeedaabir/ham10000-preprocessed/organized_ham10000/Melanocytic Nevi/ISIC_0027959.jpg,Melanocytic Nevi,T4_HAM,/kaggle/input/datasets/rayeedaabir/ham10000-preprocessed/organized_ham10000/Benign Keratosis/ISIC_0029289.jpg,Benign Keratosis,4
T4_HAM,/kaggle/input/datasets/rayeedaabir/ham10000-preprocessed/organized_ham10000/Melanocytic Nevi/ISIC_0027999.jpg,Melanocytic Nevi,T4_HAM,/kaggle/input/datasets/rayeedaabir/ham10000-preprocessed/organized_ham10000/Benign Keratosis/ISIC_0029289.jpg,Benign Keratosis,4
T4_HAM,/kaggle/input/datasets/rayeedaabir/ham10000-preprocessed/organized_ham10000/Melanocytic Nevi/ISIC_0028047.jpg,Melanocytic Nevi,T4_HAM,/kaggle/input/datasets/rayeedaabir/ham10000-preprocessed/organized_ham10000/Melanocytic Nevi/ISIC_0024326.jpg,Melanocytic Nevi,4
T4_HAM,/kaggle/input/datasets/rayeedaabir/ham10000-preprocessed/organized_ham10000/Melanocytic Nevi/ISIC_0028139.jpg,Melanocytic Nevi,T4_HAM,/kaggle/input/datasets/rayeedaabir/ham10000-preprocessed/organized_ham10000/Melanocytic Nevi/ISIC_0025517.jpg,Melanocytic Nevi,4
T4_HAM,/kaggle/input/datasets/rayeedaabir/ham10000-preprocessed/organized_ham10000/Melanocytic Nevi/ISIC_0028265.jpg,Melanocytic Nevi,T4_HAM,/kaggle/input/datasets/rayeedaabir/ham10000-preprocessed/organized_ham10000/Melanocytic Nevi/ISIC_0026455.jpg,Melanocytic Nevi,4
T4_HAM,/kaggle/input/datasets/rayeedaabir/ham10000-preprocessed/organized_ham10000/Melanocytic Nevi/ISIC_0028272.jpg,Melanocytic Nevi,T4_HAM,/kaggle/input/datasets/rayeedaabir/ham10000-preprocessed/organized_ham10000/Melanocytic Nevi/ISIC_0025816.jpg,Melanocytic Nevi,2
T4_HAM,/kaggle/input/datasets/rayeedaabir/ham10000-preprocessed/organized_ham10000/Melanocytic Nevi/ISIC_0028454.jpg,Melanocytic Nevi,T4_HAM,/kaggle/input/datasets/rayeedaabir/ham10000-preprocessed/organized_ham10000/Melanocytic Nevi/ISIC_0026305.jpg,Melanocytic Nevi,2
T4_HAM,/kaggle/input/datasets/rayeedaabir/ham10000-preprocessed/organized_ham10000/Melanocytic Nevi/ISIC_0028513.jpg,Melanocytic Nevi,T4_HAM,/kaggle/input/datasets/rayeedaabir/ham10000-preprocessed/organized_ham10000/Melanocytic Nevi/ISIC_0027933.jpg,Melanocytic Nevi,2
T4_HAM,/kaggle/input/datasets/rayeedaabir/ham10000-preprocessed/organized_ham10000/Melanocytic Nevi/ISIC_0028545.jpg,Melanocytic Nevi,T4_HAM,/kaggle/input/datasets/rayeedaabir/ham10000-preprocessed/organized_ham10000/Melanocytic Nevi/ISIC_0027853.jpg,Melanocytic Nevi,2
T4_HAM,/kaggle/input/datasets/rayeedaabir/ham10000-preprocessed/organized_ham10000/Melanocytic Nevi/ISIC_0028621.jpg,Melanocytic Nevi,T4_HAM,/kaggle/input/datasets/rayeedaabir/ham10000-preprocessed/organized_ham10000/Melanocytic Nevi/ISIC_0025683.jpg,Melanocytic Nevi,4
T4_HAM,/kaggle/input/datasets/rayeedaabir/ham10000-preprocessed/organized_ham10000/Melanocytic Nevi/ISIC_0028648.jpg,Melanocytic Nevi,T4_HAM,/kaggle/input/datasets/rayeedaabir/ham10000-preprocessed/organized_ham10000/Actinic Keratoses/ISIC_0029141.jpg,Actinic Keratoses,4
T4_HAM,/kaggle/input/datasets/rayeedaabir/ham10000-preprocessed/organized_ham10000/Melanocytic Nevi/ISIC_0028678.jpg,Melanocytic Nevi,T4_HAM,/kaggle/input/datasets/rayeedaabir/ham10000-preprocessed/organized_ham10000/Melanocytic Nevi/ISIC_0027658.jpg,Melanocytic Nevi,4
T4_HAM,/kaggle/input/datasets/rayeedaabir/ham10000-preprocessed/organized_ham10000/Melanocytic Nevi/ISIC_0028698.jpg,Melanocytic Nevi,T4_HAM,/kaggle/input/datasets/rayeedaabir/ham10000-preprocessed/organized_ham10000/Melanocytic Nevi/ISIC_0025165.jpg,Melanocytic Nevi,4
T4_HAM,/kaggle/input/datasets/rayeedaabir/ham10000-preprocessed/organized_ham10000/Melanocytic Nevi/ISIC_0028737.jpg,Melanocytic Nevi,T4_HAM,/kaggle/input/datasets/rayeedaabir/ham10000-preprocessed/organized_ham10000/Melanocytic Nevi/ISIC_0027423.jpg,Melanocytic Nevi,2
T4_HAM,/kaggle/input/datasets/rayeedaabir/ham10000-preprocessed/organized_ham10000/Melanocytic Nevi/ISIC_0028809.jpg,Melanocytic Nevi,T4_HAM,/kaggle/input/datasets/rayeedaabir/ham10000-preprocessed/organized_ham10000/Melanocytic Nevi/ISIC_0026987.jpg,Melanocytic Nevi,4
T4_HAM,/kaggle/input/datasets/rayeedaabir/ham10000-preprocessed/organized_ham10000/Melanocytic Nevi/ISIC_0028951.jpg,Melanocytic Nevi,T4_HAM,/kaggle/input/datasets/rayeedaabir/ham10000-preprocessed/organized_ham10000/Melanocytic Nevi/ISIC_0025000.jpg,Melanocytic Nevi,4
T4_HAM,/kaggle/input/datasets/rayeedaabir/ham10000-preprocessed/organized_ham10000/Melanocytic Nevi/ISIC_0028957.jpg,Melanocytic Nevi,T4_HAM,/kaggle/input/datasets/rayeedaabir/ham10000-preprocessed/organized_ham10000/Melanocytic Nevi/ISIC_0024658.jpg,Melanocytic Nevi,2
T4_HAM,/kaggle/input/datasets/rayeedaabir/ham10000-preprocessed/organized_ham10000/Melanocytic Nevi/ISIC_0028960.jpg,Melanocytic Nevi,T4_HAM,/kaggle/input/datasets/rayeedaabir/ham10000-preprocessed/organized_ham10000/Melanocytic Nevi/ISIC_0027596.jpg,Melanocytic Nevi,2
T4_HAM,/kaggle/input/datasets/rayeedaabir/ham10000-preprocessed/organized_ham10000/Melanocytic Nevi/ISIC_0028963.jpg,Melanocytic Nevi,T4_HAM,/kaggle/input/datasets/rayeedaabir/ham10000-preprocessed/organized_ham10000/Melanocytic Nevi/ISIC_0025000.jpg,Melanocytic Nevi,2
T4_HAM,/kaggle/input/datasets/rayeedaabir/ham10000-preprocessed/organized_ham10000/Melanocytic Nevi/ISIC_0029026.jpg,Melanocytic Nevi,T4_HAM,/kaggle/input/datasets/rayeedaabir/ham10000-preprocessed/organized_ham10000/Melanocytic Nevi/ISIC_0025000.jpg,Melanocytic Nevi,4
T4_HAM,/kaggle/input/datasets/rayeedaabir/ham10000-preprocessed/organized_ham10000/Melanocytic Nevi/ISIC_0029188.jpg,Melanocytic Nevi,T4_HAM,/kaggle/input/datasets/rayeedaabir/ham10000-preprocessed/organized_ham10000/Melanocytic Nevi/ISIC_0027800.jpg,Melanocytic Nevi,2
T4_HAM,/kaggle/input/datasets/rayeedaabir/ham10000-preprocessed/organized_ham10000/Melanocytic Nevi/ISIC_0029196.jpg,Melanocytic Nevi,T4_HAM,/kaggle/input/datasets/rayeedaabir/ham10000-preprocessed/organized_ham10000/Melanocytic Nevi/ISIC_0024777.jpg,Melanocytic Nevi,4
T4_HAM,/kaggle/input/datasets/rayeedaabir/ham10000-preprocessed/organized_ham10000/Melanocytic Nevi/ISIC_0029215.jpg,Melanocytic Nevi,T4_HAM,/kaggle/input/datasets/rayeedaabir/ham10000-preprocessed/organized_ham10000/Melanocytic Nevi/ISIC_0028362.jpg,Melanocytic Nevi,4
T4_HAM,/kaggle/input/datasets/rayeedaabir/ham10000-preprocessed/organized_ham10000/Melanocytic Nevi/ISIC_0029294.jpg,Melanocytic Nevi,T4_HAM,/kaggle/input/datasets/rayeedaabir/ham10000-preprocessed/organized_ham10000/Melanocytic Nevi/ISIC_0027501.jpg,Melanocytic Nevi,4
T4_HAM,/kaggle/input/datasets/rayeedaabir/ham10000-preprocessed/organized_ham10000/Melanocytic Nevi/ISIC_0029334.jpg,Melanocytic Nevi,T4_HAM,/kaggle/input/datasets/rayeedaabir/ham10000-preprocessed/organized_ham10000/Melanocytic Nevi/ISIC_0026328.jpg,Melanocytic Nevi,2
T4_HAM,/kaggle/input/datasets/rayeedaabir/ham10000-preprocessed/organized_ham10000/Melanocytic Nevi/ISIC_0029416.jpg,Melanocytic Nevi,T4_HAM,/kaggle/input/datasets/rayeedaabir/ham10000-preprocessed/organized_ham10000/Melanocytic Nevi/ISIC_0027494.jpg,Melanocytic Nevi,4
T4_HAM,/kaggle/input/datasets/rayeedaabir/ham10000-preprocessed/organized_ham10000/Melanocytic Nevi/ISIC_0029442.jpg,Melanocytic Nevi,T4_HAM,/kaggle/input/datasets/rayeedaabir/ham10000-preprocessed/organized_ham10000/Melanocytic Nevi/ISIC_0027583.jpg,Melanocytic Nevi,4
T4_HAM,/kaggle/input/datasets/rayeedaabir/ham10000-preprocessed/organized_ham10000/Melanocytic Nevi/ISIC_0029450.jpg,Melanocytic Nevi,T4_HAM,/kaggle/input/datasets/rayeedaabir/ham10000-preprocessed/organized_ham10000/Melanocytic Nevi/ISIC_0024928.jpg,Melanocytic Nevi,2
T4_HAM,/kaggle/input/datasets/rayeedaabir/ham10000-preprocessed/organized_ham10000/Melanocytic Nevi/ISIC_0029499.jpg,Melanocytic Nevi,T4_HAM,/kaggle/input/datasets/rayeedaabir/ham10000-preprocessed/organized_ham10000/Melanocytic Nevi/ISIC_0024538.jpg,Melanocytic Nevi,4
T4_HAM,/kaggle/input/datasets/rayeedaabir/ham10000-preprocessed/organized_ham10000/Melanocytic Nevi/ISIC_0029504.jpg,Melanocytic Nevi,T4_HAM,/kaggle/input/datasets/rayeedaabir/ham10000-preprocessed/organized_ham10000/Melanocytic Nevi/ISIC_0027208.jpg,Melanocytic Nevi,0
T4_HAM,/kaggle/input/datasets/rayeedaabir/ham10000-preprocessed/organized_ham10000/Melanocytic Nevi/ISIC_0029516.jpg,Melanocytic Nevi,T4_HAM,/kaggle/input/datasets/rayeedaabir/ham10000-preprocessed/organized_ham10000/Melanocytic Nevi/ISIC_0024394.jpg,Melanocytic Nevi,0
T4_HAM,/kaggle/input/datasets/rayeedaabir/ham10000-preprocessed/organized_ham10000/Melanocytic Nevi/ISIC_0029636.jpg,Melanocytic Nevi,T4_HAM,/kaggle/input/datasets/rayeedaabir/ham10000-preprocessed/organized_ham10000/Melanocytic Nevi/ISIC_0026110.jpg,Melanocytic Nevi,4
T4_HAM,/kaggle/input/datasets/rayeedaabir/ham10000-preprocessed/organized_ham10000/Melanocytic Nevi/ISIC_0029640.jpg,Melanocytic Nevi,T4_HAM,/kaggle/input/datasets/rayeedaabir/ham10000-preprocessed/organized_ham10000/Melanocytic Nevi/ISIC_0027707.jpg,Melanocytic Nevi,2
T4_HAM,/kaggle/input/datasets/rayeedaabir/ham10000-preprocessed/organized_ham10000/Melanocytic Nevi/ISIC_0029665.jpg,Melanocytic Nevi,T4_HAM,/kaggle/input/datasets/rayeedaabir/ham10000-preprocessed/organized_ham10000/Melanocytic Nevi/ISIC_0025517.jpg,Melanocytic Nevi,4
T4_HAM,/kaggle/input/datasets/rayeedaabir/ham10000-preprocessed/organized_ham10000/Melanocytic Nevi/ISIC_0029666.jpg,Melanocytic Nevi,T4_HAM,/kaggle/input/datasets/rayeedaabir/ham10000-preprocessed/organized_ham10000/Melanocytic Nevi/ISIC_0024587.jpg,Melanocytic Nevi,4
T4_HAM,/kaggle/input/datasets/rayeedaabir/ham10000-preprocessed/organized_ham10000/Melanocytic Nevi/ISIC_0029699.jpg,Melanocytic Nevi,T4_HAM,/kaggle/input/datasets/rayeedaabir/ham10000-preprocessed/organized_ham10000/Melanocytic Nevi/ISIC_0027501.jpg,Melanocytic Nevi,4
T4_HAM,/kaggle/input/datasets/rayeedaabir/ham10000-preprocessed/organized_ham10000/Melanocytic Nevi/ISIC_0029724.jpg,Melanocytic Nevi,T4_HAM,/kaggle/input/datasets/rayeedaabir/ham10000-preprocessed/organized_ham10000/Melanocytic Nevi/ISIC_0027707.jpg,Melanocytic Nevi,4
T4_HAM,/kaggle/input/datasets/rayeedaabir/ham10000-preprocessed/organized_ham10000/Melanocytic Nevi/ISIC_0029735.jpg,Melanocytic Nevi,T4_HAM,/kaggle/input/datasets/rayeedaabir/ham10000-preprocessed/organized_ham10000/Melanocytic Nevi/ISIC_0026116.jpg,Melanocytic Nevi,4
T4_HAM,/kaggle/input/datasets/rayeedaabir/ham10000-preprocessed/organized_ham10000/Melanocytic Nevi/ISIC_0029746.jpg,Melanocytic Nevi,T4_HAM,/kaggle/input/datasets/rayeedaabir/ham10000-preprocessed/organized_ham10000/Melanocytic Nevi/ISIC_0029359.jpg,Melanocytic Nevi,4
T4_HAM,/kaggle/input/datasets/rayeedaabir/ham10000-preprocessed/organized_ham10000/Melanocytic Nevi/ISIC_0029756.jpg,Melanocytic Nevi,T4_HAM,/kaggle/input/datasets/rayeedaabir/ham10000-preprocessed/organized_ham10000/Melanocytic Nevi/ISIC_0025141.jpg,Melanocytic Nevi,4
T4_HAM,/kaggle/input/datasets/rayeedaabir/ham10000-preprocessed/organized_ham10000/Melanocytic Nevi/ISIC_0029861.jpg,Melanocytic Nevi,T4_HAM,/kaggle/input/datasets/rayeedaabir/ham10000-preprocessed/organized_ham10000/Melanocytic Nevi/ISIC_0024366.jpg,Melanocytic Nevi,0
T4_HAM,/kaggle/input/datasets/rayeedaabir/ham10000-preprocessed/organized_ham10000/Melanocytic Nevi/ISIC_0029904.jpg,Melanocytic Nevi,T4_HAM,/kaggle/input/datasets/rayeedaabir/ham10000-preprocessed/organized_ham10000/Melanocytic Nevi/ISIC_0026771.jpg,Melanocytic Nevi,4
T4_HAM,/kaggle/input/datasets/rayeedaabir/ham10000-preprocessed/organized_ham10000/Melanocytic Nevi/ISIC_0029938.jpg,Melanocytic Nevi,T4_HAM,/kaggle/input/datasets/rayeedaabir/ham10000-preprocessed/organized_ham10000/Melanocytic Nevi/ISIC_0024777.jpg,Melanocytic Nevi,0
T4_HAM,/kaggle/input/datasets/rayeedaabir/ham10000-preprocessed/organized_ham10000/Melanocytic Nevi/ISIC_0029975.jpg,Melanocytic Nevi,T4_HAM,/kaggle/input/datasets/rayeedaabir/ham10000-preprocessed/organized_ham10000/Melanocytic Nevi/ISIC_0025000.jpg,Melanocytic Nevi,4
T4_HAM,/kaggle/input/datasets/rayeedaabir/ham10000-preprocessed/organized_ham10000/Melanocytic Nevi/ISIC_0030057.jpg,Melanocytic Nevi,T4_HAM,/kaggle/input/datasets/rayeedaabir/ham10000-preprocessed/organized_ham10000/Melanocytic Nevi/ISIC_0027423.jpg,Melanocytic Nevi,2
T4_HAM,/kaggle/input/datasets/rayeedaabir/ham10000-preprocessed/organized_ham10000/Melanocytic Nevi/ISIC_0030058.jpg,Melanocytic Nevi,T4_HAM,/kaggle/input/datasets/rayeedaabir/ham10000-preprocessed/organized_ham10000/Melanocytic Nevi/ISIC_0027574.jpg,Melanocytic Nevi,4
T4_HAM,/kaggle/input/datasets/rayeedaabir/ham10000-preprocessed/organized_ham10000/Melanocytic Nevi/ISIC_0030061.jpg,Melanocytic Nevi,T4_HAM,/kaggle/input/datasets/rayeedaabir/ham10000-preprocessed/organized_ham10000/Melanocytic Nevi/ISIC_0024704.jpg,Melanocytic Nevi,4
T4_HAM,/kaggle/input/datasets/rayeedaabir/ham10000-preprocessed/organized_ham10000/Melanocytic Nevi/ISIC_0030065.jpg,Melanocytic Nevi,T4_HAM,/kaggle/input/datasets/rayeedaabir/ham10000-preprocessed/organized_ham10000/Melanocytic Nevi/ISIC_0024938.jpg,Melanocytic Nevi,2
T4_HAM,/kaggle/input/datasets/rayeedaabir/ham10000-preprocessed/organized_ham10000/Melanocytic Nevi/ISIC_0030074.jpg,Melanocytic Nevi,T4_HAM,/kaggle/input/datasets/rayeedaabir/ham10000-preprocessed/organized_ham10000/Melanocytic Nevi/ISIC_0025226.jpg,Melanocytic Nevi,2
T4_HAM,/kaggle/input/datasets/rayeedaabir/ham10000-preprocessed/organized_ham10000/Melanocytic Nevi/ISIC_0030079.jpg,Melanocytic Nevi,T4_HAM,/kaggle/input/datasets/rayeedaabir/ham10000-preprocessed/organized_ham10000/Melanocytic Nevi/ISIC_0024908.jpg,Melanocytic Nevi,0
T4_HAM,/kaggle/input/datasets/rayeedaabir/ham10000-preprocessed/organized_ham10000/Melanocytic Nevi/ISIC_0030162.jpg,Melanocytic Nevi,T4_HAM,/kaggle/input/datasets/rayeedaabir/ham10000-preprocessed/organized_ham10000/Melanocytic Nevi/ISIC_0024541.jpg,Melanocytic Nevi,4
T4_HAM,/kaggle/input/datasets/rayeedaabir/ham10000-preprocessed/organized_ham10000/Melanocytic Nevi/ISIC_0030179.jpg,Melanocytic Nevi,T4_HAM,/kaggle/input/datasets/rayeedaabir/ham10000-preprocessed/organized_ham10000/Melanocytic Nevi/ISIC_0028362.jpg,Melanocytic Nevi,2
T4_HAM,/kaggle/input/datasets/rayeedaabir/ham10000-preprocessed/organized_ham10000/Melanocytic Nevi/ISIC_0030225.jpg,Melanocytic Nevi,T4_HAM,/kaggle/input/datasets/rayeedaabir/ham10000-preprocessed/organized_ham10000/Melanocytic Nevi/ISIC_0029257.jpg,Melanocytic Nevi,2
T4_HAM,/kaggle/input/datasets/rayeedaabir/ham10000-preprocessed/organized_ham10000/Melanocytic Nevi/ISIC_0030251.jpg,Melanocytic Nevi,T4_HAM,/kaggle/input/datasets/rayeedaabir/ham10000-preprocessed/organized_ham10000/Melanocytic Nevi/ISIC_0024704.jpg,Melanocytic Nevi,4
T4_HAM,/kaggle/input/datasets/rayeedaabir/ham10000-preprocessed/organized_ham10000/Melanocytic Nevi/ISIC_0030257.jpg,Melanocytic Nevi,T4_HAM,/kaggle/input/datasets/rayeedaabir/ham10000-preprocessed/organized_ham10000/Melanocytic Nevi/ISIC_0029708.jpg,Melanocytic Nevi,4
T4_HAM,/kaggle/input/datasets/rayeedaabir/ham10000-preprocessed/organized_ham10000/Melanocytic Nevi/ISIC_0030291.jpg,Melanocytic Nevi,T4_HAM,/kaggle/input/datasets/rayeedaabir/ham10000-preprocessed/organized_ham10000/Melanocytic Nevi/ISIC_0025375.jpg,Melanocytic Nevi,4
T4_HAM,/kaggle/input/datasets/rayeedaabir/ham10000-preprocessed/organized_ham10000/Melanocytic Nevi/ISIC_0030424.jpg,Melanocytic Nevi,T4_HAM,/kaggle/input/datasets/rayeedaabir/ham10000-preprocessed/organized_ham10000/Benign Keratosis/ISIC_0025986.jpg,Benign Keratosis,4
T4_HAM,/kaggle/input/datasets/rayeedaabir/ham10000-preprocessed/organized_ham10000/Melanocytic Nevi/ISIC_0030430.jpg,Melanocytic Nevi,T4_HAM,/kaggle/input/datasets/rayeedaabir/ham10000-preprocessed/organized_ham10000/Melanocytic Nevi/ISIC_0026155.jpg,Melanocytic Nevi,4
T4_HAM,/kaggle/input/datasets/rayeedaabir/ham10000-preprocessed/organized_ham10000/Melanocytic Nevi/ISIC_0030456.jpg,Melanocytic Nevi,T4_HAM,/kaggle/input/datasets/rayeedaabir/ham10000-preprocessed/organized_ham10000/Melanocytic Nevi/ISIC_0030198.jpg,Melanocytic Nevi,4
T4_HAM,/kaggle/input/datasets/rayeedaabir/ham10000-preprocessed/organized_ham10000/Melanocytic Nevi/ISIC_0030468.jpg,Melanocytic Nevi,T4_HAM,/kaggle/input/datasets/rayeedaabir/ham10000-preprocessed/organized_ham10000/Melanocytic Nevi/ISIC_0029410.jpg,Melanocytic Nevi,4
T4_HAM,/kaggle/input/datasets/rayeedaabir/ham10000-preprocessed/organized_ham10000/Melanocytic Nevi/ISIC_0030508.jpg,Melanocytic Nevi,T4_HAM,/kaggle/input/datasets/rayeedaabir/ham10000-preprocessed/organized_ham10000/Melanocytic Nevi/ISIC_0029313.jpg,Melanocytic Nevi,2
T4_HAM,/kaggle/input/datasets/rayeedaabir/ham10000-preprocessed/organized_ham10000/Melanocytic Nevi/ISIC_0030556.jpg,Melanocytic Nevi,T4_HAM,/kaggle/input/datasets/rayeedaabir/ham10000-preprocessed/organized_ham10000/Melanocytic Nevi/ISIC_0026116.jpg,Melanocytic Nevi,2
T4_HAM,/kaggle/input/datasets/rayeedaabir/ham10000-preprocessed/organized_ham10000/Melanocytic Nevi/ISIC_0030573.jpg,Melanocytic Nevi,T4_HAM,/kaggle/input/datasets/rayeedaabir/ham10000-preprocessed/organized_ham10000/Melanocytic Nevi/ISIC_0028038.jpg,Melanocytic Nevi,4
T4_HAM,/kaggle/input/datasets/rayeedaabir/ham10000-preprocessed/organized_ham10000/Melanocytic Nevi/ISIC_0030597.jpg,Melanocytic Nevi,T4_HAM,/kaggle/input/datasets/rayeedaabir/ham10000-preprocessed/organized_ham10000/Melanocytic Nevi/ISIC_0026692.jpg,Melanocytic Nevi,4
T4_HAM,/kaggle/input/datasets/rayeedaabir/ham10000-preprocessed/organized_ham10000/Melanocytic Nevi/ISIC_0030657.jpg,Melanocytic Nevi,T4_HAM,/kaggle/input/datasets/rayeedaabir/ham10000-preprocessed/organized_ham10000/Melanocytic Nevi/ISIC_0027494.jpg,Melanocytic Nevi,4
T4_HAM,/kaggle/input/datasets/rayeedaabir/ham10000-preprocessed/organized_ham10000/Melanocytic Nevi/ISIC_0030676.jpg,Melanocytic Nevi,T4_HAM,/kaggle/input/datasets/rayeedaabir/ham10000-preprocessed/organized_ham10000/Melanocytic Nevi/ISIC_0028869.jpg,Melanocytic Nevi,4
T4_HAM,/kaggle/input/datasets/rayeedaabir/ham10000-preprocessed/organized_ham10000/Melanocytic Nevi/ISIC_0030717.jpg,Melanocytic Nevi,T4_HAM,/kaggle/input/datasets/rayeedaabir/ham10000-preprocessed/organized_ham10000/Melanocytic Nevi/ISIC_0026067.jpg,Melanocytic Nevi,4
T4_HAM,/kaggle/input/datasets/rayeedaabir/ham10000-preprocessed/organized_ham10000/Melanocytic Nevi/ISIC_0030841.jpg,Melanocytic Nevi,T4_HAM,/kaggle/input/datasets/rayeedaabir/ham10000-preprocessed/organized_ham10000/Melanocytic Nevi/ISIC_0024608.jpg,Melanocytic Nevi,2
T4_HAM,/kaggle/input/datasets/rayeedaabir/ham10000-preprocessed/organized_ham10000/Melanocytic Nevi/ISIC_0030852.jpg,Melanocytic Nevi,T4_HAM,/kaggle/input/datasets/rayeedaabir/ham10000-preprocessed/organized_ham10000/Melanocytic Nevi/ISIC_0030652.jpg,Melanocytic Nevi,2
T4_HAM,/kaggle/input/datasets/rayeedaabir/ham10000-preprocessed/organized_ham10000/Melanocytic Nevi/ISIC_0030859.jpg,Melanocytic Nevi,T4_HAM,/kaggle/input/datasets/rayeedaabir/ham10000-preprocessed/organized_ham10000/Melanocytic Nevi/ISIC_0027993.jpg,Melanocytic Nevi,4
T4_HAM,/kaggle/input/datasets/rayeedaabir/ham10000-preprocessed/organized_ham10000/Melanocytic Nevi/ISIC_0030941.jpg,Melanocytic Nevi,T4_HAM,/kaggle/input/datasets/rayeedaabir/ham10000-preprocessed/organized_ham10000/Melanocytic Nevi/ISIC_0030135.jpg,Melanocytic Nevi,2
T4_HAM,/kaggle/input/datasets/rayeedaabir/ham10000-preprocessed/organized_ham10000/Melanocytic Nevi/ISIC_0030973.jpg,Melanocytic Nevi,T4_HAM,/kaggle/input/datasets/rayeedaabir/ham10000-preprocessed/organized_ham10000/Melanocytic Nevi/ISIC_0030444.jpg,Melanocytic Nevi,0
T4_HAM,/kaggle/input/datasets/rayeedaabir/ham10000-preprocessed/organized_ham10000/Melanocytic Nevi/ISIC_0031064.jpg,Melanocytic Nevi,T4_HAM,/kaggle/input/datasets/rayeedaabir/ham10000-preprocessed/organized_ham10000/Melanocytic Nevi/ISIC_0027538.jpg,Melanocytic Nevi,4
T4_HAM,/kaggle/input/datasets/rayeedaabir/ham10000-preprocessed/organized_ham10000/Melanocytic Nevi/ISIC_0031079.jpg,Melanocytic Nevi,T4_HAM,/kaggle/input/datasets/rayeedaabir/ham10000-preprocessed/organized_ham10000/Melanocytic Nevi/ISIC_0028524.jpg,Melanocytic Nevi,4
T4_HAM,/kaggle/input/datasets/rayeedaabir/ham10000-preprocessed/organized_ham10000/Melanocytic Nevi/ISIC_0031149.jpg,Melanocytic Nevi,T4_HAM,/kaggle/input/datasets/rayeedaabir/ham10000-preprocessed/organized_ham10000/Melanocytic Nevi/ISIC_0026841.jpg,Melanocytic Nevi,4
T4_HAM,/kaggle/input/datasets/rayeedaabir/ham10000-preprocessed/organized_ham10000/Melanocytic Nevi/ISIC_0031194.jpg,Melanocytic Nevi,T4_HAM,/kaggle/input/datasets/rayeedaabir/ham10000-preprocessed/organized_ham10000/Melanocytic Nevi/ISIC_0026804.jpg,Melanocytic Nevi,4
T4_HAM,/kaggle/input/datasets/rayeedaabir/ham10000-preprocessed/organized_ham10000/Melanocytic Nevi/ISIC_0031204.jpg,Melanocytic Nevi,T4_HAM,/kaggle/input/datasets/rayeedaabir/ham10000-preprocessed/organized_ham10000/Melanocytic Nevi/ISIC_0030652.jpg,Melanocytic Nevi,4
T4_HAM,/kaggle/input/datasets/rayeedaabir/ham10000-preprocessed/organized_ham10000/Melanocytic Nevi/ISIC_0031290.jpg,Melanocytic Nevi,T4_HAM,/kaggle/input/datasets/rayeedaabir/ham10000-preprocessed/organized_ham10000/Melanocytic Nevi/ISIC_0027800.jpg,Melanocytic Nevi,4
T4_HAM,/kaggle/input/datasets/rayeedaabir/ham10000-preprocessed/organized_ham10000/Melanocytic Nevi/ISIC_0031302.jpg,Melanocytic Nevi,T4_HAM,/kaggle/input/datasets/rayeedaabir/ham10000-preprocessed/organized_ham10000/Actinic Keratoses/ISIC_0026203.jpg,Actinic Keratoses,2
T4_HAM,/kaggle/input/datasets/rayeedaabir/ham10000-preprocessed/organized_ham10000/Melanocytic Nevi/ISIC_0031322.jpg,Melanocytic Nevi,T4_HAM,/kaggle/input/datasets/rayeedaabir/ham10000-preprocessed/organized_ham10000/Benign Keratosis/ISIC_0030123.jpg,Benign Keratosis,4
T4_HAM,/kaggle/input/datasets/rayeedaabir/ham10000-preprocessed/organized_ham10000/Melanocytic Nevi/ISIC_0031340.jpg,Melanocytic Nevi,T4_HAM,/kaggle/input/datasets/rayeedaabir/ham10000-preprocessed/organized_ham10000/Melanocytic Nevi/ISIC_0027122.jpg,Melanocytic Nevi,2
T4_HAM,/kaggle/input/datasets/rayeedaabir/ham10000-preprocessed/organized_ham10000/Melanocytic Nevi/ISIC_0031481.jpg,Melanocytic Nevi,T4_HAM,/kaggle/input/datasets/rayeedaabir/ham10000-preprocessed/organized_ham10000/Melanocytic Nevi/ISIC_0029814.jpg,Melanocytic Nevi,4
T4_HAM,/kaggle/input/datasets/rayeedaabir/ham10000-preprocessed/organized_ham10000/Melanocytic Nevi/ISIC_0031541.jpg,Melanocytic Nevi,T4_HAM,/kaggle/input/datasets/rayeedaabir/ham10000-preprocessed/organized_ham10000/Melanocytic Nevi/ISIC_0027596.jpg,Melanocytic Nevi,0
T4_HAM,/kaggle/input/datasets/rayeedaabir/ham10000-preprocessed/organized_ham10000/Melanocytic Nevi/ISIC_0031574.jpg,Melanocytic Nevi,T4_HAM,/kaggle/input/datasets/rayeedaabir/ham10000-preprocessed/organized_ham10000/Melanocytic Nevi/ISIC_0025290.jpg,Melanocytic Nevi,4
T4_HAM,/kaggle/input/datasets/rayeedaabir/ham10000-preprocessed/organized_ham10000/Melanocytic Nevi/ISIC_0031599.jpg,Melanocytic Nevi,T4_HAM,/kaggle/input/datasets/rayeedaabir/ham10000-preprocessed/organized_ham10000/Melanocytic Nevi/ISIC_0030641.jpg,Melanocytic Nevi,4
T4_HAM,/kaggle/input/datasets/rayeedaabir/ham10000-preprocessed/organized_ham10000/Melanocytic Nevi/ISIC_0031621.jpg,Melanocytic Nevi,T4_HAM,/kaggle/input/datasets/rayeedaabir/ham10000-preprocessed/organized_ham10000/Melanocytic Nevi/ISIC_0030654.jpg,Melanocytic Nevi,2
T4_HAM,/kaggle/input/datasets/rayeedaabir/ham10000-preprocessed/organized_ham10000/Melanocytic Nevi/ISIC_0031631.jpg,Melanocytic Nevi,T4_HAM,/kaggle/input/datasets/rayeedaabir/ham10000-preprocessed/organized_ham10000/Melanocytic Nevi/ISIC_0027150.jpg,Melanocytic Nevi,2
T4_HAM,/kaggle/input/datasets/rayeedaabir/ham10000-preprocessed/organized_ham10000/Melanocytic Nevi/ISIC_0031731.jpg,Melanocytic Nevi,T4_HAM,/kaggle/input/datasets/rayeedaabir/ham10000-preprocessed/organized_ham10000/Melanocytic Nevi/ISIC_0026934.jpg,Melanocytic Nevi,4
T4_HAM,/kaggle/input/datasets/rayeedaabir/ham10000-preprocessed/organized_ham10000/Melanocytic Nevi/ISIC_0031813.jpg,Melanocytic Nevi,T4_HAM,/kaggle/input/datasets/rayeedaabir/ham10000-preprocessed/organized_ham10000/Melanocytic Nevi/ISIC_0024404.jpg,Melanocytic Nevi,4
T4_HAM,/kaggle/input/datasets/rayeedaabir/ham10000-preprocessed/organized_ham10000/Melanocytic Nevi/ISIC_0031822.jpg,Melanocytic Nevi,T4_HAM,/kaggle/input/datasets/rayeedaabir/ham10000-preprocessed/organized_ham10000/Melanocytic Nevi/ISIC_0030654.jpg,Melanocytic Nevi,2
T4_HAM,/kaggle/input/datasets/rayeedaabir/ham10000-preprocessed/organized_ham10000/Melanocytic Nevi/ISIC_0031838.jpg,Melanocytic Nevi,T4_HAM,/kaggle/input/datasets/rayeedaabir/ham10000-preprocessed/organized_ham10000/Melanocytic Nevi/ISIC_0025000.jpg,Melanocytic Nevi,4
T4_HAM,/kaggle/input/datasets/rayeedaabir/ham10000-preprocessed/organized_ham10000/Melanocytic Nevi/ISIC_0031839.jpg,Melanocytic Nevi,T4_HAM,/kaggle/input/datasets/rayeedaabir/ham10000-preprocessed/organized_ham10000/Melanocytic Nevi/ISIC_0026455.jpg,Melanocytic Nevi,2
T4_HAM,/kaggle/input/datasets/rayeedaabir/ham10000-preprocessed/organized_ham10000/Melanocytic Nevi/ISIC_0031896.jpg,Melanocytic Nevi,T4_HAM,/kaggle/input/datasets/rayeedaabir/ham10000-preprocessed/organized_ham10000/Melanocytic Nevi/ISIC_0028869.jpg,Melanocytic Nevi,4
T4_HAM,/kaggle/input/datasets/rayeedaabir/ham10000-preprocessed/organized_ham10000/Melanocytic Nevi/ISIC_0031905.jpg,Melanocytic Nevi,T4_HAM,/kaggle/input/datasets/rayeedaabir/ham10000-preprocessed/organized_ham10000/Melanocytic Nevi/ISIC_0030367.jpg,Melanocytic Nevi,2
T4_HAM,/kaggle/input/datasets/rayeedaabir/ham10000-preprocessed/organized_ham10000/Melanocytic Nevi/ISIC_0031917.jpg,Melanocytic Nevi,T4_HAM,/kaggle/input/datasets/rayeedaabir/ham10000-preprocessed/organized_ham10000/Melanocytic Nevi/ISIC_0027925.jpg,Melanocytic Nevi,2
T4_HAM,/kaggle/input/datasets/rayeedaabir/ham10000-preprocessed/organized_ham10000/Melanocytic Nevi/ISIC_0031932.jpg,Melanocytic Nevi,T4_HAM,/kaggle/input/datasets/rayeedaabir/ham10000-preprocessed/organized_ham10000/Melanocytic Nevi/ISIC_0031451.jpg,Melanocytic Nevi,4
T4_HAM,/kaggle/input/datasets/rayeedaabir/ham10000-preprocessed/organized_ham10000/Melanocytic Nevi/ISIC_0031933.jpg,Melanocytic Nevi,T4_HAM,/kaggle/input/datasets/rayeedaabir/ham10000-preprocessed/organized_ham10000/Melanocytic Nevi/ISIC_0024704.jpg,Melanocytic Nevi,4
T4_HAM,/kaggle/input/datasets/rayeedaabir/ham10000-preprocessed/organized_ham10000/Melanocytic Nevi/ISIC_0031984.jpg,Melanocytic Nevi,T4_HAM,/kaggle/input/datasets/rayeedaabir/ham10000-preprocessed/organized_ham10000/Melanocytic Nevi/ISIC_0026487.jpg,Melanocytic Nevi,0
T4_HAM,/kaggle/input/datasets/rayeedaabir/ham10000-preprocessed/organized_ham10000/Melanocytic Nevi/ISIC_0032003.jpg,Melanocytic Nevi,T4_HAM,/kaggle/input/datasets/rayeedaabir/ham10000-preprocessed/organized_ham10000/Melanocytic Nevi/ISIC_0025545.jpg,Melanocytic Nevi,4
T4_HAM,/kaggle/input/datasets/rayeedaabir/ham10000-preprocessed/organized_ham10000/Melanocytic Nevi/ISIC_0032059.jpg,Melanocytic Nevi,T4_HAM,/kaggle/input/datasets/rayeedaabir/ham10000-preprocessed/organized_ham10000/Melanocytic Nevi/ISIC_0029708.jpg,Melanocytic Nevi,4
T4_HAM,/kaggle/input/datasets/rayeedaabir/ham10000-preprocessed/organized_ham10000/Melanocytic Nevi/ISIC_0032082.jpg,Melanocytic Nevi,T4_HAM,/kaggle/input/datasets/rayeedaabir/ham10000-preprocessed/organized_ham10000/Melanocytic Nevi/ISIC_0027757.jpg,Melanocytic Nevi,4
T4_HAM,/kaggle/input/datasets/rayeedaabir/ham10000-preprocessed/organized_ham10000/Melanocytic Nevi/ISIC_0032120.jpg,Melanocytic Nevi,T4_HAM,/kaggle/input/datasets/rayeedaabir/ham10000-preprocessed/organized_ham10000/Melanocytic Nevi/ISIC_0029228.jpg,Melanocytic Nevi,4
T4_HAM,/kaggle/input/datasets/rayeedaabir/ham10000-preprocessed/organized_ham10000/Melanocytic Nevi/ISIC_0032125.jpg,Melanocytic Nevi,T4_HAM,/kaggle/input/datasets/rayeedaabir/ham10000-preprocessed/organized_ham10000/Basal Cell Carcinoma/ISIC_0027819.jpg,Basal Cell Carcinoma,4
T4_HAM,/kaggle/input/datasets/rayeedaabir/ham10000-preprocessed/organized_ham10000/Melanocytic Nevi/ISIC_0032165.jpg,Melanocytic Nevi,T4_HAM,/kaggle/input/datasets/rayeedaabir/ham10000-preprocessed/organized_ham10000/Melanocytic Nevi/ISIC_0024834.jpg,Melanocytic Nevi,4
T4_HAM,/kaggle/input/datasets/rayeedaabir/ham10000-preprocessed/organized_ham10000/Melanocytic Nevi/ISIC_0032183.jpg,Melanocytic Nevi,T4_HAM,/kaggle/input/datasets/rayeedaabir/ham10000-preprocessed/organized_ham10000/Melanocytic Nevi/ISIC_0024404.jpg,Melanocytic Nevi,2
T4_HAM,/kaggle/input/datasets/rayeedaabir/ham10000-preprocessed/organized_ham10000/Melanocytic Nevi/ISIC_0032195.jpg,Melanocytic Nevi,T4_HAM,/kaggle/input/datasets/rayeedaabir/ham10000-preprocessed/organized_ham10000/Melanocytic Nevi/ISIC_0031042.jpg,Melanocytic Nevi,4
T4_HAM,/kaggle/input/datasets/rayeedaabir/ham10000-preprocessed/organized_ham10000/Melanocytic Nevi/ISIC_0032228.jpg,Melanocytic Nevi,T4_HAM,/kaggle/input/datasets/rayeedaabir/ham10000-preprocessed/organized_ham10000/Melanocytic Nevi/ISIC_0027443.jpg,Melanocytic Nevi,4
T4_HAM,/kaggle/input/datasets/rayeedaabir/ham10000-preprocessed/organized_ham10000/Melanocytic Nevi/ISIC_0032242.jpg,Melanocytic Nevi,T4_HAM,/kaggle/input/datasets/rayeedaabir/ham10000-preprocessed/organized_ham10000/Melanocytic Nevi/ISIC_0028869.jpg,Melanocytic Nevi,4
T4_HAM,/kaggle/input/datasets/rayeedaabir/ham10000-preprocessed/organized_ham10000/Melanocytic Nevi/ISIC_0032336.jpg,Melanocytic Nevi,T4_HAM,/kaggle/input/datasets/rayeedaabir/ham10000-preprocessed/organized_ham10000/Melanocytic Nevi/ISIC_0031273.jpg,Melanocytic Nevi,4
T4_HAM,/kaggle/input/datasets/rayeedaabir/ham10000-preprocessed/organized_ham10000/Melanocytic Nevi/ISIC_0032368.jpg,Melanocytic Nevi,T4_HAM,/kaggle/input/datasets/rayeedaabir/ham10000-preprocessed/organized_ham10000/Melanocytic Nevi/ISIC_0027208.jpg,Melanocytic Nevi,4
T4_HAM,/kaggle/input/datasets/rayeedaabir/ham10000-preprocessed/organized_ham10000/Melanocytic Nevi/ISIC_0032405.jpg,Melanocytic Nevi,T4_HAM,/kaggle/input/datasets/rayeedaabir/ham10000-preprocessed/organized_ham10000/Basal Cell Carcinoma/ISIC_0027819.jpg,Basal Cell Carcinoma,4
T4_HAM,/kaggle/input/datasets/rayeedaabir/ham10000-preprocessed/organized_ham10000/Melanocytic Nevi/ISIC_0032407.jpg,Melanocytic Nevi,T4_HAM,/kaggle/input/datasets/rayeedaabir/ham10000-preprocessed/organized_ham10000/Melanocytic Nevi/ISIC_0027398.jpg,Melanocytic Nevi,0
T4_HAM,/kaggle/input/datasets/rayeedaabir/ham10000-preprocessed/organized_ham10000/Melanocytic Nevi/ISIC_0032492.jpg,Melanocytic Nevi,T4_HAM,/kaggle/input/datasets/rayeedaabir/ham10000-preprocessed/organized_ham10000/Melanocytic Nevi/ISIC_0027853.jpg,Melanocytic Nevi,2
T4_HAM,/kaggle/input/datasets/rayeedaabir/ham10000-preprocessed/organized_ham10000/Melanocytic Nevi/ISIC_0032496.jpg,Melanocytic Nevi,T4_HAM,/kaggle/input/datasets/rayeedaabir/ham10000-preprocessed/organized_ham10000/Melanocytic Nevi/ISIC_0024541.jpg,Melanocytic Nevi,4
T4_HAM,/kaggle/input/datasets/rayeedaabir/ham10000-preprocessed/organized_ham10000/Melanocytic Nevi/ISIC_0032612.jpg,Melanocytic Nevi,T4_HAM,/kaggle/input/datasets/rayeedaabir/ham10000-preprocessed/organized_ham10000/Melanocytic Nevi/ISIC_0024437.jpg,Melanocytic Nevi,2
T4_HAM,/kaggle/input/datasets/rayeedaabir/ham10000-preprocessed/organized_ham10000/Melanocytic Nevi/ISIC_0032678.jpg,Melanocytic Nevi,T4_HAM,/kaggle/input/datasets/rayeedaabir/ham10000-preprocessed/organized_ham10000/Melanocytic Nevi/ISIC_0025850.jpg,Melanocytic Nevi,4
T4_HAM,/kaggle/input/datasets/rayeedaabir/ham10000-preprocessed/organized_ham10000/Melanocytic Nevi/ISIC_0032720.jpg,Melanocytic Nevi,T4_HAM,/kaggle/input/datasets/rayeedaabir/ham10000-preprocessed/organized_ham10000/Benign Keratosis/ISIC_0029289.jpg,Benign Keratosis,4
T4_HAM,/kaggle/input/datasets/rayeedaabir/ham10000-preprocessed/organized_ham10000/Melanocytic Nevi/ISIC_0032728.jpg,Melanocytic Nevi,T4_HAM,/kaggle/input/datasets/rayeedaabir/ham10000-preprocessed/organized_ham10000/Actinic Keratoses/ISIC_0026203.jpg,Actinic Keratoses,4
T4_HAM,/kaggle/input/datasets/rayeedaabir/ham10000-preprocessed/organized_ham10000/Melanocytic Nevi/ISIC_0032811.jpg,Melanocytic Nevi,T4_HAM,/kaggle/input/datasets/rayeedaabir/ham10000-preprocessed/organized_ham10000/Melanocytic Nevi/ISIC_0028946.jpg,Melanocytic Nevi,4
T4_HAM,/kaggle/input/datasets/rayeedaabir/ham10000-preprocessed/organized_ham10000/Melanocytic Nevi/ISIC_0032824.jpg,Melanocytic Nevi,T4_HAM,/kaggle/input/datasets/rayeedaabir/ham10000-preprocessed/organized_ham10000/Basal Cell Carcinoma/ISIC_0027819.jpg,Basal Cell Carcinoma,4
T4_HAM,/kaggle/input/datasets/rayeedaabir/ham10000-preprocessed/organized_ham10000/Melanocytic Nevi/ISIC_0032851.jpg,Melanocytic Nevi,T4_HAM,/kaggle/input/datasets/rayeedaabir/ham10000-preprocessed/organized_ham10000/Melanocytic Nevi/ISIC_0026175.jpg,Melanocytic Nevi,4
T4_HAM,/kaggle/input/datasets/rayeedaabir/ham10000-preprocessed/organized_ham10000/Melanocytic Nevi/ISIC_0032980.jpg,Melanocytic Nevi,T4_HAM,/kaggle/input/datasets/rayeedaabir/ham10000-preprocessed/organized_ham10000/Melanocytic Nevi/ISIC_0031604.jpg,Melanocytic Nevi,4
T4_HAM,/kaggle/input/datasets/rayeedaabir/ham10000-preprocessed/organized_ham10000/Melanocytic Nevi/ISIC_0033018.jpg,Melanocytic Nevi,T4_HAM,/kaggle/input/datasets/rayeedaabir/ham10000-preprocessed/organized_ham10000/Basal Cell Carcinoma/ISIC_0027819.jpg,Basal Cell Carcinoma,4
T4_HAM,/kaggle/input/datasets/rayeedaabir/ham10000-preprocessed/organized_ham10000/Melanocytic Nevi/ISIC_0033115.jpg,Melanocytic Nevi,T4_HAM,/kaggle/input/datasets/rayeedaabir/ham10000-preprocessed/organized_ham10000/Melanocytic Nevi/ISIC_0032966.jpg,Melanocytic Nevi,4
T4_HAM,/kaggle/input/datasets/rayeedaabir/ham10000-preprocessed/organized_ham10000/Melanocytic Nevi/ISIC_0033237.jpg,Melanocytic Nevi,T4_HAM,/kaggle/input/datasets/rayeedaabir/ham10000-preprocessed/organized_ham10000/Melanocytic Nevi/ISIC_0024594.jpg,Melanocytic Nevi,4
T4_HAM,/kaggle/input/datasets/rayeedaabir/ham10000-preprocessed/organized_ham10000/Melanocytic Nevi/ISIC_0033329.jpg,Melanocytic Nevi,T4_HAM,/kaggle/input/datasets/rayeedaabir/ham10000-preprocessed/organized_ham10000/Melanocytic Nevi/ISIC_0030117.jpg,Melanocytic Nevi,4
T4_HAM,/kaggle/input/datasets/rayeedaabir/ham10000-preprocessed/organized_ham10000/Melanocytic Nevi/ISIC_0033339.jpg,Melanocytic Nevi,T4_HAM,/kaggle/input/datasets/rayeedaabir/ham10000-preprocessed/organized_ham10000/Melanocytic Nevi/ISIC_0030641.jpg,Melanocytic Nevi,4
T4_HAM,/kaggle/input/datasets/rayeedaabir/ham10000-preprocessed/organized_ham10000/Melanocytic Nevi/ISIC_0033352.jpg,Melanocytic Nevi,T4_HAM,/kaggle/input/datasets/rayeedaabir/ham10000-preprocessed/organized_ham10000/Melanocytic Nevi/ISIC_0025931.jpg,Melanocytic Nevi,4
T4_HAM,/kaggle/input/datasets/rayeedaabir/ham10000-preprocessed/organized_ham10000/Melanocytic Nevi/ISIC_0033511.jpg,Melanocytic Nevi,T4_HAM,/kaggle/input/datasets/rayeedaabir/ham10000-preprocessed/organized_ham10000/Melanocytic Nevi/ISIC_0027688.jpg,Melanocytic Nevi,4
T4_HAM,/kaggle/input/datasets/rayeedaabir/ham10000-preprocessed/organized_ham10000/Melanocytic Nevi/ISIC_0033541.jpg,Melanocytic Nevi,T4_HAM,/kaggle/input/datasets/rayeedaabir/ham10000-preprocessed/organized_ham10000/Melanocytic Nevi/ISIC_0033532.jpg,Melanocytic Nevi,4
T4_HAM,/kaggle/input/datasets/rayeedaabir/ham10000-preprocessed/organized_ham10000/Melanocytic Nevi/ISIC_0033561.jpg,Melanocytic Nevi,T4_HAM,/kaggle/input/datasets/rayeedaabir/ham10000-preprocessed/organized_ham10000/Melanocytic Nevi/ISIC_0024704.jpg,Melanocytic Nevi,4
T4_HAM,/kaggle/input/datasets/rayeedaabir/ham10000-preprocessed/organized_ham10000/Melanocytic Nevi/ISIC_0033598.jpg,Melanocytic Nevi,T4_HAM,/kaggle/input/datasets/rayeedaabir/ham10000-preprocessed/organized_ham10000/Melanocytic Nevi/ISIC_0027443.jpg,Melanocytic Nevi,4
T4_HAM,/kaggle/input/datasets/rayeedaabir/ham10000-preprocessed/organized_ham10000/Melanocytic Nevi/ISIC_0033743.jpg,Melanocytic Nevi,T4_HAM,/kaggle/input/datasets/rayeedaabir/ham10000-preprocessed/organized_ham10000/Basal Cell Carcinoma/ISIC_0027819.jpg,Basal Cell Carcinoma,4
T4_HAM,/kaggle/input/datasets/rayeedaabir/ham10000-preprocessed/organized_ham10000/Melanocytic Nevi/ISIC_0033763.jpg,Melanocytic Nevi,T4_HAM,/kaggle/input/datasets/rayeedaabir/ham10000-preprocessed/organized_ham10000/Melanocytic Nevi/ISIC_0029650.jpg,Melanocytic Nevi,4
T4_HAM,/kaggle/input/datasets/rayeedaabir/ham10000-preprocessed/organized_ham10000/Melanocytic Nevi/ISIC_0033799.jpg,Melanocytic Nevi,T4_HAM,/kaggle/input/datasets/rayeedaabir/ham10000-preprocessed/organized_ham10000/Basal Cell Carcinoma/ISIC_0027819.jpg,Basal Cell Carcinoma,4
T4_HAM,/kaggle/input/datasets/rayeedaabir/ham10000-preprocessed/organized_ham10000/Melanocytic Nevi/ISIC_0033846.jpg,Melanocytic Nevi,T4_HAM,/kaggle/input/datasets/rayeedaabir/ham10000-preprocessed/organized_ham10000/Melanocytic Nevi/ISIC_0031629.jpg,Melanocytic Nevi,4
T4_HAM,/kaggle/input/datasets/rayeedaabir/ham10000-preprocessed/organized_ham10000/Melanocytic Nevi/ISIC_0033889.jpg,Melanocytic Nevi,T4_HAM,/kaggle/input/datasets/rayeedaabir/ham10000-preprocessed/organized_ham10000/Melanocytic Nevi/ISIC_0032939.jpg,Melanocytic Nevi,4
T4_HAM,/kaggle/input/datasets/rayeedaabir/ham10000-preprocessed/organized_ham10000/Melanocytic Nevi/ISIC_0033912.jpg,Melanocytic Nevi,T4_HAM,/kaggle/input/datasets/rayeedaabir/ham10000-preprocessed/organized_ham10000/Melanocytic Nevi/ISIC_0032338.jpg,Melanocytic Nevi,4
T4_HAM,/kaggle/input/datasets/rayeedaabir/ham10000-preprocessed/organized_ham10000/Melanocytic Nevi/ISIC_0033982.jpg,Melanocytic Nevi,T4_HAM,/kaggle/input/datasets/rayeedaabir/ham10000-preprocessed/organized_ham10000/Melanocytic Nevi/ISIC_0025000.jpg,Melanocytic Nevi,4
T4_HAM,/kaggle/input/datasets/rayeedaabir/ham10000-preprocessed/organized_ham10000/Melanocytic Nevi/ISIC_0034008.jpg,Melanocytic Nevi,T4_HAM,/kaggle/input/datasets/rayeedaabir/ham10000-preprocessed/organized_ham10000/Melanocytic Nevi/ISIC_0027313.jpg,Melanocytic Nevi,4
T4_HAM,/kaggle/input/datasets/rayeedaabir/ham10000-preprocessed/organized_ham10000/Melanocytic Nevi/ISIC_0034018.jpg,Melanocytic Nevi,T4_HAM,/kaggle/input/datasets/rayeedaabir/ham10000-preprocessed/organized_ham10000/Melanocytic Nevi/ISIC_0032670.jpg,Melanocytic Nevi,4
T4_HAM,/kaggle/input/datasets/rayeedaabir/ham10000-preprocessed/organized_ham10000/Melanocytic Nevi/ISIC_0034193.jpg,Melanocytic Nevi,T4_HAM,/kaggle/input/datasets/rayeedaabir/ham10000-preprocessed/organized_ham10000/Melanocytic Nevi/ISIC_0034128.jpg,Melanocytic Nevi,4
T4_HAM,/kaggle/input/datasets/rayeedaabir/ham10000-preprocessed/organized_ham10000/Melanocytic Nevi/ISIC_0034200.jpg,Melanocytic Nevi,T4_HAM,/kaggle/input/datasets/rayeedaabir/ham10000-preprocessed/organized_ham10000/Melanocytic Nevi/ISIC_0026934.jpg,Melanocytic Nevi,4
T4_HAM,/kaggle/input/datasets/rayeedaabir/ham10000-preprocessed/organized_ham10000/Melanocytic Nevi/ISIC_0034206.jpg,Melanocytic Nevi,T4_HAM,/kaggle/input/datasets/rayeedaabir/ham10000-preprocessed/organized_ham10000/Melanocytic Nevi/ISIC_0032475.jpg,Melanocytic Nevi,4
T4_HAM,/kaggle/input/datasets/rayeedaabir/ham10000-preprocessed/organized_ham10000/Melanocytic Nevi/ISIC_0034215.jpg,Melanocytic Nevi,T4_HAM,/kaggle/input/datasets/rayeedaabir/ham10000-preprocessed/organized_ham10000/Melanocytic Nevi/ISIC_0026164.jpg,Melanocytic Nevi,4
T4_HAM,/kaggle/input/datasets/rayeedaabir/ham10000-preprocessed/organized_ham10000/Melanoma/ISIC_0024630.jpg,Melanoma,T4_HAM,/kaggle/input/datasets/rayeedaabir/ham10000-preprocessed/organized_ham10000/Melanoma/ISIC_0024333.jpg,Melanoma,0
T4_HAM,/kaggle/input/datasets/rayeedaabir/ham10000-preprocessed/organized_ham10000/Melanoma/ISIC_0024962.jpg,Melanoma,T4_HAM,/kaggle/input/datasets/rayeedaabir/ham10000-preprocessed/organized_ham10000/Melanoma/ISIC_0024823.jpg,Melanoma,2
T4_HAM,/kaggle/input/datasets/rayeedaabir/ham10000-preprocessed/organized_ham10000/Melanoma/ISIC_0025512.jpg,Melanoma,T4_HAM,/kaggle/input/datasets/rayeedaabir/ham10000-preprocessed/organized_ham10000/Melanoma/ISIC_0024999.jpg,Melanoma,0
T4_HAM,/kaggle/input/datasets/rayeedaabir/ham10000-preprocessed/organized_ham10000/Melanoma/ISIC_0025724.jpg,Melanoma,T4_HAM,/kaggle/input/datasets/rayeedaabir/ham10000-preprocessed/organized_ham10000/Melanocytic Nevi/ISIC_0027313.jpg,Melanocytic Nevi,4
T4_HAM,/kaggle/input/datasets/rayeedaabir/ham10000-preprocessed/organized_ham10000/Melanoma/ISIC_0025963.jpg,Melanoma,T4_HAM,/kaggle/input/datasets/rayeedaabir/ham10000-preprocessed/organized_ham10000/Melanoma/ISIC_0025121.jpg,Melanoma,4
T4_HAM,/kaggle/input/datasets/rayeedaabir/ham10000-preprocessed/organized_ham10000/Melanoma/ISIC_0026352.jpg,Melanoma,T4_HAM,/kaggle/input/datasets/rayeedaabir/ham10000-preprocessed/organized_ham10000/Melanoma/ISIC_0024688.jpg,Melanoma,4
T4_HAM,/kaggle/input/datasets/rayeedaabir/ham10000-preprocessed/organized_ham10000/Melanoma/ISIC_0026516.jpg,Melanoma,T4_HAM,/kaggle/input/datasets/rayeedaabir/ham10000-preprocessed/organized_ham10000/Benign Keratosis/ISIC_0027151.jpg,Benign Keratosis,4
T4_HAM,/kaggle/input/datasets/rayeedaabir/ham10000-preprocessed/organized_ham10000/Melanoma/ISIC_0027797.jpg,Melanoma,T4_HAM,/kaggle/input/datasets/rayeedaabir/ham10000-preprocessed/organized_ham10000/Melanocytic Nevi/ISIC_0024704.jpg,Melanocytic Nevi,4
T4_HAM,/kaggle/input/datasets/rayeedaabir/ham10000-preprocessed/organized_ham10000/Melanoma/ISIC_0028114.jpg,Melanoma,T4_HAM,/kaggle/input/datasets/rayeedaabir/ham10000-preprocessed/organized_ham10000/Melanoma/ISIC_0027673.jpg,Melanoma,2
T4_HAM,/kaggle/input/datasets/rayeedaabir/ham10000-preprocessed/organized_ham10000/Melanoma/ISIC_0028198.jpg,Melanoma,T4_HAM,/kaggle/input/datasets/rayeedaabir/ham10000-preprocessed/organized_ham10000/Melanoma/ISIC_0027144.jpg,Melanoma,4
T4_HAM,/kaggle/input/datasets/rayeedaabir/ham10000-preprocessed/organized_ham10000/Melanoma/ISIC_0028467.jpg,Melanoma,T4_HAM,/kaggle/input/datasets/rayeedaabir/ham10000-preprocessed/organized_ham10000/Melanocytic Nevi/ISIC_0026175.jpg,Melanocytic Nevi,4
T4_HAM,/kaggle/input/datasets/rayeedaabir/ham10000-preprocessed/organized_ham10000/Melanoma/ISIC_0028760.jpg,Melanoma,T4_HAM,/kaggle/input/datasets/rayeedaabir/ham10000-preprocessed/organized_ham10000/Melanocytic Nevi/ISIC_0027836.jpg,Melanocytic Nevi,4
T4_HAM,/kaggle/input/datasets/rayeedaabir/ham10000-preprocessed/organized_ham10000/Melanoma/ISIC_0029480.jpg,Melanoma,T4_HAM,/kaggle/input/datasets/rayeedaabir/ham10000-preprocessed/organized_ham10000/Melanocytic Nevi/ISIC_0024704.jpg,Melanocytic Nevi,4
T4_HAM,/kaggle/input/datasets/rayeedaabir/ham10000-preprocessed/organized_ham10000/Melanoma/ISIC_0029502.jpg,Melanoma,T4_HAM,/kaggle/input/datasets/rayeedaabir/ham10000-preprocessed/organized_ham10000/Melanocytic Nevi/ISIC_0028869.jpg,Melanocytic Nevi,2
T4_HAM,/kaggle/input/datasets/rayeedaabir/ham10000-preprocessed/organized_ham10000/Melanoma/ISIC_0029744.jpg,Melanoma,T4_HAM,/kaggle/input/datasets/rayeedaabir/ham10000-preprocessed/organized_ham10000/Melanoma/ISIC_0027102.jpg,Melanoma,4
T4_HAM,/kaggle/input/datasets/rayeedaabir/ham10000-preprocessed/organized_ham10000/Melanoma/ISIC_0030653.jpg,Melanoma,T4_HAM,/kaggle/input/datasets/rayeedaabir/ham10000-preprocessed/organized_ham10000/Melanocytic Nevi/ISIC_0032263.jpg,Melanocytic Nevi,4
T4_HAM,/kaggle/input/datasets/rayeedaabir/ham10000-preprocessed/organized_ham10000/Melanoma/ISIC_0031339.jpg,Melanoma,T4_HAM,/kaggle/input/datasets/rayeedaabir/ham10000-preprocessed/organized_ham10000/Melanoma/ISIC_0029353.jpg,Melanoma,4
T4_HAM,/kaggle/input/datasets/rayeedaabir/ham10000-preprocessed/organized_ham10000/Melanoma/ISIC_0032134.jpg,Melanoma,T4_HAM,/kaggle/input/datasets/rayeedaabir/ham10000-preprocessed/organized_ham10000/Melanoma/ISIC_0027673.jpg,Melanoma,2
T4_HAM,/kaggle/input/datasets/rayeedaabir/ham10000-preprocessed/organized_ham10000/Melanoma/ISIC_0032197.jpg,Melanoma,T4_HAM,/kaggle/input/datasets/rayeedaabir/ham10000-preprocessed/organized_ham10000/Melanoma/ISIC_0028984.jpg,Melanoma,2
T4_HAM,/kaggle/input/datasets/rayeedaabir/ham10000-preprocessed/organized_ham10000/Melanoma/ISIC_0032537.jpg,Melanoma,T4_HAM,/kaggle/input/datasets/rayeedaabir/ham10000-preprocessed/organized_ham10000/Melanocytic Nevi/ISIC_0026024.jpg,Melanocytic Nevi,4
T4_HAM,/kaggle/input/datasets/rayeedaabir/ham10000-preprocessed/organized_ham10000/Melanoma/ISIC_0034052.jpg,Melanoma,T4_HAM,/kaggle/input/datasets/rayeedaabir/ham10000-preprocessed/organized_ham10000/Melanocytic Nevi/ISIC_0032792.jpg,Melanocytic Nevi,4
T4_HAM,/kaggle/input/datasets/rayeedaabir/ham10000-preprocessed/organized_ham10000/Vascular Lesions/ISIC_0025425.jpg,Vascular Lesions,T4_HAM,/kaggle/input/datasets/rayeedaabir/ham10000-preprocessed/organized_ham10000/Melanocytic Nevi/ISIC_0026476.jpg,Melanocytic Nevi,4
T4_HAM,/kaggle/input/datasets/rayeedaabir/ham10000-preprocessed/organized_ham10000/Vascular Lesions/ISIC_0025612.jpg,Vascular Lesions,T4_HAM,/kaggle/input/datasets/rayeedaabir/ham10000-preprocessed/organized_ham10000/Melanocytic Nevi/ISIC_0026838.jpg,Melanocytic Nevi,4
T4_HAM,/kaggle/input/datasets/rayeedaabir/ham10000-preprocessed/organized_ham10000/Vascular Lesions/ISIC_0027385.jpg,Vascular Lesions,T4_HAM,/kaggle/input/datasets/rayeedaabir/ham10000-preprocessed/organized_ham10000/Melanocytic Nevi/ISIC_0025370.jpg,Melanocytic Nevi,4
T4_HAM,/kaggle/input/datasets/rayeedaabir/ham10000-preprocessed/organized_ham10000/Vascular Lesions/ISIC_0030070.jpg,Vascular Lesions,T4_HAM,/kaggle/input/datasets/rayeedaabir/ham10000-preprocessed/organized_ham10000/Melanoma/ISIC_0025955.jpg,Melanoma,4
T4_HAM,/kaggle/input/datasets/rayeedaabir/ham10000-preprocessed/organized_ham10000/Vascular Lesions/ISIC_0031950.jpg,Vascular Lesions,T4_HAM,/kaggle/input/datasets/rayeedaabir/ham10000-preprocessed/organized_ham10000/Melanocytic Nevi/ISIC_0027443.jpg,Melanocytic Nevi,4
T4_HAM,/kaggle/input/datasets/rayeedaabir/ham10000-preprocessed/organized_ham10000/Vascular Lesions/ISIC_0032409.jpg,Vascular Lesions,T4_HAM,/kaggle/input/datasets/rayeedaabir/ham10000-preprocessed/organized_ham10000/Melanocytic Nevi/ISIC_0031805.jpg,Melanocytic Nevi,4
