task,filepath,label,label_idx,split,phash
T3_LAG,/kaggle/input/datasets/rayeedaabir/lag-database-part1-uk/LAG_database_part1_UK/non_glaucoma/image/0001.jpg,Normal,5,train,8561308f47975f6c
T3_LAG,/kaggle/input/datasets/rayeedaabir/lag-database-part1-uk/LAG_database_part1_UK/non_glaucoma/image/0002.jpg,Normal,5,test,946d659712c96a3e
T3_LAG,/kaggle/input/datasets/rayeedaabir/lag-database-part1-uk/LAG_database_part1_UK/non_glaucoma/image/0003.jpg,Normal,5,val,846d71b34ccc7333
T3_LAG,/kaggle/input/datasets/rayeedaabir/lag-database-part1-uk/LAG_database_part1_UK/non_glaucoma/image/0004.jpg,Normal,5,train,ccdf31318ece303c
T3_LAG,/kaggle/input/datasets/rayeedaabir/lag-database-part1-uk/LAG_database_part1_UK/non_glaucoma/image/0006.jpg,Normal,5,train,cfdb387ec0c70039
T3_LAG,/kaggle/input/datasets/rayeedaabir/lag-database-part1-uk/LAG_database_part1_UK/non_glaucoma/image/0007.jpg,Normal,5,train,957d54b540de4a5a
T3_LAG,/kaggle/input/datasets/rayeedaabir/lag-database-part1-uk/LAG_database_part1_UK/non_glaucoma/image/0009.jpg,Normal,5,train,c7383ce3621ce4c7
T3_LAG,/kaggle/input/datasets/rayeedaabir/lag-database-part1-uk/LAG_database_part1_UK/non_glaucoma/image/0010.jpg,Normal,5,train,969269691792f16d
T3_LAG,/kaggle/input/datasets/rayeedaabir/lag-database-part1-uk/LAG_database_part1_UK/non_glaucoma/image/0013.jpg,Normal,5,train,953f55c954b55245
T3_LAG,/kaggle/input/datasets/rayeedaabir/lag-database-part1-uk/LAG_database_part1_UK/non_glaucoma/image/0014.jpg,Normal,5,test,943f619612cb4abe
T3_LAG,/kaggle/input/datasets/rayeedaabir/lag-database-part1-uk/LAG_database_part1_UK/non_glaucoma/image/0015.jpg,Normal,5,val,c1c73c3e61e31c3c
T3_LAG,/kaggle/input/datasets/rayeedaabir/lag-database-part1-uk/LAG_database_part1_UK/non_glaucoma/image/0016.jpg,Normal,5,test,c1de3e63e09e1e60
T3_LAG,/kaggle/input/datasets/rayeedaabir/lag-database-part1-uk/LAG_database_part1_UK/non_glaucoma/image/0017.jpg,Normal,5,train,d56e76d940960ad9
T3_LAG,/kaggle/input/datasets/rayeedaabir/lag-database-part1-uk/LAG_database_part1_UK/non_glaucoma/image/0022.jpg,Normal,5,val,99cc26364d9b3366
T3_LAG,/kaggle/input/datasets/rayeedaabir/lag-database-part1-uk/LAG_database_part1_UK/non_glaucoma/image/0023.jpg,Normal,5,train,d13d24f7019a5774
T3_LAG,/kaggle/input/datasets/rayeedaabir/lag-database-part1-uk/LAG_database_part1_UK/non_glaucoma/image/0025.jpg,Normal,5,train,94f44a8a3d50676f
T3_LAG,/kaggle/input/datasets/rayeedaabir/lag-database-part1-uk/LAG_database_part1_UK/non_glaucoma/image/0027.jpg,Normal,5,train,c09f1f61609f0ff0
T3_LAG,/kaggle/input/datasets/rayeedaabir/lag-database-part1-uk/LAG_database_part1_UK/non_glaucoma/image/0028.jpg,Normal,5,train,d57f36d940a602d9
T3_LAG,/kaggle/input/datasets/rayeedaabir/lag-database-part1-uk/LAG_database_part1_UK/non_glaucoma/image/0029.jpg,Normal,5,test,c0713b1f606d82bf
T3_LAG,/kaggle/input/datasets/rayeedaabir/lag-database-part1-uk/LAG_database_part1_UK/non_glaucoma/image/0031.jpg,Normal,5,train,f07f807e01f801fe
T3_LAG,/kaggle/input/datasets/rayeedaabir/lag-database-part1-uk/LAG_database_part1_UK/non_glaucoma/image/0033.jpg,Normal,5,val,99b576d4589262cb
T3_LAG,/kaggle/input/datasets/rayeedaabir/lag-database-part1-uk/LAG_database_part1_UK/non_glaucoma/image/0034.jpg,Normal,5,val,c1fe20ef01e7053e
T3_LAG,/kaggle/input/datasets/rayeedaabir/lag-database-part1-uk/LAG_database_part1_UK/non_glaucoma/image/0036.jpg,Normal,5,train,950d75bb54e16625
T3_LAG,/kaggle/input/datasets/rayeedaabir/lag-database-part1-uk/LAG_database_part1_UK/non_glaucoma/image/0038.jpg,Normal,5,train,906f65b512d34a3d
T3_LAG,/kaggle/input/datasets/rayeedaabir/lag-database-part1-uk/LAG_database_part1_UK/non_glaucoma/image/0044.jpg,Normal,5,train,c0e416cf416e97b9
T3_LAG,/kaggle/input/datasets/rayeedaabir/lag-database-part1-uk/LAG_database_part1_UK/non_glaucoma/image/0046.jpg,Normal,5,train,95b7651555c35538
T3_LAG,/kaggle/input/datasets/rayeedaabir/lag-database-part1-uk/LAG_database_part1_UK/non_glaucoma/image/0048.jpg,Normal,5,train,86a7395ac69d307a
T3_LAG,/kaggle/input/datasets/rayeedaabir/lag-database-part1-uk/LAG_database_part1_UK/non_glaucoma/image/0049.jpg,Normal,5,test,8063659d17975f54
T3_LAG,/kaggle/input/datasets/rayeedaabir/lag-database-part1-uk/LAG_database_part1_UK/non_glaucoma/image/0053.jpg,Normal,5,test,87013d1c7b443f5b
T3_LAG,/kaggle/input/datasets/rayeedaabir/lag-database-part1-uk/LAG_database_part1_UK/non_glaucoma/image/0054.jpg,Normal,5,train,81a5753555975565
T3_LAG,/kaggle/input/datasets/rayeedaabir/lag-database-part1-uk/LAG_database_part1_UK/non_glaucoma/image/0055.jpg,Normal,5,train,96c1691d35cd6996
T3_LAG,/kaggle/input/datasets/rayeedaabir/lag-database-part1-uk/LAG_database_part1_UK/non_glaucoma/image/0057.jpg,Normal,5,train,91346ddb96960a6b
T3_LAG,/kaggle/input/datasets/rayeedaabir/lag-database-part1-uk/LAG_database_part1_UK/non_glaucoma/image/0064.jpg,Normal,5,train,d53f12d942c60a7d
T3_LAG,/kaggle/input/datasets/rayeedaabir/lag-database-part1-uk/LAG_database_part1_UK/non_glaucoma/image/0065.jpg,Normal,5,train,94f565d212db4a1e
T3_LAG,/kaggle/input/datasets/rayeedaabir/lag-database-part1-uk/LAG_database_part1_UK/non_glaucoma/image/0066.jpg,Normal,5,val,969269691796356b
T3_LAG,/kaggle/input/datasets/rayeedaabir/lag-database-part1-uk/LAG_database_part1_UK/non_glaucoma/image/0068.jpg,Normal,5,val,802b17e755c05f2f
T3_LAG,/kaggle/input/datasets/rayeedaabir/lag-database-part1-uk/LAG_database_part1_UK/non_glaucoma/image/0070.jpg,Normal,5,test,9568692f35726a2e
T3_LAG,/kaggle/input/datasets/rayeedaabir/lag-database-part1-uk/LAG_database_part1_UK/non_glaucoma/image/0071.jpg,Normal,5,test,c3fe306b01ef053a
T3_LAG,/kaggle/input/datasets/rayeedaabir/lag-database-part1-uk/LAG_database_part1_UK/non_glaucoma/image/0072.jpg,Normal,5,val,946d619712cf6b32
T3_LAG,/kaggle/input/datasets/rayeedaabir/lag-database-part1-uk/LAG_database_part1_UK/non_glaucoma/image/0073.jpg,Normal,5,test,9467619932c64b7d
T3_LAG,/kaggle/input/datasets/rayeedaabir/lag-database-part1-uk/LAG_database_part1_UK/non_glaucoma/image/0074.jpg,Normal,5,train,c6cf383942cf207b
T3_LAG,/kaggle/input/datasets/rayeedaabir/lag-database-part1-uk/LAG_database_part1_UK/non_glaucoma/image/0075.jpg,Normal,5,test,949645495596d6d7
T3_LAG,/kaggle/input/datasets/rayeedaabir/lag-database-part1-uk/LAG_database_part1_UK/non_glaucoma/image/0076.jpg,Normal,5,test,c3c33c3c63c73938
T3_LAG,/kaggle/input/datasets/rayeedaabir/lag-database-part1-uk/LAG_database_part1_UK/non_glaucoma/image/0078.jpg,Normal,5,train,d9886566d5995566
T3_LAG,/kaggle/input/datasets/rayeedaabir/lag-database-part1-uk/LAG_database_part1_UK/non_glaucoma/image/0079.jpg,Normal,5,train,c7e7308847875f38
T3_LAG,/kaggle/input/datasets/rayeedaabir/lag-database-part1-uk/LAG_database_part1_UK/non_glaucoma/image/0080.jpg,Normal,5,train,d585793f16926a49
T3_LAG,/kaggle/input/datasets/rayeedaabir/lag-database-part1-uk/LAG_database_part1_UK/non_glaucoma/image/0083.jpg,Normal,5,train,956b4ab521cf4a39
T3_LAG,/kaggle/input/datasets/rayeedaabir/lag-database-part1-uk/LAG_database_part1_UK/non_glaucoma/image/0085.jpg,Normal,5,train,97c56d1317c46517
T3_LAG,/kaggle/input/datasets/rayeedaabir/lag-database-part1-uk/LAG_database_part1_UK/non_glaucoma/image/0086.jpg,Normal,5,train,c1c5140f059f1d7f
T3_LAG,/kaggle/input/datasets/rayeedaabir/lag-database-part1-uk/LAG_database_part1_UK/non_glaucoma/image/0087.jpg,Normal,5,val,816c3cc747911e7b
T3_LAG,/kaggle/input/datasets/rayeedaabir/lag-database-part1-uk/LAG_database_part1_UK/non_glaucoma/image/0088.jpg,Normal,5,val,8c6363831d9c7733
T3_LAG,/kaggle/input/datasets/rayeedaabir/lag-database-part1-uk/LAG_database_part1_UK/non_glaucoma/image/0089.jpg,Normal,5,train,c1d71c7e01f7017c
T3_LAG,/kaggle/input/datasets/rayeedaabir/lag-database-part1-uk/LAG_database_part1_UK/non_glaucoma/image/0090.jpg,Normal,5,train,84fa694a15b6556b
T3_LAG,/kaggle/input/datasets/rayeedaabir/lag-database-part1-uk/LAG_database_part1_UK/non_glaucoma/image/0092.jpg,Normal,5,test,d7426d2d16b2652d
T3_LAG,/kaggle/input/datasets/rayeedaabir/lag-database-part1-uk/LAG_database_part1_UK/non_glaucoma/image/0094.jpg,Normal,5,train,c1e11cbcc1e31ebc
T3_LAG,/kaggle/input/datasets/rayeedaabir/lag-database-part1-uk/LAG_database_part1_UK/non_glaucoma/image/0096.jpg,Normal,5,train,c1dc3e3be1e0141f
T3_LAG,/kaggle/input/datasets/rayeedaabir/lag-database-part1-uk/LAG_database_part1_UK/non_glaucoma/image/0098.jpg,Normal,5,train,94e645d512ce4a6f
T3_LAG,/kaggle/input/datasets/rayeedaabir/lag-database-part1-uk/LAG_database_part1_UK/non_glaucoma/image/0099.jpg,Normal,5,test,d1ef30bf40e7007c
T3_LAG,/kaggle/input/datasets/rayeedaabir/lag-database-part1-uk/LAG_database_part1_UK/non_glaucoma/image/0101.jpg,Normal,5,train,9484696b75b27c2b
T3_LAG,/kaggle/input/datasets/rayeedaabir/lag-database-part1-uk/LAG_database_part1_UK/non_glaucoma/image/0102.jpg,Normal,5,train,d46b72c34aa622dd
T3_LAG,/kaggle/input/datasets/rayeedaabir/lag-database-part1-uk/LAG_database_part1_UK/non_glaucoma/image/0104.jpg,Normal,5,train,80af259515d75717
T3_LAG,/kaggle/input/datasets/rayeedaabir/lag-database-part1-uk/LAG_database_part1_UK/non_glaucoma/image/0105.jpg,Normal,5,train,926d659212c76a3f
T3_LAG,/kaggle/input/datasets/rayeedaabir/lag-database-part1-uk/LAG_database_part1_UK/non_glaucoma/image/0109.jpg,Normal,5,train,c2db3d7b4235304b
T3_LAG,/kaggle/input/datasets/rayeedaabir/lag-database-part1-uk/LAG_database_part1_UK/non_glaucoma/image/0110.jpg,Normal,5,train,d3c03c3fc3a3303e
T3_LAG,/kaggle/input/datasets/rayeedaabir/lag-database-part1-uk/LAG_database_part1_UK/non_glaucoma/image/0112.jpg,Normal,5,val,80e2358d57975d27
T3_LAG,/kaggle/input/datasets/rayeedaabir/lag-database-part1-uk/LAG_database_part1_UK/non_glaucoma/image/0118.jpg,Normal,5,train,df05383ee2676078
T3_LAG,/kaggle/input/datasets/rayeedaabir/lag-database-part1-uk/LAG_database_part1_UK/non_glaucoma/image/0120.jpg,Normal,5,test,99e26699d866d9c8
T3_LAG,/kaggle/input/datasets/rayeedaabir/lag-database-part1-uk/LAG_database_part1_UK/non_glaucoma/image/0124.jpg,Normal,5,train,c53732cd4ae622d9
T3_LAG,/kaggle/input/datasets/rayeedaabir/lag-database-part1-uk/LAG_database_part1_UK/non_glaucoma/image/0127.jpg,Normal,5,train,8069659755be5723
T3_LAG,/kaggle/input/datasets/rayeedaabir/lag-database-part1-uk/LAG_database_part1_UK/non_glaucoma/image/0130.jpg,Normal,5,train,c07831780f63337f
T3_LAG,/kaggle/input/datasets/rayeedaabir/lag-database-part1-uk/LAG_database_part1_UK/non_glaucoma/image/0137.jpg,Normal,5,train,80a327951d377717
T3_LAG,/kaggle/input/datasets/rayeedaabir/lag-database-part1-uk/LAG_database_part1_UK/non_glaucoma/image/0139.jpg,Normal,5,val,9919e46644de19ee
T3_LAG,/kaggle/input/datasets/rayeedaabir/lag-database-part1-uk/LAG_database_part1_UK/non_glaucoma/image/0142.jpg,Normal,5,val,84e365861f975f09
T3_LAG,/kaggle/input/datasets/rayeedaabir/lag-database-part1-uk/LAG_database_part1_UK/non_glaucoma/image/0145.jpg,Normal,5,train,83c33d3843c73e78
T3_LAG,/kaggle/input/datasets/rayeedaabir/lag-database-part1-uk/LAG_database_part1_UK/non_glaucoma/image/0146.jpg,Normal,5,train,c163343e41eb41bf
T3_LAG,/kaggle/input/datasets/rayeedaabir/lag-database-part1-uk/LAG_database_part1_UK/non_glaucoma/image/0147.jpg,Normal,5,train,90e565d112c36a7f
T3_LAG,/kaggle/input/datasets/rayeedaabir/lag-database-part1-uk/LAG_database_part1_UK/non_glaucoma/image/0148.jpg,Normal,5,train,946465bb32c74b3c
T3_LAG,/kaggle/input/datasets/rayeedaabir/lag-database-part1-uk/LAG_database_part1_UK/non_glaucoma/image/0149.jpg,Normal,5,train,c587146047c75f3e
T3_LAG,/kaggle/input/datasets/rayeedaabir/lag-database-part1-uk/LAG_database_part1_UK/non_glaucoma/image/0150.jpg,Normal,5,train,96d5494937965569
T3_LAG,/kaggle/input/datasets/rayeedaabir/lag-database-part1-uk/LAG_database_part1_UK/non_glaucoma/image/0155.jpg,Normal,5,train,92b26d4c96937566
T3_LAG,/kaggle/input/datasets/rayeedaabir/lag-database-part1-uk/LAG_database_part1_UK/non_glaucoma/image/0157.jpg,Normal,5,train,d6c4690f16d26d69
T3_LAG,/kaggle/input/datasets/rayeedaabir/lag-database-part1-uk/LAG_database_part1_UK/non_glaucoma/image/0159.jpg,Normal,5,train,d7a7652d1694606d
T3_LAG,/kaggle/input/datasets/rayeedaabir/lag-database-part1-uk/LAG_database_part1_UK/non_glaucoma/image/0162.jpg,Normal,5,test,946f61b512c74a79
T3_LAG,/kaggle/input/datasets/rayeedaabir/lag-database-part1-uk/LAG_database_part1_UK/non_glaucoma/image/0165.jpg,Normal,5,test,c0603e6f619f1c5d
T3_LAG,/kaggle/input/datasets/rayeedaabir/lag-database-part1-uk/LAG_database_part1_UK/non_glaucoma/image/0166.jpg,Normal,5,train,94d16b4ab5b54b4a
T3_LAG,/kaggle/input/datasets/rayeedaabir/lag-database-part1-uk/LAG_database_part1_UK/non_glaucoma/image/0167.jpg,Normal,5,test,946f459612cd4a3f
T3_LAG,/kaggle/input/datasets/rayeedaabir/lag-database-part1-uk/LAG_database_part1_UK/non_glaucoma/image/0176.jpg,Normal,5,train,c0c03f1f61e13d1f
T3_LAG,/kaggle/input/datasets/rayeedaabir/lag-database-part1-uk/LAG_database_part1_UK/non_glaucoma/image/0178.jpg,Normal,5,train,882a67d5159677aa
T3_LAG,/kaggle/input/datasets/rayeedaabir/lag-database-part1-uk/LAG_database_part1_UK/non_glaucoma/image/0179.jpg,Normal,5,train,956f42b302cf0a7b
T3_LAG,/kaggle/input/datasets/rayeedaabir/lag-database-part1-uk/LAG_database_part1_UK/non_glaucoma/image/0182.jpg,Normal,5,val,cc3732db48bc2267
T3_LAG,/kaggle/input/datasets/rayeedaabir/lag-database-part1-uk/LAG_database_part1_UK/non_glaucoma/image/0183.jpg,Normal,5,train,94f4694b16946d4f
T3_LAG,/kaggle/input/datasets/rayeedaabir/lag-database-part1-uk/LAG_database_part1_UK/non_glaucoma/image/0184.jpg,Normal,5,val,81c114e7479c5f6b
T3_LAG,/kaggle/input/datasets/rayeedaabir/lag-database-part1-uk/LAG_database_part1_UK/non_glaucoma/image/0188.jpg,Normal,5,train,87c63c3c43e73839
T3_LAG,/kaggle/input/datasets/rayeedaabir/lag-database-part1-uk/LAG_database_part1_UK/non_glaucoma/image/0189.jpg,Normal,5,train,83cf3c3d62c72139
T3_LAG,/kaggle/input/datasets/rayeedaabir/lag-database-part1-uk/LAG_database_part1_UK/non_glaucoma/image/0193.jpg,Normal,5,test,84a8678d15d75747
T3_LAG,/kaggle/input/datasets/rayeedaabir/lag-database-part1-uk/LAG_database_part1_UK/non_glaucoma/image/0195.jpg,Normal,5,train,8c2b25a515d75755
T3_LAG,/kaggle/input/datasets/rayeedaabir/lag-database-part1-uk/LAG_database_part1_UK/non_glaucoma/image/0197.jpg,Normal,5,train,d1e80081179f5f5f
T3_LAG,/kaggle/input/datasets/rayeedaabir/lag-database-part1-uk/LAG_database_part1_UK/non_glaucoma/image/0199.jpg,Normal,5,train,d453690b36f06d2d
T3_LAG,/kaggle/input/datasets/rayeedaabir/lag-database-part1-uk/LAG_database_part1_UK/non_glaucoma/image/0201.jpg,Normal,5,train,95ca4a35754a55b5
T3_LAG,/kaggle/input/datasets/rayeedaabir/lag-database-part1-uk/LAG_database_part1_UK/non_glaucoma/image/0202.jpg,Normal,5,train,944a496b15b6756d
T3_LAG,/kaggle/input/datasets/rayeedaabir/lag-database-part1-uk/LAG_database_part1_UK/non_glaucoma/image/0203.jpg,Normal,5,val,c09f0f7470d3076d
T3_LAG,/kaggle/input/datasets/rayeedaabir/lag-database-part1-uk/LAG_database_part1_UK/non_glaucoma/image/0206.jpg,Normal,5,val,c6ce30b911c6c6bd
T3_LAG,/kaggle/input/datasets/rayeedaabir/lag-database-part1-uk/LAG_database_part1_UK/non_glaucoma/image/0207.jpg,Normal,5,train,d13760fc1ad36964
T3_LAG,/kaggle/input/datasets/rayeedaabir/lag-database-part1-uk/LAG_database_part1_UK/non_glaucoma/image/0208.jpg,Normal,5,train,94e26a37344a6bb6
T3_LAG,/kaggle/input/datasets/rayeedaabir/lag-database-part1-uk/LAG_database_part1_UK/non_glaucoma/image/0209.jpg,Normal,5,train,c16b14be01ef05fa
T3_LAG,/kaggle/input/datasets/rayeedaabir/lag-database-part1-uk/LAG_database_part1_UK/non_glaucoma/image/0210.jpg,Normal,5,test,856714e047965f79
T3_LAG,/kaggle/input/datasets/rayeedaabir/lag-database-part1-uk/LAG_database_part1_UK/non_glaucoma/image/0213.jpg,Normal,5,train,ddc03732dd8c6625
T3_LAG,/kaggle/input/datasets/rayeedaabir/lag-database-part1-uk/LAG_database_part1_UK/non_glaucoma/image/0217.jpg,Normal,5,train,d597603c3ac3693c
T3_LAG,/kaggle/input/datasets/rayeedaabir/lag-database-part1-uk/LAG_database_part1_UK/non_glaucoma/image/0218.jpg,Normal,5,train,c2c53c3667cd3869
T3_LAG,/kaggle/input/datasets/rayeedaabir/lag-database-part1-uk/LAG_database_part1_UK/non_glaucoma/image/0219.jpg,Normal,5,train,95354b4a35b5466b
T3_LAG,/kaggle/input/datasets/rayeedaabir/lag-database-part1-uk/LAG_database_part1_UK/non_glaucoma/image/0220.jpg,Normal,5,test,8a926949b4b2f56b
T3_LAG,/kaggle/input/datasets/rayeedaabir/lag-database-part1-uk/LAG_database_part1_UK/non_glaucoma/image/0221.jpg,Normal,5,train,9496694b1696696f
T3_LAG,/kaggle/input/datasets/rayeedaabir/lag-database-part1-uk/LAG_database_part1_UK/non_glaucoma/image/0222.jpg,Normal,5,train,d1ad74d64ad30a66
T3_LAG,/kaggle/input/datasets/rayeedaabir/lag-database-part1-uk/LAG_database_part1_UK/non_glaucoma/image/0227.jpg,Normal,5,train,817834c747945f6b
T3_LAG,/kaggle/input/datasets/rayeedaabir/lag-database-part1-uk/LAG_database_part1_UK/non_glaucoma/image/0228.jpg,Normal,5,train,95956c6a93956566
T3_LAG,/kaggle/input/datasets/rayeedaabir/lag-database-part1-uk/LAG_database_part1_UK/non_glaucoma/image/0230.jpg,Normal,5,test,d7c331784ec13077
T3_LAG,/kaggle/input/datasets/rayeedaabir/lag-database-part1-uk/LAG_database_part1_UK/non_glaucoma/image/0231.jpg,Normal,5,test,96c5699216cb6b36
T3_LAG,/kaggle/input/datasets/rayeedaabir/lag-database-part1-uk/LAG_database_part1_UK/non_glaucoma/image/0234.jpg,Normal,5,train,c0712b1f2c6780ff
T3_LAG,/kaggle/input/datasets/rayeedaabir/lag-database-part1-uk/LAG_database_part1_UK/non_glaucoma/image/0237.jpg,Normal,5,train,c16f3c9f41e71838
T3_LAG,/kaggle/input/datasets/rayeedaabir/lag-database-part1-uk/LAG_database_part1_UK/non_glaucoma/image/0238.jpg,Normal,5,train,9696696916967369
T3_LAG,/kaggle/input/datasets/rayeedaabir/lag-database-part1-uk/LAG_database_part1_UK/non_glaucoma/image/0239.jpg,Normal,5,train,c17f30be00ef00fe
T3_LAG,/kaggle/input/datasets/rayeedaabir/lag-database-part1-uk/LAG_database_part1_UK/non_glaucoma/image/0241.jpg,Normal,5,train,c1c33c3e43e3833e
T3_LAG,/kaggle/input/datasets/rayeedaabir/lag-database-part1-uk/LAG_database_part1_UK/non_glaucoma/image/0243.jpg,Normal,5,train,94ee45bd12d60a6d
T3_LAG,/kaggle/input/datasets/rayeedaabir/lag-database-part1-uk/LAG_database_part1_UK/non_glaucoma/image/0244.jpg,Normal,5,val,846e31b147ce5f31
T3_LAG,/kaggle/input/datasets/rayeedaabir/lag-database-part1-uk/LAG_database_part1_UK/non_glaucoma/image/0247.jpg,Normal,5,train,c01f057e151f17f8
T3_LAG,/kaggle/input/datasets/rayeedaabir/lag-database-part1-uk/LAG_database_part1_UK/non_glaucoma/image/0249.jpg,Normal,5,val,8e966a4a2eb4b5e2
T3_LAG,/kaggle/input/datasets/rayeedaabir/lag-database-part1-uk/LAG_database_part1_UK/non_glaucoma/image/0251.jpg,Normal,5,train,94d5496b3596694b
T3_LAG,/kaggle/input/datasets/rayeedaabir/lag-database-part1-uk/LAG_database_part1_UK/non_glaucoma/image/0252.jpg,Normal,5,test,c0e73e5f60f1003f
T3_LAG,/kaggle/input/datasets/rayeedaabir/lag-database-part1-uk/LAG_database_part1_UK/non_glaucoma/image/0253.jpg,Normal,5,val,c2d7246dcacf2439
T3_LAG,/kaggle/input/datasets/rayeedaabir/lag-database-part1-uk/LAG_database_part1_UK/non_glaucoma/image/0254.jpg,Normal,5,test,c17e3ca943c33c3c
T3_LAG,/kaggle/input/datasets/rayeedaabir/lag-database-part1-uk/LAG_database_part1_UK/non_glaucoma/image/0255.jpg,Normal,5,train,c1383e3e63c11f1e
T3_LAG,/kaggle/input/datasets/rayeedaabir/lag-database-part1-uk/LAG_database_part1_UK/non_glaucoma/image/0258.jpg,Normal,5,train,95ed55b554c14ab4
T3_LAG,/kaggle/input/datasets/rayeedaabir/lag-database-part1-uk/LAG_database_part1_UK/non_glaucoma/image/0259.jpg,Normal,5,train,9546696936b66969
T3_LAG,/kaggle/input/datasets/rayeedaabir/lag-database-part1-uk/LAG_database_part1_UK/non_glaucoma/image/0261.jpg,Normal,5,val,dd6676d948a622c9
T3_LAG,/kaggle/input/datasets/rayeedaabir/lag-database-part1-uk/LAG_database_part1_UK/non_glaucoma/image/0264.jpg,Normal,5,train,946d659512d34b79
T3_LAG,/kaggle/input/datasets/rayeedaabir/lag-database-part1-uk/LAG_database_part1_UK/non_glaucoma/image/0265.jpg,Normal,5,train,892d67951dd17711
T3_LAG,/kaggle/input/datasets/rayeedaabir/lag-database-part1-uk/LAG_database_part1_UK/non_glaucoma/image/0266.jpg,Normal,5,train,c35b3c7a62a5305b
T3_LAG,/kaggle/input/datasets/rayeedaabir/lag-database-part1-uk/LAG_database_part1_UK/non_glaucoma/image/0269.jpg,Normal,5,train,c1703ca947931f6e
T3_LAG,/kaggle/input/datasets/rayeedaabir/lag-database-part1-uk/LAG_database_part1_UK/non_glaucoma/image/0272.jpg,Normal,5,train,dded729348c32247
T3_LAG,/kaggle/input/datasets/rayeedaabir/lag-database-part1-uk/LAG_database_part1_UK/non_glaucoma/image/0273.jpg,Normal,5,train,df807322db896d32
T3_LAG,/kaggle/input/datasets/rayeedaabir/lag-database-part1-uk/LAG_database_part1_UK/non_glaucoma/image/0277.jpg,Normal,5,test,94ed41b612cb4abe
T3_LAG,/kaggle/input/datasets/rayeedaabir/lag-database-part1-uk/LAG_database_part1_UK/non_glaucoma/image/0278.jpg,Normal,5,train,82d269e81f9a75a9
T3_LAG,/kaggle/input/datasets/rayeedaabir/lag-database-part1-uk/LAG_database_part1_UK/non_glaucoma/image/0279.jpg,Normal,5,test,d59565e557916825
T3_LAG,/kaggle/input/datasets/rayeedaabir/lag-database-part1-uk/LAG_database_part1_UK/non_glaucoma/image/0280.jpg,Normal,5,train,d5e155b556c16a94
T3_LAG,/kaggle/input/datasets/rayeedaabir/lag-database-part1-uk/LAG_database_part1_UK/non_glaucoma/image/0282.jpg,Normal,5,train,95ad653d16954a4d
T3_LAG,/kaggle/input/datasets/rayeedaabir/lag-database-part1-uk/LAG_database_part1_UK/non_glaucoma/image/0283.jpg,Normal,5,test,c0ea3cff00df143a
T3_LAG,/kaggle/input/datasets/rayeedaabir/lag-database-part1-uk/LAG_database_part1_UK/non_glaucoma/image/0284.jpg,Normal,5,train,d33a6d2d1791646c
T3_LAG,/kaggle/input/datasets/rayeedaabir/lag-database-part1-uk/LAG_database_part1_UK/non_glaucoma/image/0288.jpg,Normal,5,train,84e035951dd75f49
T3_LAG,/kaggle/input/datasets/rayeedaabir/lag-database-part1-uk/LAG_database_part1_UK/non_glaucoma/image/0289.jpg,Normal,5,test,907b65bd12cb4a6c
T3_LAG,/kaggle/input/datasets/rayeedaabir/lag-database-part1-uk/LAG_database_part1_UK/non_glaucoma/image/0290.jpg,Normal,5,train,9545436a55b675a5
T3_LAG,/kaggle/input/datasets/rayeedaabir/lag-database-part1-uk/LAG_database_part1_UK/non_glaucoma/image/0292.jpg,Normal,5,train,85e130c7479d5d47
T3_LAG,/kaggle/input/datasets/rayeedaabir/lag-database-part1-uk/LAG_database_part1_UK/non_glaucoma/image/0293.jpg,Normal,5,train,817b55e255895733
T3_LAG,/kaggle/input/datasets/rayeedaabir/lag-database-part1-uk/LAG_database_part1_UK/non_glaucoma/image/0297.jpg,Normal,5,train,8a3d275ab525b64a
T3_LAG,/kaggle/input/datasets/rayeedaabir/lag-database-part1-uk/LAG_database_part1_UK/non_glaucoma/image/0300.jpg,Normal,5,train,956f42b534da4ab4
T3_LAG,/kaggle/input/datasets/rayeedaabir/lag-database-part1-uk/LAG_database_part1_UK/non_glaucoma/image/0301.jpg,Normal,5,test,d4ce012376fe890f
T3_LAG,/kaggle/input/datasets/rayeedaabir/lag-database-part1-uk/LAG_database_part1_UK/non_glaucoma/image/0305.jpg,Normal,5,train,c1df307b03af1079
T3_LAG,/kaggle/input/datasets/rayeedaabir/lag-database-part1-uk/LAG_database_part1_UK/non_glaucoma/image/0307.jpg,Normal,5,train,803f75e81fa25f30
T3_LAG,/kaggle/input/datasets/rayeedaabir/lag-database-part1-uk/LAG_database_part1_UK/non_glaucoma/image/0310.jpg,Normal,5,train,d569743d12b56a2c
T3_LAG,/kaggle/input/datasets/rayeedaabir/lag-database-part1-uk/LAG_database_part1_UK/non_glaucoma/image/0312.jpg,Normal,5,test,ff14fc38e0c37038
T3_LAG,/kaggle/input/datasets/rayeedaabir/lag-database-part1-uk/LAG_database_part1_UK/non_glaucoma/image/0313.jpg,Normal,5,val,c17a3c7d41e33c38
T3_LAG,/kaggle/input/datasets/rayeedaabir/lag-database-part1-uk/LAG_database_part1_UK/non_glaucoma/image/0315.jpg,Normal,5,train,d16d27c0409f0bdf
T3_LAG,/kaggle/input/datasets/rayeedaabir/lag-database-part1-uk/LAG_database_part1_UK/non_glaucoma/image/0316.jpg,Normal,5,train,96d06d6d1692656d
T3_LAG,/kaggle/input/datasets/rayeedaabir/lag-database-part1-uk/LAG_database_part1_UK/non_glaucoma/image/0318.jpg,Normal,5,train,c1d73c3d60e7103d
T3_LAG,/kaggle/input/datasets/rayeedaabir/lag-database-part1-uk/LAG_database_part1_UK/non_glaucoma/image/0319.jpg,Normal,5,test,856a34e1479c5f4b
T3_LAG,/kaggle/input/datasets/rayeedaabir/lag-database-part1-uk/LAG_database_part1_UK/non_glaucoma/image/0320.jpg,Normal,5,train,c7853c1ce3c33c3c
T3_LAG,/kaggle/input/datasets/rayeedaabir/lag-database-part1-uk/LAG_database_part1_UK/non_glaucoma/image/0321.jpg,Normal,5,test,c2c7383946cf383b
T3_LAG,/kaggle/input/datasets/rayeedaabir/lag-database-part1-uk/LAG_database_part1_UK/non_glaucoma/image/0322.jpg,Normal,5,train,949665695696726d
T3_LAG,/kaggle/input/datasets/rayeedaabir/lag-database-part1-uk/LAG_database_part1_UK/non_glaucoma/image/0328.jpg,Normal,5,train,c589752277227727
T3_LAG,/kaggle/input/datasets/rayeedaabir/lag-database-part1-uk/LAG_database_part1_UK/non_glaucoma/image/0329.jpg,Normal,5,train,92ab6d6c12936c6d
T3_LAG,/kaggle/input/datasets/rayeedaabir/lag-database-part1-uk/LAG_database_part1_UK/non_glaucoma/image/0331.jpg,Normal,5,test,c14f387f02ff103a
T3_LAG,/kaggle/input/datasets/rayeedaabir/lag-database-part1-uk/LAG_database_part1_UK/non_glaucoma/image/0333.jpg,Normal,5,train,96d4496b37924d6a
T3_LAG,/kaggle/input/datasets/rayeedaabir/lag-database-part1-uk/LAG_database_part1_UK/non_glaucoma/image/0334.jpg,Normal,5,train,9494694b69b6b5d2
T3_LAG,/kaggle/input/datasets/rayeedaabir/lag-database-part1-uk/LAG_database_part1_UK/non_glaucoma/image/0336.jpg,Normal,5,test,dd3374d340db026e
T3_LAG,/kaggle/input/datasets/rayeedaabir/lag-database-part1-uk/LAG_database_part1_UK/non_glaucoma/image/0337.jpg,Normal,5,train,873330e7478c5d69
T3_LAG,/kaggle/input/datasets/rayeedaabir/lag-database-part1-uk/LAG_database_part1_UK/non_glaucoma/image/0338.jpg,Normal,5,train,9595525a9da5554b
T3_LAG,/kaggle/input/datasets/rayeedaabir/lag-database-part1-uk/LAG_database_part1_UK/non_glaucoma/image/0339.jpg,Normal,5,train,95a9753556956865
T3_LAG,/kaggle/input/datasets/rayeedaabir/lag-database-part1-uk/LAG_database_part1_UK/non_glaucoma/image/0340.jpg,Normal,5,train,869f6936b4c96994
T3_LAG,/kaggle/input/datasets/rayeedaabir/lag-database-part1-uk/LAG_database_part1_UK/non_glaucoma/image/0341.jpg,Normal,5,train,c1b014cd47971f3e
T3_LAG,/kaggle/input/datasets/rayeedaabir/lag-database-part1-uk/LAG_database_part1_UK/non_glaucoma/image/0343.jpg,Normal,5,train,8ce367911dd45713
T3_LAG,/kaggle/input/datasets/rayeedaabir/lag-database-part1-uk/LAG_database_part1_UK/non_glaucoma/image/0344.jpg,Normal,5,train,c7b0394766384ece
T3_LAG,/kaggle/input/datasets/rayeedaabir/lag-database-part1-uk/LAG_database_part1_UK/non_glaucoma/image/0345.jpg,Normal,5,train,d58945ed56917265
T3_LAG,/kaggle/input/datasets/rayeedaabir/lag-database-part1-uk/LAG_database_part1_UK/non_glaucoma/image/0346.jpg,Normal,5,train,c7a73c3d52c72078
T3_LAG,/kaggle/input/datasets/rayeedaabir/lag-database-part1-uk/LAG_database_part1_UK/non_glaucoma/image/0350.jpg,Normal,5,train,d7ca658513936c65
T3_LAG,/kaggle/input/datasets/rayeedaabir/lag-database-part1-uk/LAG_database_part1_UK/non_glaucoma/image/0354.jpg,Normal,5,train,9494796b4d2d75b0
T3_LAG,/kaggle/input/datasets/rayeedaabir/lag-database-part1-uk/LAG_database_part1_UK/non_glaucoma/image/0355.jpg,Normal,5,train,dcdc333362ccccb0
T3_LAG,/kaggle/input/datasets/rayeedaabir/lag-database-part1-uk/LAG_database_part1_UK/non_glaucoma/image/0356.jpg,Normal,5,val,85e1308547975f4f
T3_LAG,/kaggle/input/datasets/rayeedaabir/lag-database-part1-uk/LAG_database_part1_UK/non_glaucoma/image/0357.jpg,Normal,5,train,d9cd36d748992266
T3_LAG,/kaggle/input/datasets/rayeedaabir/lag-database-part1-uk/LAG_database_part1_UK/non_glaucoma/image/0360.jpg,Normal,5,train,82b2296b1794f56b
T3_LAG,/kaggle/input/datasets/rayeedaabir/lag-database-part1-uk/LAG_database_part1_UK/non_glaucoma/image/0361.jpg,Normal,5,train,95e633d944934bcc
T3_LAG,/kaggle/input/datasets/rayeedaabir/lag-database-part1-uk/LAG_database_part1_UK/non_glaucoma/image/0362.jpg,Normal,5,val,962e65e95592546d
T3_LAG,/kaggle/input/datasets/rayeedaabir/lag-database-part1-uk/LAG_database_part1_UK/non_glaucoma/image/0363.jpg,Normal,5,test,d69e653d1692710d
T3_LAG,/kaggle/input/datasets/rayeedaabir/lag-database-part1-uk/LAG_database_part1_UK/non_glaucoma/image/0364.jpg,Normal,5,train,c68f3838c7c73139
T3_LAG,/kaggle/input/datasets/rayeedaabir/lag-database-part1-uk/LAG_database_part1_UK/non_glaucoma/image/0365.jpg,Normal,5,train,946745b312cb0a7f
T3_LAG,/kaggle/input/datasets/rayeedaabir/lag-database-part1-uk/LAG_database_part1_UK/non_glaucoma/image/0369.jpg,Normal,5,train,956f4ab510cb4ab5
T3_LAG,/kaggle/input/datasets/rayeedaabir/lag-database-part1-uk/LAG_database_part1_UK/non_glaucoma/image/0370.jpg,Normal,5,train,c162349947871f7e
T3_LAG,/kaggle/input/datasets/rayeedaabir/lag-database-part1-uk/LAG_database_part1_UK/non_glaucoma/image/0371.jpg,Normal,5,train,8c69738c1d965765
T3_LAG,/kaggle/input/datasets/rayeedaabir/lag-database-part1-uk/LAG_database_part1_UK/non_glaucoma/image/0372.jpg,Normal,5,train,9693694996926d6d
T3_LAG,/kaggle/input/datasets/rayeedaabir/lag-database-part1-uk/LAG_database_part1_UK/non_glaucoma/image/0373.jpg,Normal,5,test,8cad21f515945776
T3_LAG,/kaggle/input/datasets/rayeedaabir/lag-database-part1-uk/LAG_database_part1_UK/non_glaucoma/image/0375.jpg,Normal,5,train,c12f942fc23f0a75
T3_LAG,/kaggle/input/datasets/rayeedaabir/lag-database-part1-uk/LAG_database_part1_UK/non_glaucoma/image/0376.jpg,Normal,5,train,d593655d16c96625
T3_LAG,/kaggle/input/datasets/rayeedaabir/lag-database-part1-uk/LAG_database_part1_UK/non_glaucoma/image/0378.jpg,Normal,5,train,996367851dd67611
T3_LAG,/kaggle/input/datasets/rayeedaabir/lag-database-part1-uk/LAG_database_part1_UK/non_glaucoma/image/0385.jpg,Normal,5,train,d6466d6e17326529
T3_LAG,/kaggle/input/datasets/rayeedaabir/lag-database-part1-uk/LAG_database_part1_UK/non_glaucoma/image/0386.jpg,Normal,5,train,cdc33637c9d87230
T3_LAG,/kaggle/input/datasets/rayeedaabir/lag-database-part1-uk/LAG_database_part1_UK/non_glaucoma/image/0387.jpg,Normal,5,train,896b5652e3a98e5a
T3_LAG,/kaggle/input/datasets/rayeedaabir/lag-database-part1-uk/LAG_database_part1_UK/non_glaucoma/image/0391.jpg,Normal,5,train,8a82696b2d96b52f
T3_LAG,/kaggle/input/datasets/rayeedaabir/lag-database-part1-uk/LAG_database_part1_UK/non_glaucoma/image/0394.jpg,Normal,5,train,d72d65b2126d6893
T3_LAG,/kaggle/input/datasets/rayeedaabir/lag-database-part1-uk/LAG_database_part1_UK/non_glaucoma/image/0396.jpg,Normal,5,train,95cd653552b56a85
T3_LAG,/kaggle/input/datasets/rayeedaabir/lag-database-part1-uk/LAG_database_part1_UK/non_glaucoma/image/0397.jpg,Normal,5,val,88e2659d551557dc
T3_LAG,/kaggle/input/datasets/rayeedaabir/lag-database-part1-uk/LAG_database_part1_UK/non_glaucoma/image/0398.jpg,Normal,5,train,d56b453d54c94a35
T3_LAG,/kaggle/input/datasets/rayeedaabir/lag-database-part1-uk/LAG_database_part1_UK/non_glaucoma/image/0401.jpg,Normal,5,train,d5b164451bd16637
T3_LAG,/kaggle/input/datasets/rayeedaabir/lag-database-part1-uk/LAG_database_part1_UK/non_glaucoma/image/0402.jpg,Normal,5,train,8c8c63a71d955733
T3_LAG,/kaggle/input/datasets/rayeedaabir/lag-database-part1-uk/LAG_database_part1_UK/non_glaucoma/image/0403.jpg,Normal,5,train,d15f303f01fb107a
T3_LAG,/kaggle/input/datasets/rayeedaabir/lag-database-part1-uk/LAG_database_part1_UK/non_glaucoma/image/0404.jpg,Normal,5,val,8c5963621d9c7772
T3_LAG,/kaggle/input/datasets/rayeedaabir/lag-database-part1-uk/LAG_database_part1_UK/non_glaucoma/image/0405.jpg,Normal,5,val,d5a145c956956a6d
T3_LAG,/kaggle/input/datasets/rayeedaabir/lag-database-part1-uk/LAG_database_part1_UK/non_glaucoma/image/0406.jpg,Normal,5,train,95255adb6ab44b4a
T3_LAG,/kaggle/input/datasets/rayeedaabir/lag-database-part1-uk/LAG_database_part1_UK/non_glaucoma/image/0407.jpg,Normal,5,val,d46377924acd2273
T3_LAG,/kaggle/input/datasets/rayeedaabir/lag-database-part1-uk/LAG_database_part1_UK/non_glaucoma/image/0408.jpg,Normal,5,val,d7ca642d1af16a25
T3_LAG,/kaggle/input/datasets/rayeedaabir/lag-database-part1-uk/LAG_database_part1_UK/non_glaucoma/image/0410.jpg,Normal,5,train,92a565d512d26a3f
T3_LAG,/kaggle/input/datasets/rayeedaabir/lag-database-part1-uk/LAG_database_part1_UK/non_glaucoma/image/0411.jpg,Normal,5,train,877330bc47877e18
T3_LAG,/kaggle/input/datasets/rayeedaabir/lag-database-part1-uk/LAG_database_part1_UK/non_glaucoma/image/0412.jpg,Normal,5,train,95a1565a75b54a5a
T3_LAG,/kaggle/input/datasets/rayeedaabir/lag-database-part1-uk/LAG_database_part1_UK/non_glaucoma/image/0414.jpg,Normal,5,train,82cc3c47437938ef
T3_LAG,/kaggle/input/datasets/rayeedaabir/lag-database-part1-uk/LAG_database_part1_UK/non_glaucoma/image/0415.jpg,Normal,5,train,d789652d13936665
T3_LAG,/kaggle/input/datasets/rayeedaabir/lag-database-part1-uk/LAG_database_part1_UK/non_glaucoma/image/0416.jpg,Normal,5,train,c1c13e3e68e3943e
T3_LAG,/kaggle/input/datasets/rayeedaabir/lag-database-part1-uk/LAG_database_part1_UK/non_glaucoma/image/0417.jpg,Normal,5,train,c05a3c3e61e3157b
T3_LAG,/kaggle/input/datasets/rayeedaabir/lag-database-part1-uk/LAG_database_part1_UK/non_glaucoma/image/0422.jpg,Normal,5,train,878f8cb8313938cf
T3_LAG,/kaggle/input/datasets/rayeedaabir/lag-database-part1-uk/LAG_database_part1_UK/non_glaucoma/image/0423.jpg,Normal,5,test,978d657516956664
T3_LAG,/kaggle/input/datasets/rayeedaabir/lag-database-part1-uk/LAG_database_part1_UK/non_glaucoma/image/0425.jpg,Normal,5,train,c19e3e6f403c1c6b
T3_LAG,/kaggle/input/datasets/rayeedaabir/lag-database-part1-uk/LAG_database_part1_UK/non_glaucoma/image/0427.jpg,Normal,5,train,95355a5a35a95656
T3_LAG,/kaggle/input/datasets/rayeedaabir/lag-database-part1-uk/LAG_database_part1_UK/non_glaucoma/image/0434.jpg,Normal,5,train,946f41b712c34a9f
T3_LAG,/kaggle/input/datasets/rayeedaabir/lag-database-part1-uk/LAG_database_part1_UK/non_glaucoma/image/0435.jpg,Normal,5,train,8357387b402f307f
T3_LAG,/kaggle/input/datasets/rayeedaabir/lag-database-part1-uk/LAG_database_part1_UK/non_glaucoma/image/0441.jpg,Normal,5,train,96c2691a366b6d36
T3_LAG,/kaggle/input/datasets/rayeedaabir/lag-database-part1-uk/LAG_database_part1_UK/non_glaucoma/image/0442.jpg,Normal,5,train,d5c5659556956865
T3_LAG,/kaggle/input/datasets/rayeedaabir/lag-database-part1-uk/LAG_database_part1_UK/non_glaucoma/image/0443.jpg,Normal,5,train,95945bca85b5554b
T3_LAG,/kaggle/input/datasets/rayeedaabir/lag-database-part1-uk/LAG_database_part1_UK/non_glaucoma/image/0444.jpg,Normal,5,train,81c730b847977739
T3_LAG,/kaggle/input/datasets/rayeedaabir/lag-database-part1-uk/LAG_database_part1_UK/non_glaucoma/image/0445.jpg,Normal,5,train,896e67a11d9c7623
T3_LAG,/kaggle/input/datasets/rayeedaabir/lag-database-part1-uk/LAG_database_part1_UK/non_glaucoma/image/0446.jpg,Normal,5,train,8c6b73841d967731
T3_LAG,/kaggle/input/datasets/rayeedaabir/lag-database-part1-uk/LAG_database_part1_UK/non_glaucoma/image/0447.jpg,Normal,5,val,95d4690f37b0492f
T3_LAG,/kaggle/input/datasets/rayeedaabir/lag-database-part1-uk/LAG_database_part1_UK/non_glaucoma/image/0449.jpg,Normal,5,val,d5e4790d1ed16ca8
T3_LAG,/kaggle/input/datasets/rayeedaabir/lag-database-part1-uk/LAG_database_part1_UK/non_glaucoma/image/0452.jpg,Normal,5,train,9465659636db4a3c
T3_LAG,/kaggle/input/datasets/rayeedaabir/lag-database-part1-uk/LAG_database_part1_UK/non_glaucoma/image/0454.jpg,Normal,5,train,d56865b716d1644d
T3_LAG,/kaggle/input/datasets/rayeedaabir/lag-database-part1-uk/LAG_database_part1_UK/non_glaucoma/image/0456.jpg,Normal,5,train,c7c330384f86373b
T3_LAG,/kaggle/input/datasets/rayeedaabir/lag-database-part1-uk/LAG_database_part1_UK/non_glaucoma/image/0459.jpg,Normal,5,test,817234c7479c5fc3
T3_LAG,/kaggle/input/datasets/rayeedaabir/lag-database-part1-uk/LAG_database_part1_UK/non_glaucoma/image/0464.jpg,Normal,5,train,996167861d8c7733
T3_LAG,/kaggle/input/datasets/rayeedaabir/lag-database-part1-uk/LAG_database_part1_UK/non_glaucoma/image/0466.jpg,Normal,5,test,86cf31306ec7553a
T3_LAG,/kaggle/input/datasets/rayeedaabir/lag-database-part1-uk/LAG_database_part1_UK/non_glaucoma/image/0467.jpg,Normal,5,train,94e565db12936a4d
T3_LAG,/kaggle/input/datasets/rayeedaabir/lag-database-part1-uk/LAG_database_part1_UK/non_glaucoma/image/0468.jpg,Normal,5,val,c8c9366789b06779
T3_LAG,/kaggle/input/datasets/rayeedaabir/lag-database-part1-uk/LAG_database_part1_UK/non_glaucoma/image/0469.jpg,Normal,5,train,d5c47d3d1691622d
T3_LAG,/kaggle/input/datasets/rayeedaabir/lag-database-part1-uk/LAG_database_part1_UK/non_glaucoma/image/0472.jpg,Normal,5,train,c743383847c75f38
T3_LAG,/kaggle/input/datasets/rayeedaabir/lag-database-part1-uk/LAG_database_part1_UK/non_glaucoma/image/0474.jpg,Normal,5,train,99e6669999265599
T3_LAG,/kaggle/input/datasets/rayeedaabir/lag-database-part1-uk/LAG_database_part1_UK/non_glaucoma/image/0476.jpg,Normal,5,train,83c53c5e438f3c78
T3_LAG,/kaggle/input/datasets/rayeedaabir/lag-database-part1-uk/LAG_database_part1_UK/non_glaucoma/image/0479.jpg,Normal,5,test,954a572d75655235
T3_LAG,/kaggle/input/datasets/rayeedaabir/lag-database-part1-uk/LAG_database_part1_UK/non_glaucoma/image/0481.jpg,Normal,5,train,d96e269949a662d9
T3_LAG,/kaggle/input/datasets/rayeedaabir/lag-database-part1-uk/LAG_database_part1_UK/non_glaucoma/image/0482.jpg,Normal,5,train,d5f770dc428f0a49
T3_LAG,/kaggle/input/datasets/rayeedaabir/lag-database-part1-uk/LAG_database_part1_UK/non_glaucoma/image/0483.jpg,Normal,5,test,d5a075331fb56415
T3_LAG,/kaggle/input/datasets/rayeedaabir/lag-database-part1-uk/LAG_database_part1_UK/non_glaucoma/image/0484.jpg,Normal,5,train,d584756d1693686d
T3_LAG,/kaggle/input/datasets/rayeedaabir/lag-database-part1-uk/LAG_database_part1_UK/non_glaucoma/image/0488.jpg,Normal,5,train,821d387a46ad387f
T3_LAG,/kaggle/input/datasets/rayeedaabir/lag-database-part1-uk/LAG_database_part1_UK/non_glaucoma/image/0489.jpg,Normal,5,train,8126658d557657d9
T3_LAG,/kaggle/input/datasets/rayeedaabir/lag-database-part1-uk/LAG_database_part1_UK/non_glaucoma/image/0491.jpg,Normal,5,train,d52b533555857a85
T3_LAG,/kaggle/input/datasets/rayeedaabir/lag-database-part1-uk/LAG_database_part1_UK/non_glaucoma/image/0492.jpg,Normal,5,train,d74a6d3f16a86522
T3_LAG,/kaggle/input/datasets/rayeedaabir/lag-database-part1-uk/LAG_database_part1_UK/non_glaucoma/image/0493.jpg,Normal,5,train,8c23639c1d96776c
T3_LAG,/kaggle/input/datasets/rayeedaabir/lag-database-part1-uk/LAG_database_part1_UK/non_glaucoma/image/0495.jpg,Normal,5,val,9d85969999a65599
T3_LAG,/kaggle/input/datasets/rayeedaabir/lag-database-part1-uk/LAG_database_part1_UK/non_glaucoma/image/0498.jpg,Normal,5,test,c0c33e3ee1e1171e
T3_LAG,/kaggle/input/datasets/rayeedaabir/lag-database-part1-uk/LAG_database_part1_UK/non_glaucoma/image/0500.jpg,Normal,5,test,dc6633d948b32a5a
T3_LAG,/kaggle/input/datasets/rayeedaabir/lag-database-part1-uk/LAG_database_part1_UK/non_glaucoma/image/0501.jpg,Normal,5,train,c0de3e6e68f81439
T3_LAG,/kaggle/input/datasets/rayeedaabir/lag-database-part1-uk/LAG_database_part1_UK/non_glaucoma/image/0503.jpg,Normal,5,train,982267f11d9c7366
T3_LAG,/kaggle/input/datasets/rayeedaabir/lag-database-part1-uk/LAG_database_part1_UK/non_glaucoma/image/0504.jpg,Normal,5,test,978575b556956624
T3_LAG,/kaggle/input/datasets/rayeedaabir/lag-database-part1-uk/LAG_database_part1_UK/non_glaucoma/image/0506.jpg,Normal,5,train,9163678915a7579c
T3_LAG,/kaggle/input/datasets/rayeedaabir/lag-database-part1-uk/LAG_database_part1_UK/non_glaucoma/image/0509.jpg,Normal,5,train,80953d7f43a7307a
T3_LAG,/kaggle/input/datasets/rayeedaabir/lag-database-part1-uk/LAG_database_part1_UK/non_glaucoma/image/0511.jpg,Normal,5,train,d16f369b48b4225d
T3_LAG,/kaggle/input/datasets/rayeedaabir/lag-database-part1-uk/LAG_database_part1_UK/non_glaucoma/image/0513.jpg,Normal,5,val,83c73c3c62c73c3c
T3_LAG,/kaggle/input/datasets/rayeedaabir/lag-database-part1-uk/LAG_database_part1_UK/non_glaucoma/image/0514.jpg,Normal,5,train,813c3ce1479a1f67
T3_LAG,/kaggle/input/datasets/rayeedaabir/lag-database-part1-uk/LAG_database_part1_UK/non_glaucoma/image/0515.jpg,Normal,5,train,8168659d15e4579f
T3_LAG,/kaggle/input/datasets/rayeedaabir/lag-database-part1-uk/LAG_database_part1_UK/non_glaucoma/image/0516.jpg,Normal,5,train,942f61bd12d64a6d
T3_LAG,/kaggle/input/datasets/rayeedaabir/lag-database-part1-uk/LAG_database_part1_UK/non_glaucoma/image/0520.jpg,Normal,5,val,953547da54b5d5c0
T3_LAG,/kaggle/input/datasets/rayeedaabir/lag-database-part1-uk/LAG_database_part1_UK/non_glaucoma/image/0521.jpg,Normal,5,train,94f5694b34b66549
T3_LAG,/kaggle/input/datasets/rayeedaabir/lag-database-part1-uk/LAG_database_part1_UK/non_glaucoma/image/0522.jpg,Normal,5,test,d96f72c140e90a5f
T3_LAG,/kaggle/input/datasets/rayeedaabir/lag-database-part1-uk/LAG_database_part1_UK/non_glaucoma/image/0523.jpg,Normal,5,train,c0570a7411bf70fb
T3_LAG,/kaggle/input/datasets/rayeedaabir/lag-database-part1-uk/LAG_database_part1_UK/non_glaucoma/image/0524.jpg,Normal,5,test,d56f72d940a6025f
T3_LAG,/kaggle/input/datasets/rayeedaabir/lag-database-part1-uk/LAG_database_part1_UK/non_glaucoma/image/0528.jpg,Normal,5,train,c15e3c6e61e3147c
T3_LAG,/kaggle/input/datasets/rayeedaabir/lag-database-part1-uk/LAG_database_part1_UK/non_glaucoma/image/0529.jpg,Normal,5,train,d5ff70f340c4024f
T3_LAG,/kaggle/input/datasets/rayeedaabir/lag-database-part1-uk/LAG_database_part1_UK/non_glaucoma/image/0530.jpg,Normal,5,train,c6c730391acf847b
T3_LAG,/kaggle/input/datasets/rayeedaabir/lag-database-part1-uk/LAG_database_part1_UK/non_glaucoma/image/0531.jpg,Normal,5,test,d528652d5791746d
T3_LAG,/kaggle/input/datasets/rayeedaabir/lag-database-part1-uk/LAG_database_part1_UK/non_glaucoma/image/0533.jpg,Normal,5,train,852631d847965f1f
T3_LAG,/kaggle/input/datasets/rayeedaabir/lag-database-part1-uk/LAG_database_part1_UK/non_glaucoma/image/0534.jpg,Normal,5,train,94e765f712930a2d
T3_LAG,/kaggle/input/datasets/rayeedaabir/lag-database-part1-uk/LAG_database_part1_UK/non_glaucoma/image/0535.jpg,Normal,5,val,825f207f026f187f
T3_LAG,/kaggle/input/datasets/rayeedaabir/lag-database-part1-uk/LAG_database_part1_UK/non_glaucoma/image/0536.jpg,Normal,5,val,d563643d12356a6d
T3_LAG,/kaggle/input/datasets/rayeedaabir/lag-database-part1-uk/LAG_database_part1_UK/non_glaucoma/image/0537.jpg,Normal,5,test,c0033f1f72fe3c18
T3_LAG,/kaggle/input/datasets/rayeedaabir/lag-database-part1-uk/LAG_database_part1_UK/non_glaucoma/image/0539.jpg,Normal,5,train,c13d386703f7106f
T3_LAG,/kaggle/input/datasets/rayeedaabir/lag-database-part1-uk/LAG_database_part1_UK/non_glaucoma/image/0541.jpg,Normal,5,train,d792653d17d1640d
T3_LAG,/kaggle/input/datasets/rayeedaabir/lag-database-part1-uk/LAG_database_part1_UK/non_glaucoma/image/0542.jpg,Normal,5,train,c5ec369348b90a77
T3_LAG,/kaggle/input/datasets/rayeedaabir/lag-database-part1-uk/LAG_database_part1_UK/non_glaucoma/image/0543.jpg,Normal,5,train,c1c03c3e639d3c73
T3_LAG,/kaggle/input/datasets/rayeedaabir/lag-database-part1-uk/LAG_database_part1_UK/non_glaucoma/image/0547.jpg,Normal,5,train,837a386e63e73438
T3_LAG,/kaggle/input/datasets/rayeedaabir/lag-database-part1-uk/LAG_database_part1_UK/non_glaucoma/image/0549.jpg,Normal,5,train,c3013f10e7613f1f
T3_LAG,/kaggle/input/datasets/rayeedaabir/lag-database-part1-uk/LAG_database_part1_UK/non_glaucoma/image/0550.jpg,Normal,5,train,d4e54a963acd4b34
T3_LAG,/kaggle/input/datasets/rayeedaabir/lag-database-part1-uk/LAG_database_part1_UK/non_glaucoma/image/0552.jpg,Normal,5,test,c1dc3c67439e3067
T3_LAG,/kaggle/input/datasets/rayeedaabir/lag-database-part1-uk/LAG_database_part1_UK/non_glaucoma/image/0553.jpg,Normal,5,train,d692694b36966969
T3_LAG,/kaggle/input/datasets/rayeedaabir/lag-database-part1-uk/LAG_database_part1_UK/non_glaucoma/image/0556.jpg,Normal,5,train,c465378745d81f39
T3_LAG,/kaggle/input/datasets/rayeedaabir/lag-database-part1-uk/LAG_database_part1_UK/non_glaucoma/image/0561.jpg,Normal,5,train,96e5659512c64b3b
T3_LAG,/kaggle/input/datasets/rayeedaabir/lag-database-part1-uk/LAG_database_part1_UK/non_glaucoma/image/0562.jpg,Normal,5,train,c7e73c3c62c73038
T3_LAG,/kaggle/input/datasets/rayeedaabir/lag-database-part1-uk/LAG_database_part1_UK/non_glaucoma/image/0563.jpg,Normal,5,train,9185657712db0a7e
T3_LAG,/kaggle/input/datasets/rayeedaabir/lag-database-part1-uk/LAG_database_part1_UK/non_glaucoma/image/0565.jpg,Normal,5,test,943765bd12924b6d
T3_LAG,/kaggle/input/datasets/rayeedaabir/lag-database-part1-uk/LAG_database_part1_UK/non_glaucoma/image/0566.jpg,Normal,5,train,94fc49693696694b
T3_LAG,/kaggle/input/datasets/rayeedaabir/lag-database-part1-uk/LAG_database_part1_UK/non_glaucoma/image/0567.jpg,Normal,5,test,d56736d948b602dc
T3_LAG,/kaggle/input/datasets/rayeedaabir/lag-database-part1-uk/LAG_database_part1_UK/non_glaucoma/image/0568.jpg,Normal,5,val,886b63951dd55731
T3_LAG,/kaggle/input/datasets/rayeedaabir/lag-database-part1-uk/LAG_database_part1_UK/non_glaucoma/image/0570.jpg,Normal,5,val,95b46949371e550f
T3_LAG,/kaggle/input/datasets/rayeedaabir/lag-database-part1-uk/LAG_database_part1_UK/non_glaucoma/image/0572.jpg,Normal,5,train,d6ce6d2a12ec6562
T3_LAG,/kaggle/input/datasets/rayeedaabir/lag-database-part1-uk/LAG_database_part1_UK/non_glaucoma/image/0573.jpg,Normal,5,val,9c6263891de77718
T3_LAG,/kaggle/input/datasets/rayeedaabir/lag-database-part1-uk/LAG_database_part1_UK/non_glaucoma/image/0574.jpg,Normal,5,val,dd6e32d948a32699
T3_LAG,/kaggle/input/datasets/rayeedaabir/lag-database-part1-uk/LAG_database_part1_UK/non_glaucoma/image/0575.jpg,Normal,5,train,d12f36d94ae30a74
T3_LAG,/kaggle/input/datasets/rayeedaabir/lag-database-part1-uk/LAG_database_part1_UK/non_glaucoma/image/0577.jpg,Normal,5,train,c17e14ff01e2173c
T3_LAG,/kaggle/input/datasets/rayeedaabir/lag-database-part1-uk/LAG_database_part1_UK/non_glaucoma/image/0579.jpg,Normal,5,val,898967261ddd5732
T3_LAG,/kaggle/input/datasets/rayeedaabir/lag-database-part1-uk/LAG_database_part1_UK/non_glaucoma/image/0581.jpg,Normal,5,val,c0253c594ebf307b
T3_LAG,/kaggle/input/datasets/rayeedaabir/lag-database-part1-uk/LAG_database_part1_UK/non_glaucoma/image/0582.jpg,Normal,5,train,80c63c1b637d3ed2
T3_LAG,/kaggle/input/datasets/rayeedaabir/lag-database-part1-uk/LAG_database_part1_UK/non_glaucoma/image/0584.jpg,Normal,5,train,d4e7493212c7693e
T3_LAG,/kaggle/input/datasets/rayeedaabir/lag-database-part1-uk/LAG_database_part1_UK/non_glaucoma/image/0587.jpg,Normal,5,train,d5c9553555955a15
T3_LAG,/kaggle/input/datasets/rayeedaabir/lag-database-part1-uk/LAG_database_part1_UK/non_glaucoma/image/0592.jpg,Normal,5,train,c6c7393942ce343b
T3_LAG,/kaggle/input/datasets/rayeedaabir/lag-database-part1-uk/LAG_database_part1_UK/non_glaucoma/image/0594.jpg,Normal,5,val,c54031e347967f2b
T3_LAG,/kaggle/input/datasets/rayeedaabir/lag-database-part1-uk/LAG_database_part1_UK/non_glaucoma/image/0596.jpg,Normal,5,test,94e661bd12d24a7d
T3_LAG,/kaggle/input/datasets/rayeedaabir/lag-database-part1-uk/LAG_database_part1_UK/non_glaucoma/image/0597.jpg,Normal,5,train,d589752556156ab5
T3_LAG,/kaggle/input/datasets/rayeedaabir/lag-database-part1-uk/LAG_database_part1_UK/non_glaucoma/image/0598.jpg,Normal,5,train,946d69b112974b6d
T3_LAG,/kaggle/input/datasets/rayeedaabir/lag-database-part1-uk/LAG_database_part1_UK/non_glaucoma/image/0599.jpg,Normal,5,train,c46237c94ab52add
T3_LAG,/kaggle/input/datasets/rayeedaabir/lag-database-part1-uk/LAG_database_part1_UK/non_glaucoma/image/0602.jpg,Normal,5,train,d55234fd40af4275
T3_LAG,/kaggle/input/datasets/rayeedaabir/lag-database-part1-uk/LAG_database_part1_UK/non_glaucoma/image/0606.jpg,Normal,5,train,c7c13c1c63c7f438
T3_LAG,/kaggle/input/datasets/rayeedaabir/lag-database-part1-uk/LAG_database_part1_UK/non_glaucoma/image/0607.jpg,Normal,5,val,d96e26d94a8c2e71
T3_LAG,/kaggle/input/datasets/rayeedaabir/lag-database-part1-uk/LAG_database_part1_UK/non_glaucoma/image/0608.jpg,Normal,5,train,946d6bb036cb4a3c
T3_LAG,/kaggle/input/datasets/rayeedaabir/lag-database-part1-uk/LAG_database_part1_UK/non_glaucoma/image/0609.jpg,Normal,5,train,9862678b1db37724
T3_LAG,/kaggle/input/datasets/rayeedaabir/lag-database-part1-uk/LAG_database_part1_UK/non_glaucoma/image/0611.jpg,Normal,5,train,d19976f648d92266
T3_LAG,/kaggle/input/datasets/rayeedaabir/lag-database-part1-uk/LAG_database_part1_UK/non_glaucoma/image/0615.jpg,Normal,5,train,d58a696b15964d6a
T3_LAG,/kaggle/input/datasets/rayeedaabir/lag-database-part1-uk/LAG_database_part1_UK/non_glaucoma/image/0616.jpg,Normal,5,train,d41f527f08dd0276
T3_LAG,/kaggle/input/datasets/rayeedaabir/lag-database-part1-uk/LAG_database_part1_UK/non_glaucoma/image/0618.jpg,Normal,5,train,996866831dd97732
T3_LAG,/kaggle/input/datasets/rayeedaabir/lag-database-part1-uk/LAG_database_part1_UK/non_glaucoma/image/0619.jpg,Normal,5,train,cfa73cdcc3983860
T3_LAG,/kaggle/input/datasets/rayeedaabir/lag-database-part1-uk/LAG_database_part1_UK/non_glaucoma/image/0620.jpg,Normal,5,train,87e6389f47993039
T3_LAG,/kaggle/input/datasets/rayeedaabir/lag-database-part1-uk/LAG_database_part1_UK/non_glaucoma/image/0622.jpg,Normal,5,train,88a6679d1556579c
T3_LAG,/kaggle/input/datasets/rayeedaabir/lag-database-part1-uk/LAG_database_part1_UK/non_glaucoma/image/0623.jpg,Normal,5,train,858930e747965f78
T3_LAG,/kaggle/input/datasets/rayeedaabir/lag-database-part1-uk/LAG_database_part1_UK/non_glaucoma/image/0624.jpg,Normal,5,train,80ff1c2f60e5351b
T3_LAG,/kaggle/input/datasets/rayeedaabir/lag-database-part1-uk/LAG_database_part1_UK/non_glaucoma/image/0626.jpg,Normal,5,val,d6926d6d1691686d
T3_LAG,/kaggle/input/datasets/rayeedaabir/lag-database-part1-uk/LAG_database_part1_UK/non_glaucoma/image/0629.jpg,Normal,5,train,cd3732dd487302d9
T3_LAG,/kaggle/input/datasets/rayeedaabir/lag-database-part1-uk/LAG_database_part1_UK/non_glaucoma/image/0631.jpg,Normal,5,test,dc6733d948b2225d
T3_LAG,/kaggle/input/datasets/rayeedaabir/lag-database-part1-uk/LAG_database_part1_UK/non_glaucoma/image/0632.jpg,Normal,5,train,d5f1651157d1644d
T3_LAG,/kaggle/input/datasets/rayeedaabir/lag-database-part1-uk/LAG_database_part1_UK/non_glaucoma/image/0634.jpg,Normal,5,train,c4383fe4759a5f20
T3_LAG,/kaggle/input/datasets/rayeedaabir/lag-database-part1-uk/LAG_database_part1_UK/non_glaucoma/image/0636.jpg,Normal,5,val,c07f1c3f01d3107f
T3_LAG,/kaggle/input/datasets/rayeedaabir/lag-database-part1-uk/LAG_database_part1_UK/non_glaucoma/image/0638.jpg,Normal,5,val,c0ed098f267700ff
T3_LAG,/kaggle/input/datasets/rayeedaabir/lag-database-part1-uk/LAG_database_part1_UK/non_glaucoma/image/0639.jpg,Normal,5,train,d7c5757413d16464
T3_LAG,/kaggle/input/datasets/rayeedaabir/lag-database-part1-uk/LAG_database_part1_UK/non_glaucoma/image/0642.jpg,Normal,5,train,d5c2656d12936a6d
T3_LAG,/kaggle/input/datasets/rayeedaabir/lag-database-part1-uk/LAG_database_part1_UK/non_glaucoma/image/0643.jpg,Normal,5,test,813e67a915fc5f08
T3_LAG,/kaggle/input/datasets/rayeedaabir/lag-database-part1-uk/LAG_database_part1_UK/non_glaucoma/image/0648.jpg,Normal,5,train,94d56b51b419695d
T3_LAG,/kaggle/input/datasets/rayeedaabir/lag-database-part1-uk/LAG_database_part1_UK/non_glaucoma/image/0652.jpg,Normal,5,train,97c26c2d1712f16d
T3_LAG,/kaggle/input/datasets/rayeedaabir/lag-database-part1-uk/LAG_database_part1_UK/non_glaucoma/image/0653.jpg,Normal,5,val,974a652b57aa4d0d
T3_LAG,/kaggle/input/datasets/rayeedaabir/lag-database-part1-uk/LAG_database_part1_UK/non_glaucoma/image/0654.jpg,Normal,5,val,c1eb143e05e3573c
T3_LAG,/kaggle/input/datasets/rayeedaabir/lag-database-part1-uk/LAG_database_part1_UK/non_glaucoma/image/0655.jpg,Normal,5,val,d5e8759356c56491
T3_LAG,/kaggle/input/datasets/rayeedaabir/lag-database-part1-uk/LAG_database_part1_UK/non_glaucoma/image/0656.jpg,Normal,5,train,d5486d2d1697686d
T3_LAG,/kaggle/input/datasets/rayeedaabir/lag-database-part1-uk/LAG_database_part1_UK/non_glaucoma/image/0658.jpg,Normal,5,train,818734a647cf5f38
T3_LAG,/kaggle/input/datasets/rayeedaabir/lag-database-part1-uk/LAG_database_part1_UK/non_glaucoma/image/0660.jpg,Normal,5,val,d547652d12f36865
T3_LAG,/kaggle/input/datasets/rayeedaabir/lag-database-part1-uk/LAG_database_part1_UK/non_glaucoma/image/0662.jpg,Normal,5,train,c3c3183c47c73f38
T3_LAG,/kaggle/input/datasets/rayeedaabir/lag-database-part1-uk/LAG_database_part1_UK/non_glaucoma/image/0667.jpg,Normal,5,train,83e73c9c42cd243f
T3_LAG,/kaggle/input/datasets/rayeedaabir/lag-database-part1-uk/LAG_database_part1_UK/non_glaucoma/image/0668.jpg,Normal,5,test,d96736d948b6224d
T3_LAG,/kaggle/input/datasets/rayeedaabir/lag-database-part1-uk/LAG_database_part1_UK/non_glaucoma/image/0669.jpg,Normal,5,train,87cf383863c73c38
T3_LAG,/kaggle/input/datasets/rayeedaabir/lag-database-part1-uk/LAG_database_part1_UK/non_glaucoma/image/0670.jpg,Normal,5,train,83d93c7343ac386e
T3_LAG,/kaggle/input/datasets/rayeedaabir/lag-database-part1-uk/LAG_database_part1_UK/non_glaucoma/image/0672.jpg,Normal,5,train,8ad8694b95b2554f
T3_LAG,/kaggle/input/datasets/rayeedaabir/lag-database-part1-uk/LAG_database_part1_UK/non_glaucoma/image/0674.jpg,Normal,5,test,d7c565371631680f
T3_LAG,/kaggle/input/datasets/rayeedaabir/lag-database-part1-uk/LAG_database_part1_UK/non_glaucoma/image/0675.jpg,Normal,5,train,82966d6d1792f169
T3_LAG,/kaggle/input/datasets/rayeedaabir/lag-database-part1-uk/LAG_database_part1_UK/non_glaucoma/image/0676.jpg,Normal,5,train,d14e656b15b65529
T3_LAG,/kaggle/input/datasets/rayeedaabir/lag-database-part1-uk/LAG_database_part1_UK/non_glaucoma/image/0680.jpg,Normal,5,test,df953cd942873078
T3_LAG,/kaggle/input/datasets/rayeedaabir/lag-database-part1-uk/LAG_database_part1_UK/non_glaucoma/image/0682.jpg,Normal,5,test,d4d649693592556d
T3_LAG,/kaggle/input/datasets/rayeedaabir/lag-database-part1-uk/LAG_database_part1_UK/non_glaucoma/image/0685.jpg,Normal,5,train,99cc2276489b6677
T3_LAG,/kaggle/input/datasets/rayeedaabir/lag-database-part1-uk/LAG_database_part1_UK/non_glaucoma/image/0686.jpg,Normal,5,train,c11b75ab57c95225
T3_LAG,/kaggle/input/datasets/rayeedaabir/lag-database-part1-uk/LAG_database_part1_UK/non_glaucoma/image/0687.jpg,Normal,5,train,97d26c4c339a656c
T3_LAG,/kaggle/input/datasets/rayeedaabir/lag-database-part1-uk/LAG_database_part1_UK/non_glaucoma/image/0688.jpg,Normal,5,train,c0791fac71811f2f
T3_LAG,/kaggle/input/datasets/rayeedaabir/lag-database-part1-uk/LAG_database_part1_UK/non_glaucoma/image/0690.jpg,Normal,5,train,83b53c4343bc3ecc
T3_LAG,/kaggle/input/datasets/rayeedaabir/lag-database-part1-uk/LAG_database_part1_UK/non_glaucoma/image/0691.jpg,Normal,5,train,856a31a847965f79
T3_LAG,/kaggle/input/datasets/rayeedaabir/lag-database-part1-uk/LAG_database_part1_UK/non_glaucoma/image/0692.jpg,Normal,5,train,926d6db212c96d9a
T3_LAG,/kaggle/input/datasets/rayeedaabir/lag-database-part1-uk/LAG_database_part1_UK/non_glaucoma/image/0696.jpg,Normal,5,train,d53b32d748a62a59
T3_LAG,/kaggle/input/datasets/rayeedaabir/lag-database-part1-uk/LAG_database_part1_UK/non_glaucoma/image/0697.jpg,Normal,5,test,806367971dcc5733
T3_LAG,/kaggle/input/datasets/rayeedaabir/lag-database-part1-uk/LAG_database_part1_UK/non_glaucoma/image/0704.jpg,Normal,5,train,c7873c3cc3c73838
T3_LAG,/kaggle/input/datasets/rayeedaabir/lag-database-part1-uk/LAG_database_part1_UK/non_glaucoma/image/0709.jpg,Normal,5,val,c3e53c4fc39c3843
T3_LAG,/kaggle/input/datasets/rayeedaabir/lag-database-part1-uk/LAG_database_part1_UK/non_glaucoma/image/0711.jpg,Normal,5,train,c3c13c3e62c13c3f
T3_LAG,/kaggle/input/datasets/rayeedaabir/lag-database-part1-uk/LAG_database_part1_UK/non_glaucoma/image/0712.jpg,Normal,5,train,c33b3c6e63cc3078
T3_LAG,/kaggle/input/datasets/rayeedaabir/lag-database-part1-uk/LAG_database_part1_UK/non_glaucoma/image/0714.jpg,Normal,5,val,d0790f8760fc990f
T3_LAG,/kaggle/input/datasets/rayeedaabir/lag-database-part1-uk/LAG_database_part1_UK/non_glaucoma/image/0716.jpg,Normal,5,train,9585653515d55575
T3_LAG,/kaggle/input/datasets/rayeedaabir/lag-database-part1-uk/LAG_database_part1_UK/non_glaucoma/image/0717.jpg,Normal,5,train,81c427841ddf7736
T3_LAG,/kaggle/input/datasets/rayeedaabir/lag-database-part1-uk/LAG_database_part1_UK/non_glaucoma/image/0718.jpg,Normal,5,val,81c23eaf639d2639
T3_LAG,/kaggle/input/datasets/rayeedaabir/lag-database-part1-uk/LAG_database_part1_UK/non_glaucoma/image/0720.jpg,Normal,5,test,99996466d9995966
T3_LAG,/kaggle/input/datasets/rayeedaabir/lag-database-part1-uk/LAG_database_part1_UK/non_glaucoma/image/0722.jpg,Normal,5,train,c0d01f1f68f0f41f
T3_LAG,/kaggle/input/datasets/rayeedaabir/lag-database-part1-uk/LAG_database_part1_UK/non_glaucoma/image/0723.jpg,Normal,5,train,c1d93c7e41e7183c
T3_LAG,/kaggle/input/datasets/rayeedaabir/lag-database-part1-uk/LAG_database_part1_UK/non_glaucoma/image/0725.jpg,Normal,5,train,d780752d5791f225
T3_LAG,/kaggle/input/datasets/rayeedaabir/lag-database-part1-uk/LAG_database_part1_UK/non_glaucoma/image/0727.jpg,Normal,5,test,dd2936ff08992266
T3_LAG,/kaggle/input/datasets/rayeedaabir/lag-database-part1-uk/LAG_database_part1_UK/non_glaucoma/image/0729.jpg,Normal,5,train,ddec76d348982266
T3_LAG,/kaggle/input/datasets/rayeedaabir/lag-database-part1-uk/LAG_database_part1_UK/non_glaucoma/image/0730.jpg,Normal,5,train,d5b465ad56917264
T3_LAG,/kaggle/input/datasets/rayeedaabir/lag-database-part1-uk/LAG_database_part1_UK/non_glaucoma/image/0731.jpg,Normal,5,train,c197387a81ff10ea
T3_LAG,/kaggle/input/datasets/rayeedaabir/lag-database-part1-uk/LAG_database_part1_UK/non_glaucoma/image/0732.jpg,Normal,5,test,88a467991dd77714
T3_LAG,/kaggle/input/datasets/rayeedaabir/lag-database-part1-uk/LAG_database_part1_UK/non_glaucoma/image/0733.jpg,Normal,5,train,c3c33c3cc3c37c38
T3_LAG,/kaggle/input/datasets/rayeedaabir/lag-database-part1-uk/LAG_database_part1_UK/non_glaucoma/image/0737.jpg,Normal,5,train,c2c73d3d62cf2071
T3_LAG,/kaggle/input/datasets/rayeedaabir/lag-database-part1-uk/LAG_database_part1_UK/non_glaucoma/image/0738.jpg,Normal,5,train,c1c33c3e60e7237c
T3_LAG,/kaggle/input/datasets/rayeedaabir/lag-database-part1-uk/LAG_database_part1_UK/non_glaucoma/image/0740.jpg,Normal,5,train,83c3387847c7393d
T3_LAG,/kaggle/input/datasets/rayeedaabir/lag-database-part1-uk/LAG_database_part1_UK/non_glaucoma/image/0741.jpg,Normal,5,test,8c4963ba1d867733
T3_LAG,/kaggle/input/datasets/rayeedaabir/lag-database-part1-uk/LAG_database_part1_UK/non_glaucoma/image/0743.jpg,Normal,5,train,d7c364241fd3e264
T3_LAG,/kaggle/input/datasets/rayeedaabir/lag-database-part1-uk/LAG_database_part1_UK/non_glaucoma/image/0744.jpg,Normal,5,train,9267659712d3623b
T3_LAG,/kaggle/input/datasets/rayeedaabir/lag-database-part1-uk/LAG_database_part1_UK/non_glaucoma/image/0746.jpg,Normal,5,train,cfa03c47e33838c7
T3_LAG,/kaggle/input/datasets/rayeedaabir/lag-database-part1-uk/LAG_database_part1_UK/non_glaucoma/image/0747.jpg,Normal,5,val,c86723c80d335fcd
T3_LAG,/kaggle/input/datasets/rayeedaabir/lag-database-part1-uk/LAG_database_part1_UK/non_glaucoma/image/0750.jpg,Normal,5,test,958d55b55593446d
T3_LAG,/kaggle/input/datasets/rayeedaabir/lag-database-part1-uk/LAG_database_part1_UK/non_glaucoma/image/0752.jpg,Normal,5,train,c6bc30c7073856cf
T3_LAG,/kaggle/input/datasets/rayeedaabir/lag-database-part1-uk/LAG_database_part1_UK/non_glaucoma/image/0753.jpg,Normal,5,train,81723cc7479c1e6b
T3_LAG,/kaggle/input/datasets/rayeedaabir/lag-database-part1-uk/LAG_database_part1_UK/non_glaucoma/image/0755.jpg,Normal,5,train,88e3678d5d855715
T3_LAG,/kaggle/input/datasets/rayeedaabir/lag-database-part1-uk/LAG_database_part1_UK/non_glaucoma/image/0758.jpg,Normal,5,val,95c16a6b3534cb6a
T3_LAG,/kaggle/input/datasets/rayeedaabir/lag-database-part1-uk/LAG_database_part1_UK/non_glaucoma/image/0759.jpg,Normal,5,val,87cf383942ef043d
T3_LAG,/kaggle/input/datasets/rayeedaabir/lag-database-part1-uk/LAG_database_part1_UK/non_glaucoma/image/0760.jpg,Normal,5,test,952f55655a15cae4
T3_LAG,/kaggle/input/datasets/rayeedaabir/lag-database-part1-uk/LAG_database_part1_UK/non_glaucoma/image/0762.jpg,Normal,5,val,dc6633cd488722dd
T3_LAG,/kaggle/input/datasets/rayeedaabir/lag-database-part1-uk/LAG_database_part1_UK/non_glaucoma/image/0764.jpg,Normal,5,train,806b65a715d55755
T3_LAG,/kaggle/input/datasets/rayeedaabir/lag-database-part1-uk/LAG_database_part1_UK/non_glaucoma/image/0766.jpg,Normal,5,train,82a73c7c72d72478
T3_LAG,/kaggle/input/datasets/rayeedaabir/lag-database-part1-uk/LAG_database_part1_UK/non_glaucoma/image/0767.jpg,Normal,5,val,94d56b1b34956a4b
T3_LAG,/kaggle/input/datasets/rayeedaabir/lag-database-part1-uk/LAG_database_part1_UK/non_glaucoma/image/0768.jpg,Normal,5,train,d36c653317e84437
T3_LAG,/kaggle/input/datasets/rayeedaabir/lag-database-part1-uk/LAG_database_part1_UK/non_glaucoma/image/0771.jpg,Normal,5,train,9594694b15b4f4e9
T3_LAG,/kaggle/input/datasets/rayeedaabir/lag-database-part1-uk/LAG_database_part1_UK/non_glaucoma/image/0772.jpg,Normal,5,train,8186146d47975f7c
T3_LAG,/kaggle/input/datasets/rayeedaabir/lag-database-part1-uk/LAG_database_part1_UK/non_glaucoma/image/0774.jpg,Normal,5,train,d5a556b53c1542da
T3_LAG,/kaggle/input/datasets/rayeedaabir/lag-database-part1-uk/LAG_database_part1_UK/non_glaucoma/image/0776.jpg,Normal,5,train,9568552f55a57615
T3_LAG,/kaggle/input/datasets/rayeedaabir/lag-database-part1-uk/LAG_database_part1_UK/non_glaucoma/image/0782.jpg,Normal,5,train,90c36bf4160bf81f
T3_LAG,/kaggle/input/datasets/rayeedaabir/lag-database-part1-uk/LAG_database_part1_UK/non_glaucoma/image/0786.jpg,Normal,5,train,d52d555458a72b9c
T3_LAG,/kaggle/input/datasets/rayeedaabir/lag-database-part1-uk/LAG_database_part1_UK/non_glaucoma/image/0787.jpg,Normal,5,train,c3e31c3c41e3e33c
T3_LAG,/kaggle/input/datasets/rayeedaabir/lag-database-part1-uk/LAG_database_part1_UK/non_glaucoma/image/0792.jpg,Normal,5,train,c0783f3770d00d3f
T3_LAG,/kaggle/input/datasets/rayeedaabir/lag-database-part1-uk/LAG_database_part1_UK/non_glaucoma/image/0793.jpg,Normal,5,test,d5e770d942990a4f
T3_LAG,/kaggle/input/datasets/rayeedaabir/lag-database-part1-uk/LAG_database_part1_UK/non_glaucoma/image/0794.jpg,Normal,5,train,96ea690e96e86969
T3_LAG,/kaggle/input/datasets/rayeedaabir/lag-database-part1-uk/LAG_database_part1_UK/non_glaucoma/image/0795.jpg,Normal,5,val,952b55255695ca3d
T3_LAG,/kaggle/input/datasets/rayeedaabir/lag-database-part1-uk/LAG_database_part1_UK/non_glaucoma/image/0796.jpg,Normal,5,train,d1ed74d34aa22a4e
T3_LAG,/kaggle/input/datasets/rayeedaabir/lag-database-part1-uk/LAG_database_part1_UK/non_glaucoma/image/0801.jpg,Normal,5,train,843c33e34e8e7731
T3_LAG,/kaggle/input/datasets/rayeedaabir/lag-database-part1-uk/LAG_database_part1_UK/non_glaucoma/image/0802.jpg,Normal,5,train,d536694937166969
T3_LAG,/kaggle/input/datasets/rayeedaabir/lag-database-part1-uk/LAG_database_part1_UK/non_glaucoma/image/0804.jpg,Normal,5,val,9585757d52914a6d
T3_LAG,/kaggle/input/datasets/rayeedaabir/lag-database-part1-uk/LAG_database_part1_UK/non_glaucoma/image/0805.jpg,Normal,5,train,8c2973941ce377cc
T3_LAG,/kaggle/input/datasets/rayeedaabir/lag-database-part1-uk/LAG_database_part1_UK/non_glaucoma/image/0807.jpg,Normal,5,val,8ef46b492e96316c
T3_LAG,/kaggle/input/datasets/rayeedaabir/lag-database-part1-uk/LAG_database_part1_UK/non_glaucoma/image/0808.jpg,Normal,5,train,d750691f17696516
T3_LAG,/kaggle/input/datasets/rayeedaabir/lag-database-part1-uk/LAG_database_part1_UK/non_glaucoma/image/0809.jpg,Normal,5,train,882f679515d65754
T3_LAG,/kaggle/input/datasets/rayeedaabir/lag-database-part1-uk/LAG_database_part1_UK/non_glaucoma/image/0810.jpg,Normal,5,train,9465699612d36b3d
T3_LAG,/kaggle/input/datasets/rayeedaabir/lag-database-part1-uk/LAG_database_part1_UK/non_glaucoma/image/0817.jpg,Normal,5,train,84c1638c1dd7779c
T3_LAG,/kaggle/input/datasets/rayeedaabir/lag-database-part1-uk/LAG_database_part1_UK/non_glaucoma/image/0822.jpg,Normal,5,train,848f1761709d1f75
T3_LAG,/kaggle/input/datasets/rayeedaabir/lag-database-part1-uk/LAG_database_part1_UK/non_glaucoma/image/0826.jpg,Normal,5,train,86b2696a9596756a
T3_LAG,/kaggle/input/datasets/rayeedaabir/lag-database-part1-uk/LAG_database_part1_UK/non_glaucoma/image/0827.jpg,Normal,5,train,c3c79cb8c3c3383c
T3_LAG,/kaggle/input/datasets/rayeedaabir/lag-database-part1-uk/LAG_database_part1_UK/non_glaucoma/image/0831.jpg,Normal,5,train,83c13d3c63c73c39
T3_LAG,/kaggle/input/datasets/rayeedaabir/lag-database-part1-uk/LAG_database_part1_UK/non_glaucoma/image/0834.jpg,Normal,5,train,d53f50df40ca0af1
T3_LAG,/kaggle/input/datasets/rayeedaabir/lag-database-part1-uk/LAG_database_part1_UK/non_glaucoma/image/0835.jpg,Normal,5,train,a74a556955a65569
T3_LAG,/kaggle/input/datasets/rayeedaabir/lag-database-part1-uk/LAG_database_part1_UK/non_glaucoma/image/0838.jpg,Normal,5,train,c1ff383e43e71038
T3_LAG,/kaggle/input/datasets/rayeedaabir/lag-database-part1-uk/LAG_database_part1_UK/non_glaucoma/image/0839.jpg,Normal,5,train,d3d2656d1392646d
T3_LAG,/kaggle/input/datasets/rayeedaabir/lag-database-part1-uk/LAG_database_part1_UK/non_glaucoma/image/0840.jpg,Normal,5,test,dc6f339948b322cc
T3_LAG,/kaggle/input/datasets/rayeedaabir/lag-database-part1-uk/LAG_database_part1_UK/non_glaucoma/image/0841.jpg,Normal,5,train,dd6672d948a62275
T3_LAG,/kaggle/input/datasets/rayeedaabir/lag-database-part1-uk/LAG_database_part1_UK/non_glaucoma/image/0842.jpg,Normal,5,train,89733c7ee1e1901e
T3_LAG,/kaggle/input/datasets/rayeedaabir/lag-database-part1-uk/LAG_database_part1_UK/non_glaucoma/image/0845.jpg,Normal,5,train,d56c453657b44c1d
T3_LAG,/kaggle/input/datasets/rayeedaabir/lag-database-part1-uk/LAG_database_part1_UK/non_glaucoma/image/0846.jpg,Normal,5,val,d94d26f649992a66
T3_LAG,/kaggle/input/datasets/rayeedaabir/lag-database-part1-uk/LAG_database_part1_UK/non_glaucoma/image/0848.jpg,Normal,5,train,c17c3cc3439e1e63
T3_LAG,/kaggle/input/datasets/rayeedaabir/lag-database-part1-uk/LAG_database_part1_UK/non_glaucoma/image/0852.jpg,Normal,5,train,88a827a755dd5732
T3_LAG,/kaggle/input/datasets/rayeedaabir/lag-database-part1-uk/LAG_database_part1_UK/non_glaucoma/image/0853.jpg,Normal,5,test,956b4af130d64a79
T3_LAG,/kaggle/input/datasets/rayeedaabir/lag-database-part1-uk/LAG_database_part1_UK/non_glaucoma/image/0855.jpg,Normal,5,train,c1ff1c8341d4347b
T3_LAG,/kaggle/input/datasets/rayeedaabir/lag-database-part1-uk/LAG_database_part1_UK/non_glaucoma/image/0856.jpg,Normal,5,train,c3e13c1e43c73879
T3_LAG,/kaggle/input/datasets/rayeedaabir/lag-database-part1-uk/LAG_database_part1_UK/non_glaucoma/image/0861.jpg,Normal,5,train,c17a303947c73d78
T3_LAG,/kaggle/input/datasets/rayeedaabir/lag-database-part1-uk/LAG_database_part1_UK/non_glaucoma/image/0862.jpg,Normal,5,train,95c6694e372c692e
T3_LAG,/kaggle/input/datasets/rayeedaabir/lag-database-part1-uk/LAG_database_part1_UK/non_glaucoma/image/0864.jpg,Normal,5,train,d7b265691692706d
T3_LAG,/kaggle/input/datasets/rayeedaabir/lag-database-part1-uk/LAG_database_part1_UK/non_glaucoma/image/0865.jpg,Normal,5,test,c1f33efe6181341c
T3_LAG,/kaggle/input/datasets/rayeedaabir/lag-database-part1-uk/LAG_database_part1_UK/non_glaucoma/image/0867.jpg,Normal,5,test,804a17a775d15f27
T3_LAG,/kaggle/input/datasets/rayeedaabir/lag-database-part1-uk/LAG_database_part1_UK/non_glaucoma/image/0868.jpg,Normal,5,val,d6a46d9616e16917
T3_LAG,/kaggle/input/datasets/rayeedaabir/lag-database-part1-uk/LAG_database_part1_UK/non_glaucoma/image/0873.jpg,Normal,5,val,84c135971f1e5f07
T3_LAG,/kaggle/input/datasets/rayeedaabir/lag-database-part1-uk/LAG_database_part1_UK/non_glaucoma/image/0876.jpg,Normal,5,train,d13b36e649990a67
T3_LAG,/kaggle/input/datasets/rayeedaabir/lag-database-part1-uk/LAG_database_part1_UK/non_glaucoma/image/0878.jpg,Normal,5,val,956e36d141bd0a5b
T3_LAG,/kaggle/input/datasets/rayeedaabir/lag-database-part1-uk/LAG_database_part1_UK/non_glaucoma/image/0880.jpg,Normal,5,val,c0fc070fe8f00f1f
T3_LAG,/kaggle/input/datasets/rayeedaabir/lag-database-part1-uk/LAG_database_part1_UK/non_glaucoma/image/0883.jpg,Normal,5,train,c0763e4d611e92f9
T3_LAG,/kaggle/input/datasets/rayeedaabir/lag-database-part1-uk/LAG_database_part1_UK/non_glaucoma/image/0884.jpg,Normal,5,train,9585756d1692e26d
T3_LAG,/kaggle/input/datasets/rayeedaabir/lag-database-part1-uk/LAG_database_part1_UK/non_glaucoma/image/0885.jpg,Normal,5,train,9667699c12c7693a
T3_LAG,/kaggle/input/datasets/rayeedaabir/lag-database-part1-uk/LAG_database_part1_UK/non_glaucoma/image/0886.jpg,Normal,5,train,cdc977365c895033
T3_LAG,/kaggle/input/datasets/rayeedaabir/lag-database-part1-uk/LAG_database_part1_UK/non_glaucoma/image/0887.jpg,Normal,5,val,806b67a31ddc5731
T3_LAG,/kaggle/input/datasets/rayeedaabir/lag-database-part1-uk/LAG_database_part1_UK/non_glaucoma/image/0889.jpg,Normal,5,train,9bce64229bdb6419
T3_LAG,/kaggle/input/datasets/rayeedaabir/lag-database-part1-uk/LAG_database_part1_UK/non_glaucoma/image/0891.jpg,Normal,5,test,95c945d9129f4a97
T3_LAG,/kaggle/input/datasets/rayeedaabir/lag-database-part1-uk/LAG_database_part1_UK/non_glaucoma/image/0892.jpg,Normal,5,train,c3db3c3e43c73038
T3_LAG,/kaggle/input/datasets/rayeedaabir/lag-database-part1-uk/LAG_database_part1_UK/non_glaucoma/image/0893.jpg,Normal,5,train,c2d33c1f437f3038
T3_LAG,/kaggle/input/datasets/rayeedaabir/lag-database-part1-uk/LAG_database_part1_UK/non_glaucoma/image/0894.jpg,Normal,5,test,c0553c5e42b7387b
T3_LAG,/kaggle/input/datasets/rayeedaabir/lag-database-part1-uk/LAG_database_part1_UK/non_glaucoma/image/0896.jpg,Normal,5,train,c2513978467d317b
T3_LAG,/kaggle/input/datasets/rayeedaabir/lag-database-part1-uk/LAG_database_part1_UK/non_glaucoma/image/0897.jpg,Normal,5,train,94f3698c16b34d63
T3_LAG,/kaggle/input/datasets/rayeedaabir/lag-database-part1-uk/LAG_database_part1_UK/non_glaucoma/image/0898.jpg,Normal,5,train,c3eb3cfc42c72078
T3_LAG,/kaggle/input/datasets/rayeedaabir/lag-database-part1-uk/LAG_database_part1_UK/non_glaucoma/image/0899.jpg,Normal,5,val,878575b555915475
T3_LAG,/kaggle/input/datasets/rayeedaabir/lag-database-part1-uk/LAG_database_part1_UK/non_glaucoma/image/0901.jpg,Normal,5,train,9065659332c76b3b
T3_LAG,/kaggle/input/datasets/rayeedaabir/lag-database-part1-uk/LAG_database_part1_UK/non_glaucoma/image/0902.jpg,Normal,5,train,86f1694d3696496d
T3_LAG,/kaggle/input/datasets/rayeedaabir/lag-database-part1-uk/LAG_database_part1_UK/non_glaucoma/image/0904.jpg,Normal,5,train,96c26d2f1730656d
T3_LAG,/kaggle/input/datasets/rayeedaabir/lag-database-part1-uk/LAG_database_part1_UK/non_glaucoma/image/0907.jpg,Normal,5,test,d56f42b502ce4a79
T3_LAG,/kaggle/input/datasets/rayeedaabir/lag-database-part1-uk/LAG_database_part1_UK/non_glaucoma/image/0908.jpg,Normal,5,train,c0d13f3e62e1311f
T3_LAG,/kaggle/input/datasets/rayeedaabir/lag-database-part1-uk/LAG_database_part1_UK/non_glaucoma/image/0911.jpg,Normal,5,train,94936b5ab4856b2e
T3_LAG,/kaggle/input/datasets/rayeedaabir/lag-database-part1-uk/LAG_database_part1_UK/non_glaucoma/image/0914.jpg,Normal,5,test,d5a555f556914865
T3_LAG,/kaggle/input/datasets/rayeedaabir/lag-database-part1-uk/LAG_database_part1_UK/non_glaucoma/image/0917.jpg,Normal,5,train,d523452d57935a65
T3_LAG,/kaggle/input/datasets/rayeedaabir/lag-database-part1-uk/LAG_database_part1_UK/non_glaucoma/image/0919.jpg,Normal,5,val,846a678c1de37789
T3_LAG,/kaggle/input/datasets/rayeedaabir/lag-database-part1-uk/LAG_database_part1_UK/non_glaucoma/image/0920.jpg,Normal,5,test,d5ad751655e55091
T3_LAG,/kaggle/input/datasets/rayeedaabir/lag-database-part1-uk/LAG_database_part1_UK/non_glaucoma/image/0921.jpg,Normal,5,train,d56d76d740930276
T3_LAG,/kaggle/input/datasets/rayeedaabir/lag-database-part1-uk/LAG_database_part1_UK/non_glaucoma/image/0924.jpg,Normal,5,train,d393656d1693d264
T3_LAG,/kaggle/input/datasets/rayeedaabir/lag-database-part1-uk/LAG_database_part1_UK/non_glaucoma/image/0926.jpg,Normal,5,train,c1e01f1e41e11f3f
T3_LAG,/kaggle/input/datasets/rayeedaabir/lag-database-part1-uk/LAG_database_part1_UK/non_glaucoma/image/0927.jpg,Normal,5,train,ddb266cc7162d8a2
T3_LAG,/kaggle/input/datasets/rayeedaabir/lag-database-part1-uk/LAG_database_part1_UK/non_glaucoma/image/0928.jpg,Normal,5,test,9067659d12d64a6f
T3_LAG,/kaggle/input/datasets/rayeedaabir/lag-database-part1-uk/LAG_database_part1_UK/non_glaucoma/image/0929.jpg,Normal,5,val,cd3732db48ce2272
T3_LAG,/kaggle/input/datasets/rayeedaabir/lag-database-part1-uk/LAG_database_part1_UK/non_glaucoma/image/0930.jpg,Normal,5,train,d53d74c512956ae4
T3_LAG,/kaggle/input/datasets/rayeedaabir/lag-database-part1-uk/LAG_database_part1_UK/non_glaucoma/image/0931.jpg,Normal,5,train,8ab8696db6b26949
T3_LAG,/kaggle/input/datasets/rayeedaabir/lag-database-part1-uk/LAG_database_part1_UK/non_glaucoma/image/0932.jpg,Normal,5,val,d16d36d34ab34a64
T3_LAG,/kaggle/input/datasets/rayeedaabir/lag-database-part1-uk/LAG_database_part1_UK/non_glaucoma/image/0933.jpg,Normal,5,val,d787383dc2c73039
T3_LAG,/kaggle/input/datasets/rayeedaabir/lag-database-part1-uk/LAG_database_part1_UK/non_glaucoma/image/0936.jpg,Normal,5,train,d56e72d942870a75
T3_LAG,/kaggle/input/datasets/rayeedaabir/lag-database-part1-uk/LAG_database_part1_UK/non_glaucoma/image/0937.jpg,Normal,5,train,81d965e615995733
T3_LAG,/kaggle/input/datasets/rayeedaabir/lag-database-part1-uk/LAG_database_part1_UK/non_glaucoma/image/0942.jpg,Normal,5,train,816a148547975f3f
T3_LAG,/kaggle/input/datasets/rayeedaabir/lag-database-part1-uk/LAG_database_part1_UK/non_glaucoma/image/0943.jpg,Normal,5,train,c17334ac47cb1f1c
T3_LAG,/kaggle/input/datasets/rayeedaabir/lag-database-part1-uk/LAG_database_part1_UK/non_glaucoma/image/0945.jpg,Normal,5,train,c07a05e857aa5f39
T3_LAG,/kaggle/input/datasets/rayeedaabir/lag-database-part1-uk/LAG_database_part1_UK/non_glaucoma/image/0946.jpg,Normal,5,train,946765b712c64a3b
T3_LAG,/kaggle/input/datasets/rayeedaabir/lag-database-part1-uk/LAG_database_part1_UK/non_glaucoma/image/0948.jpg,Normal,5,train,c3dc3c7ac2673849
T3_LAG,/kaggle/input/datasets/rayeedaabir/lag-database-part1-uk/LAG_database_part1_UK/non_glaucoma/image/0950.jpg,Normal,5,train,88ce76b319e67231
T3_LAG,/kaggle/input/datasets/rayeedaabir/lag-database-part1-uk/LAG_database_part1_UK/non_glaucoma/image/0951.jpg,Normal,5,train,816334e847875f7c
T3_LAG,/kaggle/input/datasets/rayeedaabir/lag-database-part1-uk/LAG_database_part1_UK/non_glaucoma/image/0952.jpg,Normal,5,test,c0e73edf28dc203c
T3_LAG,/kaggle/input/datasets/rayeedaabir/lag-database-part1-uk/LAG_database_part1_UK/non_glaucoma/image/0956.jpg,Normal,5,train,d6906d6d1696626d
T3_LAG,/kaggle/input/datasets/rayeedaabir/lag-database-part1-uk/LAG_database_part1_UK/non_glaucoma/image/0957.jpg,Normal,5,train,9492696917b4756d
T3_LAG,/kaggle/input/datasets/rayeedaabir/lag-database-part1-uk/LAG_database_part1_UK/non_glaucoma/image/0958.jpg,Normal,5,train,c3c33c7ac3c73c18
T3_LAG,/kaggle/input/datasets/rayeedaabir/lag-database-part1-uk/LAG_database_part1_UK/non_glaucoma/image/0960.jpg,Normal,5,train,9463653d15c2556f
T3_LAG,/kaggle/input/datasets/rayeedaabir/lag-database-part1-uk/LAG_database_part1_UK/non_glaucoma/image/0961.jpg,Normal,5,train,802d25b555d55776
T3_LAG,/kaggle/input/datasets/rayeedaabir/lag-database-part1-uk/LAG_database_part1_UK/non_glaucoma/image/0962.jpg,Normal,5,val,c8d333bfcc9830c6
T3_LAG,/kaggle/input/datasets/rayeedaabir/lag-database-part1-uk/LAG_database_part1_UK/non_glaucoma/image/0964.jpg,Normal,5,train,ddff32d140810a77
T3_LAG,/kaggle/input/datasets/rayeedaabir/lag-database-part1-uk/LAG_database_part1_UK/non_glaucoma/image/0966.jpg,Normal,5,train,c1d03c6f43871c3f
T3_LAG,/kaggle/input/datasets/rayeedaabir/lag-database-part1-uk/LAG_database_part1_UK/non_glaucoma/image/0969.jpg,Normal,5,train,9467459912db4a7d
T3_LAG,/kaggle/input/datasets/rayeedaabir/lag-database-part1-uk/LAG_database_part1_UK/non_glaucoma/image/0970.jpg,Normal,5,train,90f565d512d24a6f
T3_LAG,/kaggle/input/datasets/rayeedaabir/lag-database-part1-uk/LAG_database_part1_UK/non_glaucoma/image/0971.jpg,Normal,5,val,c9cc32f7c8992666
T3_LAG,/kaggle/input/datasets/rayeedaabir/lag-database-part1-uk/LAG_database_part1_UK/non_glaucoma/image/0972.jpg,Normal,5,val,843b678d15dc5713
T3_LAG,/kaggle/input/datasets/rayeedaabir/lag-database-part1-uk/LAG_database_part1_UK/non_glaucoma/image/0974.jpg,Normal,5,test,c03f1fe0749b1f60
T3_LAG,/kaggle/input/datasets/rayeedaabir/lag-database-part1-uk/LAG_database_part1_UK/non_glaucoma/image/0975.jpg,Normal,5,train,d52732d94a970a5d
T3_LAG,/kaggle/input/datasets/rayeedaabir/lag-database-part1-uk/LAG_database_part1_UK/non_glaucoma/image/0977.jpg,Normal,5,test,96ca6917364969b6
T3_LAG,/kaggle/input/datasets/rayeedaabir/lag-database-part1-uk/LAG_database_part1_UK/non_glaucoma/image/0978.jpg,Normal,5,val,d9f776cc48992243
T3_LAG,/kaggle/input/datasets/rayeedaabir/lag-database-part1-uk/LAG_database_part1_UK/non_glaucoma/image/0979.jpg,Normal,5,test,946f69f712964a49
T3_LAG,/kaggle/input/datasets/rayeedaabir/lag-database-part1-uk/LAG_database_part1_UK/non_glaucoma/image/0980.jpg,Normal,5,train,c3c33c1e4bc33c3c
T3_LAG,/kaggle/input/datasets/rayeedaabir/lag-database-part1-uk/LAG_database_part1_UK/non_glaucoma/image/0981.jpg,Normal,5,train,c09f0d7234db10ef
T3_LAG,/kaggle/input/datasets/rayeedaabir/lag-database-part1-uk/LAG_database_part1_UK/non_glaucoma/image/0983.jpg,Normal,5,train,c2d13c6f42273973
T3_LAG,/kaggle/input/datasets/rayeedaabir/lag-database-part1-uk/LAG_database_part1_UK/non_glaucoma/image/0984.jpg,Normal,5,train,d5ad65b516956425
T3_LAG,/kaggle/input/datasets/rayeedaabir/lag-database-part1-uk/LAG_database_part1_UK/non_glaucoma/image/0985.jpg,Normal,5,test,94ed65b612c94b96
T3_LAG,/kaggle/input/datasets/rayeedaabir/lag-database-part1-uk/LAG_database_part1_UK/non_glaucoma/image/0986.jpg,Normal,5,val,842d75d514d6535e
T3_LAG,/kaggle/input/datasets/rayeedaabir/lag-database-part1-uk/LAG_database_part1_UK/non_glaucoma/image/0987.jpg,Normal,5,train,9544692e35b26d6b
T3_LAG,/kaggle/input/datasets/rayeedaabir/lag-database-part1-uk/LAG_database_part1_UK/non_glaucoma/image/0990.jpg,Normal,5,train,906e65b712db4b1c
T3_LAG,/kaggle/input/datasets/rayeedaabir/lag-database-part1-uk/LAG_database_part1_UK/non_glaucoma/image/0991.jpg,Normal,5,test,954f4ab021d74a7b
T3_LAG,/kaggle/input/datasets/rayeedaabir/lag-database-part1-uk/LAG_database_part1_UK/non_glaucoma/image/0992.jpg,Normal,5,train,94cc6b2d34926b6b
T3_LAG,/kaggle/input/datasets/rayeedaabir/lag-database-part1-uk/LAG_database_part1_UK/non_glaucoma/image/0993.jpg,Normal,5,train,dd6372d948b7024d
T3_LAG,/kaggle/input/datasets/rayeedaabir/lag-database-part1-uk/LAG_database_part1_UK/non_glaucoma/image/0995.jpg,Normal,5,train,c1993e2fc1c91e3c
T3_LAG,/kaggle/input/datasets/rayeedaabir/lag-database-part1-uk/LAG_database_part1_UK/non_glaucoma/image/0998.jpg,Normal,5,train,809f036003bf6fe7
T3_LAG,/kaggle/input/datasets/rayeedaabir/lag-database-part1-uk/LAG_database_part1_UK/non_glaucoma/image/0999.jpg,Normal,5,train,c3cf3c1ce0c3383b
T3_LAG,/kaggle/input/datasets/rayeedaabir/lag-database-part1-uk/LAG_database_part1_UK/non_glaucoma/image/1000.jpg,Normal,5,train,d78a65ad1692626d
T3_LAG,/kaggle/input/datasets/rayeedaabir/lag-database-part1-uk/LAG_database_part1_UK/non_glaucoma/image/1001.jpg,Normal,5,test,8960669b17b55f19
T3_LAG,/kaggle/input/datasets/rayeedaabir/lag-database-part1-uk/LAG_database_part1_UK/non_glaucoma/image/1004.jpg,Normal,5,train,84a463871f957f19
T3_LAG,/kaggle/input/datasets/rayeedaabir/lag-database-part1-uk/LAG_database_part1_UK/non_glaucoma/image/1006.jpg,Normal,5,train,c0ce3e3f40e9163e
T3_LAG,/kaggle/input/datasets/rayeedaabir/lag-database-part1-uk/LAG_database_part1_UK/non_glaucoma/image/1008.jpg,Normal,5,train,c9ce383b8ece7038
T3_LAG,/kaggle/input/datasets/rayeedaabir/lag-database-part1-uk/LAG_database_part1_UK/non_glaucoma/image/1009.jpg,Normal,5,train,96f6694916927569
T3_LAG,/kaggle/input/datasets/rayeedaabir/lag-database-part1-uk/LAG_database_part1_UK/non_glaucoma/image/1010.jpg,Normal,5,train,8cce33336ccc3c39
T3_LAG,/kaggle/input/datasets/rayeedaabir/lag-database-part1-uk/LAG_database_part1_UK/non_glaucoma/image/1012.jpg,Normal,5,test,9a966969b6966968
T3_LAG,/kaggle/input/datasets/rayeedaabir/lag-database-part1-uk/LAG_database_part1_UK/non_glaucoma/image/1015.jpg,Normal,5,train,88e367991996771c
T3_LAG,/kaggle/input/datasets/rayeedaabir/lag-database-part1-uk/LAG_database_part1_UK/non_glaucoma/image/1017.jpg,Normal,5,train,94946b4b6ab4b5c3
T3_LAG,/kaggle/input/datasets/rayeedaabir/lag-database-part1-uk/LAG_database_part1_UK/non_glaucoma/image/1019.jpg,Normal,5,train,9742692e16f16d3a
T3_LAG,/kaggle/input/datasets/rayeedaabir/lag-database-part1-uk/LAG_database_part1_UK/non_glaucoma/image/1020.jpg,Normal,5,train,96b76d4914966569
T3_LAG,/kaggle/input/datasets/rayeedaabir/lag-database-part1-uk/LAG_database_part1_UK/non_glaucoma/image/1021.jpg,Normal,5,train,81d1347e68c715bb
T3_LAG,/kaggle/input/datasets/rayeedaabir/lag-database-part1-uk/LAG_database_part1_UK/non_glaucoma/image/1025.jpg,Normal,5,test,c1d634fc41e7113e
T3_LAG,/kaggle/input/datasets/rayeedaabir/lag-database-part1-uk/LAG_database_part1_UK/non_glaucoma/image/1026.jpg,Normal,5,train,95ca65695693466d
T3_LAG,/kaggle/input/datasets/rayeedaabir/lag-database-part1-uk/LAG_database_part1_UK/non_glaucoma/image/1027.jpg,Normal,5,train,956e4ab535ce4a31
T3_LAG,/kaggle/input/datasets/rayeedaabir/lag-database-part1-uk/LAG_database_part1_UK/non_glaucoma/image/1028.jpg,Normal,5,train,d56d12f748d90a66
T3_LAG,/kaggle/input/datasets/rayeedaabir/lag-database-part1-uk/LAG_database_part1_UK/non_glaucoma/image/1032.jpg,Normal,5,val,90ad659212d34b7f
T3_LAG,/kaggle/input/datasets/rayeedaabir/lag-database-part1-uk/LAG_database_part1_UK/non_glaucoma/image/1036.jpg,Normal,5,train,d5ef76fd40910246
T3_LAG,/kaggle/input/datasets/rayeedaabir/lag-database-part1-uk/LAG_database_part1_UK/non_glaucoma/image/1037.jpg,Normal,5,train,c3c33c7e43e7103c
T3_LAG,/kaggle/input/datasets/rayeedaabir/lag-database-part1-uk/LAG_database_part1_UK/non_glaucoma/image/1039.jpg,Normal,5,train,d5cd65251693626d
T3_LAG,/kaggle/input/datasets/rayeedaabir/lag-database-part1-uk/LAG_database_part1_UK/non_glaucoma/image/1043.jpg,Normal,5,val,80c73d3940dd23f7
T3_LAG,/kaggle/input/datasets/rayeedaabir/lag-database-part1-uk/LAG_database_part1_UK/non_glaucoma/image/1045.jpg,Normal,5,train,c1783c8347963f4b
T3_LAG,/kaggle/input/datasets/rayeedaabir/lag-database-part1-uk/LAG_database_part1_UK/non_glaucoma/image/1047.jpg,Normal,5,train,dd2730df408f007f
T3_LAG,/kaggle/input/datasets/rayeedaabir/lag-database-part1-uk/LAG_database_part1_UK/non_glaucoma/image/1049.jpg,Normal,5,train,886c67a51d995736
T3_LAG,/kaggle/input/datasets/rayeedaabir/lag-database-part1-uk/LAG_database_part1_UK/non_glaucoma/image/1051.jpg,Normal,5,val,d38d651316ed6493
T3_LAG,/kaggle/input/datasets/rayeedaabir/lag-database-part1-uk/LAG_database_part1_UK/non_glaucoma/image/1054.jpg,Normal,5,train,958a746553d56a27
T3_LAG,/kaggle/input/datasets/rayeedaabir/lag-database-part1-uk/LAG_database_part1_UK/non_glaucoma/image/1055.jpg,Normal,5,train,dfc23c38c3c33c38
T3_LAG,/kaggle/input/datasets/rayeedaabir/lag-database-part1-uk/LAG_database_part1_UK/non_glaucoma/image/1059.jpg,Normal,5,train,fba8bce381ac1ce0
T3_LAG,/kaggle/input/datasets/rayeedaabir/lag-database-part1-uk/LAG_database_part1_UK/non_glaucoma/image/1060.jpg,Normal,5,train,d5b6696b15b0f00d
T3_LAG,/kaggle/input/datasets/rayeedaabir/lag-database-part1-uk/LAG_database_part1_UK/non_glaucoma/image/1062.jpg,Normal,5,train,d5ad453556d54417
T3_LAG,/kaggle/input/datasets/rayeedaabir/lag-database-part1-uk/LAG_database_part1_UK/non_glaucoma/image/1063.jpg,Normal,5,train,c01c3d677a3ca762
T3_LAG,/kaggle/input/datasets/rayeedaabir/lag-database-part1-uk/LAG_database_part1_UK/non_glaucoma/image/1068.jpg,Normal,5,train,8cce2133435fcdcc
T3_LAG,/kaggle/input/datasets/rayeedaabir/lag-database-part1-uk/LAG_database_part1_UK/non_glaucoma/image/1071.jpg,Normal,5,train,9525d53dd205da36
T3_LAG,/kaggle/input/datasets/rayeedaabir/lag-database-part1-uk/LAG_database_part1_UK/non_glaucoma/image/1072.jpg,Normal,5,val,c3823e3ee1c13c3e
T3_LAG,/kaggle/input/datasets/rayeedaabir/lag-database-part1-uk/LAG_database_part1_UK/non_glaucoma/image/1073.jpg,Normal,5,train,875e30e147971c3b
T3_LAG,/kaggle/input/datasets/rayeedaabir/lag-database-part1-uk/LAG_database_part1_UK/non_glaucoma/image/1076.jpg,Normal,5,val,873334e147875f38
T3_LAG,/kaggle/input/datasets/rayeedaabir/lag-database-part1-uk/LAG_database_part1_UK/non_glaucoma/image/1079.jpg,Normal,5,train,c1ca3c3e63e3143e
T3_LAG,/kaggle/input/datasets/rayeedaabir/lag-database-part1-uk/LAG_database_part1_UK/non_glaucoma/image/1080.jpg,Normal,5,train,c653392ec2d3387c
T3_LAG,/kaggle/input/datasets/rayeedaabir/lag-database-part1-uk/LAG_database_part1_UK/non_glaucoma/image/1081.jpg,Normal,5,val,816d34c347971f69
T3_LAG,/kaggle/input/datasets/rayeedaabir/lag-database-part1-uk/LAG_database_part1_UK/non_glaucoma/image/1082.jpg,Normal,5,test,c1e23f0f609c073f
T3_LAG,/kaggle/input/datasets/rayeedaabir/lag-database-part1-uk/LAG_database_part1_UK/non_glaucoma/image/1083.jpg,Normal,5,train,83c93c3b431f34e3
T3_LAG,/kaggle/input/datasets/rayeedaabir/lag-database-part1-uk/LAG_database_part1_UK/non_glaucoma/image/1085.jpg,Normal,5,train,964e692b15b64d4b
T3_LAG,/kaggle/input/datasets/rayeedaabir/lag-database-part1-uk/LAG_database_part1_UK/non_glaucoma/image/1089.jpg,Normal,5,train,d5954a4ab5b5554a
T3_LAG,/kaggle/input/datasets/rayeedaabir/lag-database-part1-uk/LAG_database_part1_UK/non_glaucoma/image/1090.jpg,Normal,5,val,c1f03487479c7f43
T3_LAG,/kaggle/input/datasets/rayeedaabir/lag-database-part1-uk/LAG_database_part1_UK/non_glaucoma/image/1092.jpg,Normal,5,test,92796d6d51926d64
T3_LAG,/kaggle/input/datasets/rayeedaabir/lag-database-part1-uk/LAG_database_part1_UK/non_glaucoma/image/1093.jpg,Normal,5,train,90b7659712cf4a5a
T3_LAG,/kaggle/input/datasets/rayeedaabir/lag-database-part1-uk/LAG_database_part1_UK/non_glaucoma/image/1094.jpg,Normal,5,train,d583652d16b6686d
T3_LAG,/kaggle/input/datasets/rayeedaabir/lag-database-part1-uk/LAG_database_part1_UK/non_glaucoma/image/1095.jpg,Normal,5,val,85c4359947875f59
T3_LAG,/kaggle/input/datasets/rayeedaabir/lag-database-part1-uk/LAG_database_part1_UK/non_glaucoma/image/1096.jpg,Normal,5,train,d0c3652d12d64b6f
T3_LAG,/kaggle/input/datasets/rayeedaabir/lag-database-part1-uk/LAG_database_part1_UK/non_glaucoma/image/1098.jpg,Normal,5,val,8187349d47c71f3c
T3_LAG,/kaggle/input/datasets/rayeedaabir/lag-database-part1-uk/LAG_database_part1_UK/non_glaucoma/image/1099.jpg,Normal,5,train,809867c71dcc7733
T3_LAG,/kaggle/input/datasets/rayeedaabir/lag-database-part1-uk/LAG_database_part1_UK/non_glaucoma/image/1103.jpg,Normal,5,test,9799652557917465
T3_LAG,/kaggle/input/datasets/rayeedaabir/lag-database-part1-uk/LAG_database_part1_UK/non_glaucoma/image/1109.jpg,Normal,5,val,d53f652d1791602d
T3_LAG,/kaggle/input/datasets/rayeedaabir/lag-database-part1-uk/LAG_database_part1_UK/non_glaucoma/image/1110.jpg,Normal,5,train,83d13978668f327a
T3_LAG,/kaggle/input/datasets/rayeedaabir/lag-database-part1-uk/LAG_database_part1_UK/non_glaucoma/image/1111.jpg,Normal,5,test,d5fc40c30acb0a7f
T3_LAG,/kaggle/input/datasets/rayeedaabir/lag-database-part1-uk/LAG_database_part1_UK/non_glaucoma/image/1113.jpg,Normal,5,val,80c23d39196ef47e
T3_LAG,/kaggle/input/datasets/rayeedaabir/lag-database-part1-uk/LAG_database_part1_UK/non_glaucoma/image/1115.jpg,Normal,5,test,d5936949178a7969
T3_LAG,/kaggle/input/datasets/rayeedaabir/lag-database-part1-uk/LAG_database_part1_UK/non_glaucoma/image/1116.jpg,Normal,5,test,8ccc63631ccc7733
T3_LAG,/kaggle/input/datasets/rayeedaabir/lag-database-part1-uk/LAG_database_part1_UK/non_glaucoma/image/1118.jpg,Normal,5,train,d59065ed16176a65
T3_LAG,/kaggle/input/datasets/rayeedaabir/lag-database-part1-uk/LAG_database_part1_UK/non_glaucoma/image/1119.jpg,Normal,5,train,8647397846cf307b
T3_LAG,/kaggle/input/datasets/rayeedaabir/lag-database-part1-uk/LAG_database_part1_UK/non_glaucoma/image/1120.jpg,Normal,5,train,d16e26d949b6225d
T3_LAG,/kaggle/input/datasets/rayeedaabir/lag-database-part1-uk/LAG_database_part1_UK/non_glaucoma/image/1121.jpg,Normal,5,test,942665fd12d34a3d
T3_LAG,/kaggle/input/datasets/rayeedaabir/lag-database-part1-uk/LAG_database_part1_UK/non_glaucoma/image/1122.jpg,Normal,5,train,916e26d3419a475f
T3_LAG,/kaggle/input/datasets/rayeedaabir/lag-database-part1-uk/LAG_database_part1_UK/non_glaucoma/image/1124.jpg,Normal,5,train,ddff72f240810267
T3_LAG,/kaggle/input/datasets/rayeedaabir/lag-database-part1-uk/LAG_database_part1_UK/non_glaucoma/image/1127.jpg,Normal,5,train,90ed659412d36a6f
T3_LAG,/kaggle/input/datasets/rayeedaabir/lag-database-part1-uk/LAG_database_part1_UK/non_glaucoma/image/1129.jpg,Normal,5,train,8e9d69c497d16564
T3_LAG,/kaggle/input/datasets/rayeedaabir/lag-database-part1-uk/LAG_database_part1_UK/non_glaucoma/image/1134.jpg,Normal,5,train,c15f30fe03ff1038
T3_LAG,/kaggle/input/datasets/rayeedaabir/lag-database-part1-uk/LAG_database_part1_UK/non_glaucoma/image/1135.jpg,Normal,5,train,92e5659b12cd6a9a
T3_LAG,/kaggle/input/datasets/rayeedaabir/lag-database-part1-uk/LAG_database_part1_UK/non_glaucoma/image/1136.jpg,Normal,5,train,856931e3479c5763
T3_LAG,/kaggle/input/datasets/rayeedaabir/lag-database-part1-uk/LAG_database_part1_UK/non_glaucoma/image/1137.jpg,Normal,5,train,816714fc47875f38
T3_LAG,/kaggle/input/datasets/rayeedaabir/lag-database-part1-uk/LAG_database_part1_UK/non_glaucoma/image/1139.jpg,Normal,5,test,c0c33c3f436f307c
T3_LAG,/kaggle/input/datasets/rayeedaabir/lag-database-part1-uk/LAG_database_part1_UK/non_glaucoma/image/1141.jpg,Normal,5,test,df873cbcc2c72038
T3_LAG,/kaggle/input/datasets/rayeedaabir/lag-database-part1-uk/LAG_database_part1_UK/non_glaucoma/image/1142.jpg,Normal,5,val,96b5696b1694516d
T3_LAG,/kaggle/input/datasets/rayeedaabir/lag-database-part1-uk/LAG_database_part1_UK/non_glaucoma/image/1143.jpg,Normal,5,train,d96e76d349c1024f
T3_LAG,/kaggle/input/datasets/rayeedaabir/lag-database-part1-uk/LAG_database_part1_UK/non_glaucoma/image/1144.jpg,Normal,5,train,9ce463c0418377df
T3_LAG,/kaggle/input/datasets/rayeedaabir/lag-database-part1-uk/LAG_database_part1_UK/non_glaucoma/image/1147.jpg,Normal,5,train,d0e6659312d34a7d
T3_LAG,/kaggle/input/datasets/rayeedaabir/lag-database-part1-uk/LAG_database_part1_UK/non_glaucoma/image/1149.jpg,Normal,5,train,96966b4b34b4316b
T3_LAG,/kaggle/input/datasets/rayeedaabir/lag-database-part1-uk/LAG_database_part1_UK/non_glaucoma/image/1151.jpg,Normal,5,train,c3873c3c53c72c3c
T3_LAG,/kaggle/input/datasets/rayeedaabir/lag-database-part1-uk/LAG_database_part1_UK/non_glaucoma/image/1152.jpg,Normal,5,train,996464cb5bb06e8d
T3_LAG,/kaggle/input/datasets/rayeedaabir/lag-database-part1-uk/LAG_database_part1_UK/non_glaucoma/image/1156.jpg,Normal,5,train,90fd659612cd623b
T3_LAG,/kaggle/input/datasets/rayeedaabir/lag-database-part1-uk/LAG_database_part1_UK/non_glaucoma/image/1158.jpg,Normal,5,train,c3e13e1ec3853c59
T3_LAG,/kaggle/input/datasets/rayeedaabir/lag-database-part1-uk/LAG_database_part1_UK/non_glaucoma/image/1164.jpg,Normal,5,train,d57f74d940920a76
T3_LAG,/kaggle/input/datasets/rayeedaabir/lag-database-part1-uk/LAG_database_part1_UK/non_glaucoma/image/1165.jpg,Normal,5,train,c0d03d7f433f3069
T3_LAG,/kaggle/input/datasets/rayeedaabir/lag-database-part1-uk/LAG_database_part1_UK/non_glaucoma/image/1166.jpg,Normal,5,val,d5b776d64a890a46
T3_LAG,/kaggle/input/datasets/rayeedaabir/lag-database-part1-uk/LAG_database_part1_UK/non_glaucoma/image/1167.jpg,Normal,5,train,d5ad553557995015
T3_LAG,/kaggle/input/datasets/rayeedaabir/lag-database-part1-uk/LAG_database_part1_UK/non_glaucoma/image/1168.jpg,Normal,5,train,984a67b11f945733
T3_LAG,/kaggle/input/datasets/rayeedaabir/lag-database-part1-uk/LAG_database_part1_UK/non_glaucoma/image/1170.jpg,Normal,5,train,d96c76d348912277
T3_LAG,/kaggle/input/datasets/rayeedaabir/lag-database-part1-uk/LAG_database_part1_UK/non_glaucoma/image/1172.jpg,Normal,5,train,ccce90b131b1c6cf
T3_LAG,/kaggle/input/datasets/rayeedaabir/lag-database-part1-uk/LAG_database_part1_UK/non_glaucoma/image/1179.jpg,Normal,5,train,c42f13db48ac22fd
T3_LAG,/kaggle/input/datasets/rayeedaabir/lag-database-part1-uk/LAG_database_part1_UK/non_glaucoma/image/1183.jpg,Normal,5,train,876f30a847973c39
T3_LAG,/kaggle/input/datasets/rayeedaabir/lag-database-part1-uk/LAG_database_part1_UK/non_glaucoma/image/1184.jpg,Normal,5,train,97e1690d17d2656c
T3_LAG,/kaggle/input/datasets/rayeedaabir/lag-database-part1-uk/LAG_database_part1_UK/non_glaucoma/image/1187.jpg,Normal,5,train,d56774351ad16a64
T3_LAG,/kaggle/input/datasets/rayeedaabir/lag-database-part1-uk/LAG_database_part1_UK/non_glaucoma/image/1188.jpg,Normal,5,train,c13c34c3479c1f4f
T3_LAG,/kaggle/input/datasets/rayeedaabir/lag-database-part1-uk/LAG_database_part1_UK/non_glaucoma/image/1189.jpg,Normal,5,val,95154a4a51bda5f3
T3_LAG,/kaggle/input/datasets/rayeedaabir/lag-database-part1-uk/LAG_database_part1_UK/non_glaucoma/image/1190.jpg,Normal,5,val,db147c6ac30dbc58
T3_LAG,/kaggle/input/datasets/rayeedaabir/lag-database-part1-uk/LAG_database_part1_UK/non_glaucoma/image/1194.jpg,Normal,5,train,8d44638f1de57709
T3_LAG,/kaggle/input/datasets/rayeedaabir/lag-database-part1-uk/LAG_database_part1_UK/non_glaucoma/image/1196.jpg,Normal,5,test,837130e7479c1f69
T3_LAG,/kaggle/input/datasets/rayeedaabir/lag-database-part1-uk/LAG_database_part1_UK/non_glaucoma/image/1199.jpg,Normal,5,train,8655695316796d1e
T3_LAG,/kaggle/input/datasets/rayeedaabir/lag-database-part1-uk/LAG_database_part1_UK/non_glaucoma/image/1204.jpg,Normal,5,test,cd6336b348d92267
T3_LAG,/kaggle/input/datasets/rayeedaabir/lag-database-part1-uk/LAG_database_part1_UK/non_glaucoma/image/1206.jpg,Normal,5,train,c0e13e1f61e1e03f
T3_LAG,/kaggle/input/datasets/rayeedaabir/lag-database-part1-uk/LAG_database_part1_UK/non_glaucoma/image/1207.jpg,Normal,5,val,9694494b35b6d569
T3_LAG,/kaggle/input/datasets/rayeedaabir/lag-database-part1-uk/LAG_database_part1_UK/non_glaucoma/image/1209.jpg,Normal,5,train,9164249917667f9b
T3_LAG,/kaggle/input/datasets/rayeedaabir/lag-database-part1-uk/LAG_database_part1_UK/non_glaucoma/image/1211.jpg,Normal,5,train,d523552557f54417
T3_LAG,/kaggle/input/datasets/rayeedaabir/lag-database-part1-uk/LAG_database_part1_UK/non_glaucoma/image/1215.jpg,Normal,5,train,c4df897e3040a0ff
T3_LAG,/kaggle/input/datasets/rayeedaabir/lag-database-part1-uk/LAG_database_part1_UK/non_glaucoma/image/1216.jpg,Normal,5,train,c1c41c6a6aaf953d
T3_LAG,/kaggle/input/datasets/rayeedaabir/lag-database-part1-uk/LAG_database_part1_UK/non_glaucoma/image/1217.jpg,Normal,5,test,df857c3cc0c7e038
T3_LAG,/kaggle/input/datasets/rayeedaabir/lag-database-part1-uk/LAG_database_part1_UK/non_glaucoma/image/1218.jpg,Normal,5,train,86b5690d96d6654d
T3_LAG,/kaggle/input/datasets/rayeedaabir/lag-database-part1-uk/LAG_database_part1_UK/non_glaucoma/image/1220.jpg,Normal,5,train,92b265ed12926b6d
T3_LAG,/kaggle/input/datasets/rayeedaabir/lag-database-part1-uk/LAG_database_part1_UK/non_glaucoma/image/1224.jpg,Normal,5,train,c7c73c3c62c3e438
T3_LAG,/kaggle/input/datasets/rayeedaabir/lag-database-part1-uk/LAG_database_part1_UK/non_glaucoma/image/1226.jpg,Normal,5,train,947741db12964a6f
T3_LAG,/kaggle/input/datasets/rayeedaabir/lag-database-part1-uk/LAG_database_part1_UK/non_glaucoma/image/1228.jpg,Normal,5,train,8c29778c1dd55715
T3_LAG,/kaggle/input/datasets/rayeedaabir/lag-database-part1-uk/LAG_database_part1_UK/non_glaucoma/image/1230.jpg,Normal,5,train,c9613e1e49493737
T3_LAG,/kaggle/input/datasets/rayeedaabir/lag-database-part1-uk/LAG_database_part1_UK/non_glaucoma/image/1231.jpg,Normal,5,train,c07310fe41ff00fd
T3_LAG,/kaggle/input/datasets/rayeedaabir/lag-database-part1-uk/LAG_database_part1_UK/non_glaucoma/image/1234.jpg,Normal,5,val,8fd26d2a170af5a8
T3_LAG,/kaggle/input/datasets/rayeedaabir/lag-database-part1-uk/LAG_database_part1_UK/non_glaucoma/image/1235.jpg,Normal,5,train,d561551f54f51a13
T3_LAG,/kaggle/input/datasets/rayeedaabir/lag-database-part1-uk/LAG_database_part1_UK/non_glaucoma/image/1236.jpg,Normal,5,train,83c73c1863c7e738
T3_LAG,/kaggle/input/datasets/rayeedaabir/lag-database-part1-uk/LAG_database_part1_UK/non_glaucoma/image/1239.jpg,Normal,5,train,816325cb15cf574b
T3_LAG,/kaggle/input/datasets/rayeedaabir/lag-database-part1-uk/LAG_database_part1_UK/non_glaucoma/image/1241.jpg,Normal,5,train,8560308f47975d7b
T3_LAG,/kaggle/input/datasets/rayeedaabir/lag-database-part1-uk/LAG_database_part1_UK/non_glaucoma/image/1242.jpg,Normal,5,train,d5ad55cd56256225
T3_LAG,/kaggle/input/datasets/rayeedaabir/lag-database-part1-uk/LAG_database_part1_UK/non_glaucoma/image/1245.jpg,Normal,5,train,c79d3cc7c13c30c3
T3_LAG,/kaggle/input/datasets/rayeedaabir/lag-database-part1-uk/LAG_database_part1_UK/non_glaucoma/image/1248.jpg,Normal,5,test,d16c36934afd0a66
T3_LAG,/kaggle/input/datasets/rayeedaabir/lag-database-part1-uk/LAG_database_part1_UK/non_glaucoma/image/1250.jpg,Normal,5,train,c8fc33160ecc723e
T3_LAG,/kaggle/input/datasets/rayeedaabir/lag-database-part1-uk/LAG_database_part1_UK/non_glaucoma/image/1251.jpg,Normal,5,train,c16b34be01ea15be
T3_LAG,/kaggle/input/datasets/rayeedaabir/lag-database-part1-uk/LAG_database_part1_UK/non_glaucoma/image/1255.jpg,Normal,5,train,d39b646d13936c64
T3_LAG,/kaggle/input/datasets/rayeedaabir/lag-database-part1-uk/LAG_database_part1_UK/non_glaucoma/image/1257.jpg,Normal,5,val,c1df3c7e41e3003e
T3_LAG,/kaggle/input/datasets/rayeedaabir/lag-database-part1-uk/LAG_database_part1_UK/non_glaucoma/image/1258.jpg,Normal,5,val,996267891d665799
T3_LAG,/kaggle/input/datasets/rayeedaabir/lag-database-part1-uk/LAG_database_part1_UK/non_glaucoma/image/1259.jpg,Normal,5,val,954b553c54cb5a36
T3_LAG,/kaggle/input/datasets/rayeedaabir/lag-database-part1-uk/LAG_database_part1_UK/non_glaucoma/image/1261.jpg,Normal,5,train,c11f3c3e63c31c3c
T3_LAG,/kaggle/input/datasets/rayeedaabir/lag-database-part1-uk/LAG_database_part1_UK/non_glaucoma/image/1262.jpg,Normal,5,val,c4ccc1d9c0c74fb9
T3_LAG,/kaggle/input/datasets/rayeedaabir/lag-database-part1-uk/LAG_database_part1_UK/non_glaucoma/image/1264.jpg,Normal,5,train,99e627d14e8c1a73
T3_LAG,/kaggle/input/datasets/rayeedaabir/lag-database-part1-uk/LAG_database_part1_UK/non_glaucoma/image/1265.jpg,Normal,5,train,c1df30f2013f10fb
T3_LAG,/kaggle/input/datasets/rayeedaabir/lag-database-part1-uk/LAG_database_part1_UK/non_glaucoma/image/1266.jpg,Normal,5,train,916b2425539b5f65
T3_LAG,/kaggle/input/datasets/rayeedaabir/lag-database-part1-uk/LAG_database_part1_UK/non_glaucoma/image/1269.jpg,Normal,5,train,c8dc63279c8c3967
T3_LAG,/kaggle/input/datasets/rayeedaabir/lag-database-part1-uk/LAG_database_part1_UK/non_glaucoma/image/1271.jpg,Normal,5,train,d53b652d56d46825
T3_LAG,/kaggle/input/datasets/rayeedaabir/lag-database-part1-uk/LAG_database_part1_UK/non_glaucoma/image/1272.jpg,Normal,5,train,80aa278715dd5737
T3_LAG,/kaggle/input/datasets/rayeedaabir/lag-database-part1-uk/LAG_database_part1_UK/non_glaucoma/image/1273.jpg,Normal,5,val,9699696696e16d1a
T3_LAG,/kaggle/input/datasets/rayeedaabir/lag-database-part1-uk/LAG_database_part1_UK/non_glaucoma/image/1274.jpg,Normal,5,val,d5a476d348ce025f
T3_LAG,/kaggle/input/datasets/rayeedaabir/lag-database-part1-uk/LAG_database_part1_UK/non_glaucoma/image/1277.jpg,Normal,5,train,848961971dd6575b
T3_LAG,/kaggle/input/datasets/rayeedaabir/lag-database-part1-uk/LAG_database_part1_UK/non_glaucoma/image/1279.jpg,Normal,5,test,c13b14e647d45f49
T3_LAG,/kaggle/input/datasets/rayeedaabir/lag-database-part1-uk/LAG_database_part1_UK/non_glaucoma/image/1282.jpg,Normal,5,train,83c33c5e42ef3839
T3_LAG,/kaggle/input/datasets/rayeedaabir/lag-database-part1-uk/LAG_database_part1_UK/non_glaucoma/image/1285.jpg,Normal,5,train,cbd33c7cc1c7103c
T3_LAG,/kaggle/input/datasets/rayeedaabir/lag-database-part1-uk/LAG_database_part1_UK/non_glaucoma/image/1287.jpg,Normal,5,train,9466699936964b6d
T3_LAG,/kaggle/input/datasets/rayeedaabir/lag-database-part1-uk/LAG_database_part1_UK/non_glaucoma/image/1289.jpg,Normal,5,train,c7c3302047971f5f
T3_LAG,/kaggle/input/datasets/rayeedaabir/lag-database-part1-uk/LAG_database_part1_UK/non_glaucoma/image/1292.jpg,Normal,5,train,99ca6666199b6566
T3_LAG,/kaggle/input/datasets/rayeedaabir/lag-database-part1-uk/LAG_database_part1_UK/non_glaucoma/image/1294.jpg,Normal,5,train,c1633cef499e3468
T3_LAG,/kaggle/input/datasets/rayeedaabir/lag-database-part1-uk/LAG_database_part1_UK/non_glaucoma/image/1295.jpg,Normal,5,train,946d45b712d30a7d
T3_LAG,/kaggle/input/datasets/rayeedaabir/lag-database-part1-uk/LAG_database_part1_UK/non_glaucoma/image/1296.jpg,Normal,5,train,95c56a4a35b5754a
T3_LAG,/kaggle/input/datasets/rayeedaabir/lag-database-part1-uk/LAG_database_part1_UK/non_glaucoma/image/1297.jpg,Normal,5,train,c0df14fe00fa153b
T3_LAG,/kaggle/input/datasets/rayeedaabir/lag-database-part1-uk/LAG_database_part1_UK/non_glaucoma/image/1299.jpg,Normal,5,val,9687692b1636696b
T3_LAG,/kaggle/input/datasets/rayeedaabir/lag-database-part1-uk/LAG_database_part1_UK/non_glaucoma/image/1301.jpg,Normal,5,train,916c26d2498b5f67
T3_LAG,/kaggle/input/datasets/rayeedaabir/lag-database-part1-uk/LAG_database_part1_UK/non_glaucoma/image/1302.jpg,Normal,5,val,83c33c1c52cf273e
T3_LAG,/kaggle/input/datasets/rayeedaabir/lag-database-part1-uk/LAG_database_part1_UK/non_glaucoma/image/1303.jpg,Normal,5,val,c76330c6479c1f63
T3_LAG,/kaggle/input/datasets/rayeedaabir/lag-database-part1-uk/LAG_database_part1_UK/non_glaucoma/image/1305.jpg,Normal,5,train,d5d4694b1692716d
T3_LAG,/kaggle/input/datasets/rayeedaabir/lag-database-part1-uk/LAG_database_part1_UK/non_glaucoma/image/1306.jpg,Normal,5,val,80573c7b42bf207b
T3_LAG,/kaggle/input/datasets/rayeedaabir/lag-database-part1-uk/LAG_database_part1_UK/non_glaucoma/image/1312.jpg,Normal,5,train,8cf36799983619cc
T3_LAG,/kaggle/input/datasets/rayeedaabir/lag-database-part1-uk/LAG_database_part1_UK/non_glaucoma/image/1315.jpg,Normal,5,train,c7c73c3843cf3039
T3_LAG,/kaggle/input/datasets/rayeedaabir/lag-database-part1-uk/LAG_database_part1_UK/non_glaucoma/image/1316.jpg,Normal,5,test,8469678e1dd75730
T3_LAG,/kaggle/input/datasets/rayeedaabir/lag-database-part1-uk/LAG_database_part1_UK/non_glaucoma/image/1319.jpg,Normal,5,train,99b5669199e46699
T3_LAG,/kaggle/input/datasets/rayeedaabir/lag-database-part1-uk/LAG_database_part1_UK/non_glaucoma/image/1323.jpg,Normal,5,test,95895b3d74954a2d
T3_LAG,/kaggle/input/datasets/rayeedaabir/lag-database-part1-uk/LAG_database_part1_UK/non_glaucoma/image/1325.jpg,Normal,5,train,94b541dd12d26b6b
T3_LAG,/kaggle/input/datasets/rayeedaabir/lag-database-part1-uk/LAG_database_part1_UK/non_glaucoma/image/1328.jpg,Normal,5,train,95a5535a57253547
T3_LAG,/kaggle/input/datasets/rayeedaabir/lag-database-part1-uk/LAG_database_part1_UK/non_glaucoma/image/1329.jpg,Normal,5,train,c07e386343d7306f
T3_LAG,/kaggle/input/datasets/rayeedaabir/lag-database-part1-uk/LAG_database_part1_UK/non_glaucoma/image/1331.jpg,Normal,5,train,81e1679217d95736
T3_LAG,/kaggle/input/datasets/rayeedaabir/lag-database-part1-uk/LAG_database_part1_UK/non_glaucoma/image/1332.jpg,Normal,5,test,c0d03d1f0ef8f0e6
T3_LAG,/kaggle/input/datasets/rayeedaabir/lag-database-part1-uk/LAG_database_part1_UK/non_glaucoma/image/1336.jpg,Normal,5,train,80a175d455575e5b
T3_LAG,/kaggle/input/datasets/rayeedaabir/lag-database-part1-uk/LAG_database_part1_UK/non_glaucoma/image/1337.jpg,Normal,5,train,c1e7151857e65f11
T3_LAG,/kaggle/input/datasets/rayeedaabir/lag-database-part1-uk/LAG_database_part1_UK/non_glaucoma/image/1342.jpg,Normal,5,train,c1c33c3e61e3113f
T3_LAG,/kaggle/input/datasets/rayeedaabir/lag-database-part1-uk/LAG_database_part1_UK/non_glaucoma/image/1343.jpg,Normal,5,test,c16b3c9ec3c31c3c
T3_LAG,/kaggle/input/datasets/rayeedaabir/lag-database-part1-uk/LAG_database_part1_UK/non_glaucoma/image/1344.jpg,Normal,5,train,94b541d712ce6a3e
T3_LAG,/kaggle/input/datasets/rayeedaabir/lag-database-part1-uk/LAG_database_part1_UK/non_glaucoma/image/1348.jpg,Normal,5,train,86c1397947cf303b
T3_LAG,/kaggle/input/datasets/rayeedaabir/lag-database-part1-uk/LAG_database_part1_UK/non_glaucoma/image/1349.jpg,Normal,5,train,959445e956b652cd
T3_LAG,/kaggle/input/datasets/rayeedaabir/lag-database-part1-uk/LAG_database_part1_UK/non_glaucoma/image/1350.jpg,Normal,5,test,c1d83c3f43c63c5c
T3_LAG,/kaggle/input/datasets/rayeedaabir/lag-database-part1-uk/LAG_database_part1_UK/non_glaucoma/image/1353.jpg,Normal,5,train,d53f70db42c90a47
T3_LAG,/kaggle/input/datasets/rayeedaabir/lag-database-part1-uk/LAG_database_part1_UK/non_glaucoma/image/1354.jpg,Normal,5,val,d5a551ed5c94c2c9
T3_LAG,/kaggle/input/datasets/rayeedaabir/lag-database-part1-uk/LAG_database_part1_UK/non_glaucoma/image/1356.jpg,Normal,5,test,8485678e1db75719
T3_LAG,/kaggle/input/datasets/rayeedaabir/lag-database-part1-uk/LAG_database_part1_UK/non_glaucoma/image/1357.jpg,Normal,5,train,d9ee76d14ac90272
T3_LAG,/kaggle/input/datasets/rayeedaabir/lag-database-part1-uk/LAG_database_part1_UK/non_glaucoma/image/1359.jpg,Normal,5,train,8ae269a9baa26d2b
T3_LAG,/kaggle/input/datasets/rayeedaabir/lag-database-part1-uk/LAG_database_part1_UK/non_glaucoma/image/1360.jpg,Normal,5,val,c0df307943ef3078
T3_LAG,/kaggle/input/datasets/rayeedaabir/lag-database-part1-uk/LAG_database_part1_UK/non_glaucoma/image/1361.jpg,Normal,5,test,c1db3c3c61c3143f
T3_LAG,/kaggle/input/datasets/rayeedaabir/lag-database-part1-uk/LAG_database_part1_UK/non_glaucoma/image/1364.jpg,Normal,5,test,83c13c3f63cf3078
T3_LAG,/kaggle/input/datasets/rayeedaabir/lag-database-part1-uk/LAG_database_part1_UK/non_glaucoma/image/1365.jpg,Normal,5,train,96d4696937926569
T3_LAG,/kaggle/input/datasets/rayeedaabir/lag-database-part1-uk/LAG_database_part1_UK/non_glaucoma/image/1366.jpg,Normal,5,train,956a683e35ac591e
T3_LAG,/kaggle/input/datasets/rayeedaabir/lag-database-part1-uk/LAG_database_part1_UK/non_glaucoma/image/1367.jpg,Normal,5,train,c0e73d5c62c72c39
T3_LAG,/kaggle/input/datasets/rayeedaabir/lag-database-part1-uk/LAG_database_part1_UK/non_glaucoma/image/1368.jpg,Normal,5,val,80d8839b88df339f
T3_LAG,/kaggle/input/datasets/rayeedaabir/lag-database-part1-uk/LAG_database_part1_UK/non_glaucoma/image/1369.jpg,Normal,5,train,d8d03e3fe1e1801f
T3_LAG,/kaggle/input/datasets/rayeedaabir/lag-database-part1-uk/LAG_database_part1_UK/non_glaucoma/image/1373.jpg,Normal,5,train,d5c575b51691e20d
T3_LAG,/kaggle/input/datasets/rayeedaabir/lag-database-part1-uk/LAG_database_part1_UK/non_glaucoma/image/1374.jpg,Normal,5,train,90b224ef989b25ed
T3_LAG,/kaggle/input/datasets/rayeedaabir/lag-database-part1-uk/LAG_database_part1_UK/non_glaucoma/image/1376.jpg,Normal,5,train,8463338c1db57747
T3_LAG,/kaggle/input/datasets/rayeedaabir/lag-database-part1-uk/LAG_database_part1_UK/non_glaucoma/image/1377.jpg,Normal,5,train,d5e57429160c7a2f
T3_LAG,/kaggle/input/datasets/rayeedaabir/lag-database-part1-uk/LAG_database_part1_UK/non_glaucoma/image/1378.jpg,Normal,5,train,995f66621c2c719b
T3_LAG,/kaggle/input/datasets/rayeedaabir/lag-database-part1-uk/LAG_database_part1_UK/non_glaucoma/image/1379.jpg,Normal,5,val,95ba75a155e8552a
T3_LAG,/kaggle/input/datasets/rayeedaabir/lag-database-part1-uk/LAG_database_part1_UK/non_glaucoma/image/1382.jpg,Normal,5,train,c7c7383d40cf2479
T3_LAG,/kaggle/input/datasets/rayeedaabir/lag-database-part1-uk/LAG_database_part1_UK/non_glaucoma/image/1384.jpg,Normal,5,val,87c1303e47c67778
T3_LAG,/kaggle/input/datasets/rayeedaabir/lag-database-part1-uk/LAG_database_part1_UK/non_glaucoma/image/1387.jpg,Normal,5,train,94f7619912d64b69
T3_LAG,/kaggle/input/datasets/rayeedaabir/lag-database-part1-uk/LAG_database_part1_UK/non_glaucoma/image/1390.jpg,Normal,5,test,853931c647935f1e
T3_LAG,/kaggle/input/datasets/rayeedaabir/lag-database-part1-uk/LAG_database_part1_UK/non_glaucoma/image/1391.jpg,Normal,5,train,d50955af16b56a54
T3_LAG,/kaggle/input/datasets/rayeedaabir/lag-database-part1-uk/LAG_database_part1_UK/non_glaucoma/image/1393.jpg,Normal,5,train,d5f549291592556d
T3_LAG,/kaggle/input/datasets/rayeedaabir/lag-database-part1-uk/LAG_database_part1_UK/non_glaucoma/image/1394.jpg,Normal,5,train,b14af568d58ad529
T3_LAG,/kaggle/input/datasets/rayeedaabir/lag-database-part1-uk/LAG_database_part1_UK/non_glaucoma/image/1399.jpg,Normal,5,train,81c434cf47961f4f
T3_LAG,/kaggle/input/datasets/rayeedaabir/lag-database-part1-uk/LAG_database_part1_UK/non_glaucoma/image/1400.jpg,Normal,5,test,81e63c73c366389e
T3_LAG,/kaggle/input/datasets/rayeedaabir/lag-database-part1-uk/LAG_database_part1_UK/non_glaucoma/image/1401.jpg,Normal,5,train,95b775c556956064
T3_LAG,/kaggle/input/datasets/rayeedaabir/lag-database-part1-uk/LAG_database_part1_UK/non_glaucoma/image/1404.jpg,Normal,5,test,d597685b15a5614e
T3_LAG,/kaggle/input/datasets/rayeedaabir/lag-database-part1-uk/LAG_database_part1_UK/non_glaucoma/image/1406.jpg,Normal,5,train,d494496b34b6754b
T3_LAG,/kaggle/input/datasets/rayeedaabir/lag-database-part1-uk/LAG_database_part1_UK/non_glaucoma/image/1410.jpg,Normal,5,train,96dac9a594e249b3
T3_LAG,/kaggle/input/datasets/rayeedaabir/lag-database-part1-uk/LAG_database_part1_UK/non_glaucoma/image/1411.jpg,Normal,5,train,86c7397942cf3133
T3_LAG,/kaggle/input/datasets/rayeedaabir/lag-database-part1-uk/LAG_database_part1_UK/non_glaucoma/image/1412.jpg,Normal,5,val,d5ad752957a1640d
T3_LAG,/kaggle/input/datasets/rayeedaabir/lag-database-part1-uk/LAG_database_part1_UK/non_glaucoma/image/1413.jpg,Normal,5,train,c1833e3e68e3955c
T3_LAG,/kaggle/input/datasets/rayeedaabir/lag-database-part1-uk/LAG_database_part1_UK/non_glaucoma/image/1414.jpg,Normal,5,test,84a073871d9d5737
T3_LAG,/kaggle/input/datasets/rayeedaabir/lag-database-part1-uk/LAG_database_part1_UK/non_glaucoma/image/1418.jpg,Normal,5,train,c7c63cbc42c73139
T3_LAG,/kaggle/input/datasets/rayeedaabir/lag-database-part1-uk/LAG_database_part1_UK/non_glaucoma/image/1421.jpg,Normal,5,train,94f669cb12964b69
T3_LAG,/kaggle/input/datasets/rayeedaabir/lag-database-part1-uk/LAG_database_part1_UK/non_glaucoma/image/1422.jpg,Normal,5,train,c1783cc3479c1ec7
T3_LAG,/kaggle/input/datasets/rayeedaabir/lag-database-part1-uk/LAG_database_part1_UK/non_glaucoma/image/1423.jpg,Normal,5,train,807b67881dcc5f93
T3_LAG,/kaggle/input/datasets/rayeedaabir/lag-database-part1-uk/LAG_database_part1_UK/non_glaucoma/image/1429.jpg,Normal,5,train,88a76791155757d8
T3_LAG,/kaggle/input/datasets/rayeedaabir/lag-database-part1-uk/LAG_database_part1_UK/non_glaucoma/image/1431.jpg,Normal,5,test,c1d03e3f48e7903e
T3_LAG,/kaggle/input/datasets/rayeedaabir/lag-database-part1-uk/LAG_database_part1_UK/non_glaucoma/image/1432.jpg,Normal,5,train,c1573c3e23e7203d
T3_LAG,/kaggle/input/datasets/rayeedaabir/lag-database-part1-uk/LAG_database_part1_UK/non_glaucoma/image/1434.jpg,Normal,5,train,c77c38c347983cc3
T3_LAG,/kaggle/input/datasets/rayeedaabir/lag-database-part1-uk/LAG_database_part1_UK/non_glaucoma/image/1436.jpg,Normal,5,train,d723653d16d1642d
T3_LAG,/kaggle/input/datasets/rayeedaabir/lag-database-part1-uk/LAG_database_part1_UK/non_glaucoma/image/1440.jpg,Normal,5,train,9567629934964a7b
T3_LAG,/kaggle/input/datasets/rayeedaabir/lag-database-part1-uk/LAG_database_part1_UK/non_glaucoma/image/1441.jpg,Normal,5,test,d0f7659d12c60a3e
T3_LAG,/kaggle/input/datasets/rayeedaabir/lag-database-part1-uk/LAG_database_part1_UK/non_glaucoma/image/1443.jpg,Normal,5,train,927a6d4897965569
T3_LAG,/kaggle/input/datasets/rayeedaabir/lag-database-part1-uk/LAG_database_part1_UK/non_glaucoma/image/1444.jpg,Normal,5,train,c9fb34be00e380be
T3_LAG,/kaggle/input/datasets/rayeedaabir/lag-database-part1-uk/LAG_database_part1_UK/non_glaucoma/image/1446.jpg,Normal,5,train,d566652d16966a2d
T3_LAG,/kaggle/input/datasets/rayeedaabir/lag-database-part1-uk/LAG_database_part1_UK/non_glaucoma/image/1449.jpg,Normal,5,train,81e53486479e5f1b
T3_LAG,/kaggle/input/datasets/rayeedaabir/lag-database-part1-uk/LAG_database_part1_UK/non_glaucoma/image/1455.jpg,Normal,5,train,d70a792b96b64949
T3_LAG,/kaggle/input/datasets/rayeedaabir/lag-database-part1-uk/LAG_database_part1_UK/non_glaucoma/image/1457.jpg,Normal,5,train,9da15b362dc2551e
T3_LAG,/kaggle/input/datasets/rayeedaabir/lag-database-part1-uk/LAG_database_part1_UK/non_glaucoma/image/1461.jpg,Normal,5,train,95b2691b36d8692d
T3_LAG,/kaggle/input/datasets/rayeedaabir/lag-database-part1-uk/LAG_database_part1_UK/non_glaucoma/image/1462.jpg,Normal,5,val,c07b1fa465911f66
T3_LAG,/kaggle/input/datasets/rayeedaabir/lag-database-part1-uk/LAG_database_part1_UK/non_glaucoma/image/1464.jpg,Normal,5,test,cd6633d948b226cd
T3_LAG,/kaggle/input/datasets/rayeedaabir/lag-database-part1-uk/LAG_database_part1_UK/non_glaucoma/image/1466.jpg,Normal,5,train,94d6694b1696754d
T3_LAG,/kaggle/input/datasets/rayeedaabir/lag-database-part1-uk/LAG_database_part1_UK/non_glaucoma/image/1467.jpg,Normal,5,train,8c4c63c71c9c5737
T3_LAG,/kaggle/input/datasets/rayeedaabir/lag-database-part1-uk/LAG_database_part1_UK/non_glaucoma/image/1470.jpg,Normal,5,train,95426d3e17e8453b
T3_LAG,/kaggle/input/datasets/rayeedaabir/lag-database-part1-uk/LAG_database_part1_UK/non_glaucoma/image/1471.jpg,Normal,5,val,dd6332dc48b72259
T3_LAG,/kaggle/input/datasets/rayeedaabir/lag-database-part1-uk/LAG_database_part1_UK/non_glaucoma/image/1474.jpg,Normal,5,train,9062678c1d97778d
T3_LAG,/kaggle/input/datasets/rayeedaabir/lag-database-part1-uk/LAG_database_part1_UK/non_glaucoma/image/1475.jpg,Normal,5,val,d5a545d556c56a86
T3_LAG,/kaggle/input/datasets/rayeedaabir/lag-database-part1-uk/LAG_database_part1_UK/non_glaucoma/image/1476.jpg,Normal,5,train,d96736db4899224d
T3_LAG,/kaggle/input/datasets/rayeedaabir/lag-database-part1-uk/LAG_database_part1_UK/non_glaucoma/image/1477.jpg,Normal,5,test,d5c1653916d3782d
T3_LAG,/kaggle/input/datasets/rayeedaabir/lag-database-part1-uk/LAG_database_part1_UK/non_glaucoma/image/1482.jpg,Normal,5,train,82cf38bd42cf303b
T3_LAG,/kaggle/input/datasets/rayeedaabir/lag-database-part1-uk/LAG_database_part1_UK/non_glaucoma/image/1484.jpg,Normal,5,train,95a965ed57924465
T3_LAG,/kaggle/input/datasets/rayeedaabir/lag-database-part1-uk/LAG_database_part1_UK/non_glaucoma/image/1486.jpg,Normal,5,train,c1c81d316b9f3953
T3_LAG,/kaggle/input/datasets/rayeedaabir/lag-database-part1-uk/LAG_database_part1_UK/non_glaucoma/image/1489.jpg,Normal,5,train,8463678b1dc55733
T3_LAG,/kaggle/input/datasets/rayeedaabir/lag-database-part1-uk/LAG_database_part1_UK/non_glaucoma/image/1491.jpg,Normal,5,train,d5a3559955956685
T3_LAG,/kaggle/input/datasets/rayeedaabir/lag-database-part1-uk/LAG_database_part1_UK/non_glaucoma/image/1496.jpg,Normal,5,val,95f0693b1e9b490d
T3_LAG,/kaggle/input/datasets/rayeedaabir/lag-database-part1-uk/LAG_database_part1_UK/non_glaucoma/image/1497.jpg,Normal,5,val,954a4a3a35a6557b
T3_LAG,/kaggle/input/datasets/rayeedaabir/lag-database-part1-uk/LAG_database_part1_UK/non_glaucoma/image/1499.jpg,Normal,5,train,95d46d5b0f1a450f
T3_LAG,/kaggle/input/datasets/rayeedaabir/lag-database-part1-uk/LAG_database_part1_UK/non_glaucoma/image/1500.jpg,Normal,5,val,d5f532dd48e2224d
T3_LAG,/kaggle/input/datasets/rayeedaabir/lag-database-part1-uk/LAG_database_part1_UK/non_glaucoma/image/1501.jpg,Normal,5,train,86f3694614c4756f
T3_LAG,/kaggle/input/datasets/rayeedaabir/lag-database-part1-uk/LAG_database_part1_UK/non_glaucoma/image/1503.jpg,Normal,5,train,94eb492b14ed493e
T3_LAG,/kaggle/input/datasets/rayeedaabir/lag-database-part1-uk/LAG_database_part1_UK/non_glaucoma/image/1504.jpg,Normal,5,train,c1373c7e01d7103f
T3_LAG,/kaggle/input/datasets/rayeedaabir/lag-database-part1-uk/LAG_database_part1_UK/non_glaucoma/image/1505.jpg,Normal,5,val,926d659712c36ada
T3_LAG,/kaggle/input/datasets/rayeedaabir/lag-database-part1-uk/LAG_database_part1_UK/non_glaucoma/image/1509.jpg,Normal,5,train,c17a3cbe41e6147a
T3_LAG,/kaggle/input/datasets/rayeedaabir/lag-database-part1-uk/LAG_database_part1_UK/non_glaucoma/image/1514.jpg,Normal,5,val,80cc27661dcc5f37
T3_LAG,/kaggle/input/datasets/rayeedaabir/lag-database-part1-uk/LAG_database_part1_UK/non_glaucoma/image/1519.jpg,Normal,5,train,87c8383563b9346f
T3_LAG,/kaggle/input/datasets/rayeedaabir/lag-database-part1-uk/LAG_database_part1_UK/non_glaucoma/image/1520.jpg,Normal,5,test,c3c73c387858c6c7
T3_LAG,/kaggle/input/datasets/rayeedaabir/lag-database-part1-uk/LAG_database_part1_UK/non_glaucoma/image/1522.jpg,Normal,5,train,c1ea15be45b817b8
T3_LAG,/kaggle/input/datasets/rayeedaabir/lag-database-part1-uk/LAG_database_part1_UK/non_glaucoma/image/1523.jpg,Normal,5,train,99c3663619d96666
T3_LAG,/kaggle/input/datasets/rayeedaabir/lag-database-part1-uk/LAG_database_part1_UK/non_glaucoma/image/1525.jpg,Normal,5,test,856815e3479c5f47
T3_LAG,/kaggle/input/datasets/rayeedaabir/lag-database-part1-uk/LAG_database_part1_UK/non_glaucoma/image/1526.jpg,Normal,5,val,845663631f8c5f33
T3_LAG,/kaggle/input/datasets/rayeedaabir/lag-database-part1-uk/LAG_database_part1_UK/non_glaucoma/image/1527.jpg,Normal,5,val,8991678d1d937713
T3_LAG,/kaggle/input/datasets/rayeedaabir/lag-database-part1-uk/LAG_database_part1_UK/non_glaucoma/image/1530.jpg,Normal,5,train,d46a452d3ea56a3c
T3_LAG,/kaggle/input/datasets/rayeedaabir/lag-database-part1-uk/LAG_database_part1_UK/non_glaucoma/image/1533.jpg,Normal,5,val,80573c7e20ff107e
T3_LAG,/kaggle/input/datasets/rayeedaabir/lag-database-part1-uk/LAG_database_part1_UK/non_glaucoma/image/1538.jpg,Normal,5,train,c1ff143e01ef01bc
T3_LAG,/kaggle/input/datasets/rayeedaabir/lag-database-part1-uk/LAG_database_part1_UK/non_glaucoma/image/1540.jpg,Normal,5,train,d7cb652d16b56405
T3_LAG,/kaggle/input/datasets/rayeedaabir/lag-database-part1-uk/LAG_database_part1_UK/non_glaucoma/image/1541.jpg,Normal,5,train,8051033f0f7d97f2
T3_LAG,/kaggle/input/datasets/rayeedaabir/lag-database-part1-uk/LAG_database_part1_UK/non_glaucoma/image/1542.jpg,Normal,5,val,d59b75e8542d1293
T3_LAG,/kaggle/input/datasets/rayeedaabir/lag-database-part1-uk/LAG_database_part1_UK/non_glaucoma/image/1549.jpg,Normal,5,train,d5b964e513d06665
T3_LAG,/kaggle/input/datasets/rayeedaabir/lag-database-part1-uk/LAG_database_part1_UK/non_glaucoma/image/1550.jpg,Normal,5,train,812215c757965f4f
T3_LAG,/kaggle/input/datasets/rayeedaabir/lag-database-part1-uk/LAG_database_part1_UK/non_glaucoma/image/1553.jpg,Normal,5,train,dd2f70fb4087027c
T3_LAG,/kaggle/input/datasets/rayeedaabir/lag-database-part1-uk/LAG_database_part1_UK/non_glaucoma/image/1555.jpg,Normal,5,train,c3df3c7800ff103a
T3_LAG,/kaggle/input/datasets/rayeedaabir/lag-database-part1-uk/LAG_database_part1_UK/non_glaucoma/image/1557.jpg,Normal,5,train,c17e1cfe01d7103d
T3_LAG,/kaggle/input/datasets/rayeedaabir/lag-database-part1-uk/LAG_database_part1_UK/non_glaucoma/image/1559.jpg,Normal,5,train,986b67881de67709
T3_LAG,/kaggle/input/datasets/rayeedaabir/lag-database-part1-uk/LAG_database_part1_UK/non_glaucoma/image/1562.jpg,Normal,5,test,819917a457c35f3c
T3_LAG,/kaggle/input/datasets/rayeedaabir/lag-database-part1-uk/LAG_database_part1_UK/non_glaucoma/image/1565.jpg,Normal,5,train,d2926d6d1392e26d
T3_LAG,/kaggle/input/datasets/rayeedaabir/lag-database-part1-uk/LAG_database_part1_UK/non_glaucoma/image/1566.jpg,Normal,5,test,906b67861d995733
T3_LAG,/kaggle/input/datasets/rayeedaabir/lag-database-part1-uk/LAG_database_part1_UK/non_glaucoma/image/1567.jpg,Normal,5,train,d42d45cd5696686d
T3_LAG,/kaggle/input/datasets/rayeedaabir/lag-database-part1-uk/LAG_database_part1_UK/non_glaucoma/image/1568.jpg,Normal,5,train,816b1587578e5f68
T3_LAG,/kaggle/input/datasets/rayeedaabir/lag-database-part1-uk/LAG_database_part1_UK/non_glaucoma/image/1570.jpg,Normal,5,train,9c98556666e4d999
T3_LAG,/kaggle/input/datasets/rayeedaabir/lag-database-part1-uk/LAG_database_part1_UK/non_glaucoma/image/1571.jpg,Normal,5,train,88c167871d9d7732
T3_LAG,/kaggle/input/datasets/rayeedaabir/lag-database-part1-uk/LAG_database_part1_UK/non_glaucoma/image/1573.jpg,Normal,5,val,84ac7597549d5633
T3_LAG,/kaggle/input/datasets/rayeedaabir/lag-database-part1-uk/LAG_database_part1_UK/non_glaucoma/image/1574.jpg,Normal,5,train,c2c03c3963b33c3f
T3_LAG,/kaggle/input/datasets/rayeedaabir/lag-database-part1-uk/LAG_database_part1_UK/non_glaucoma/image/1575.jpg,Normal,5,train,d7013d5a63a53c1e
T3_LAG,/kaggle/input/datasets/rayeedaabir/lag-database-part1-uk/LAG_database_part1_UK/non_glaucoma/image/1576.jpg,Normal,5,train,d5fd36c44a990ac6
T3_LAG,/kaggle/input/datasets/rayeedaabir/lag-database-part1-uk/LAG_database_part1_UK/non_glaucoma/image/1578.jpg,Normal,5,train,dd3732d948c622d9
T3_LAG,/kaggle/input/datasets/rayeedaabir/lag-database-part1-uk/LAG_database_part1_UK/non_glaucoma/image/1579.jpg,Normal,5,train,842977851d33779c
T3_LAG,/kaggle/input/datasets/rayeedaabir/lag-database-part1-uk/LAG_database_part1_UK/non_glaucoma/image/1580.jpg,Normal,5,val,877030cf47961f69
T3_LAG,/kaggle/input/datasets/rayeedaabir/lag-database-part1-uk/LAG_database_part1_UK/non_glaucoma/image/1581.jpg,Normal,5,train,c0d83e2f61e6172b
T3_LAG,/kaggle/input/datasets/rayeedaabir/lag-database-part1-uk/LAG_database_part1_UK/non_glaucoma/image/1582.jpg,Normal,5,test,d6e06d3d16d1611d
T3_LAG,/kaggle/input/datasets/rayeedaabir/lag-database-part1-uk/LAG_database_part1_UK/non_glaucoma/image/1587.jpg,Normal,5,train,c77238c347973878
T3_LAG,/kaggle/input/datasets/rayeedaabir/lag-database-part1-uk/LAG_database_part1_UK/non_glaucoma/image/1588.jpg,Normal,5,train,8ad2696b349c69e9
T3_LAG,/kaggle/input/datasets/rayeedaabir/lag-database-part1-uk/LAG_database_part1_UK/non_glaucoma/image/1589.jpg,Normal,5,val,90d5659312db2a6f
T3_LAG,/kaggle/input/datasets/rayeedaabir/lag-database-part1-uk/LAG_database_part1_UK/non_glaucoma/image/1591.jpg,Normal,5,test,95b5684b35b5434b
T3_LAG,/kaggle/input/datasets/rayeedaabir/lag-database-part1-uk/LAG_database_part1_UK/non_glaucoma/image/1594.jpg,Normal,5,train,d7d1654d17965065
T3_LAG,/kaggle/input/datasets/rayeedaabir/lag-database-part1-uk/LAG_database_part1_UK/non_glaucoma/image/1596.jpg,Normal,5,train,c1933c7d43f73058
T3_LAG,/kaggle/input/datasets/rayeedaabir/lag-database-part1-uk/LAG_database_part1_UK/non_glaucoma/image/1601.jpg,Normal,5,train,94a5659712d36a6d
T3_LAG,/kaggle/input/datasets/rayeedaabir/lag-database-part1-uk/LAG_database_part1_UK/non_glaucoma/image/1602.jpg,Normal,5,train,c787383d40e3a33b
T3_LAG,/kaggle/input/datasets/rayeedaabir/lag-database-part1-uk/LAG_database_part1_UK/non_glaucoma/image/1603.jpg,Normal,5,train,856430e747985f4f
T3_LAG,/kaggle/input/datasets/rayeedaabir/lag-database-part1-uk/LAG_database_part1_UK/non_glaucoma/image/1604.jpg,Normal,5,train,94d1691936d6696d
T3_LAG,/kaggle/input/datasets/rayeedaabir/lag-database-part1-uk/LAG_database_part1_UK/non_glaucoma/image/1607.jpg,Normal,5,train,c3e838ef60bd007b
T3_LAG,/kaggle/input/datasets/rayeedaabir/lag-database-part1-uk/LAG_database_part1_UK/non_glaucoma/image/1609.jpg,Normal,5,train,806f278d15df5714
T3_LAG,/kaggle/input/datasets/rayeedaabir/lag-database-part1-uk/LAG_database_part1_UK/non_glaucoma/image/1611.jpg,Normal,5,val,956a63921d8c7763
T3_LAG,/kaggle/input/datasets/rayeedaabir/lag-database-part1-uk/LAG_database_part1_UK/non_glaucoma/image/1614.jpg,Normal,5,train,d6926d2d17927564
T3_LAG,/kaggle/input/datasets/rayeedaabir/lag-database-part1-uk/LAG_database_part1_UK/non_glaucoma/image/1615.jpg,Normal,5,train,ddc672d948d90276
T3_LAG,/kaggle/input/datasets/rayeedaabir/lag-database-part1-uk/LAG_database_part1_UK/non_glaucoma/image/1624.jpg,Normal,5,val,ccccc3c3cccc33b1
T3_LAG,/kaggle/input/datasets/rayeedaabir/lag-database-part1-uk/LAG_database_part1_UK/non_glaucoma/image/1625.jpg,Normal,5,train,946d419612cd6bbe
T3_LAG,/kaggle/input/datasets/rayeedaabir/lag-database-part1-uk/LAG_database_part1_UK/non_glaucoma/image/1626.jpg,Normal,5,train,86fa618a16ba69ea
T3_LAG,/kaggle/input/datasets/rayeedaabir/lag-database-part1-uk/LAG_database_part1_UK/non_glaucoma/image/1627.jpg,Normal,5,train,c3c33e1c73c3a43c
T3_LAG,/kaggle/input/datasets/rayeedaabir/lag-database-part1-uk/LAG_database_part1_UK/non_glaucoma/image/1628.jpg,Normal,5,train,c09f3f70b12766e0
T3_LAG,/kaggle/input/datasets/rayeedaabir/lag-database-part1-uk/LAG_database_part1_UK/non_glaucoma/image/1629.jpg,Normal,5,train,85eb34bc41e3543d
T3_LAG,/kaggle/input/datasets/rayeedaabir/lag-database-part1-uk/LAG_database_part1_UK/non_glaucoma/image/1633.jpg,Normal,5,train,d50c65bd1799601f
T3_LAG,/kaggle/input/datasets/rayeedaabir/lag-database-part1-uk/LAG_database_part1_UK/non_glaucoma/image/1635.jpg,Normal,5,train,d581741d1af56a27
T3_LAG,/kaggle/input/datasets/rayeedaabir/lag-database-part1-uk/LAG_database_part1_UK/non_glaucoma/image/1637.jpg,Normal,5,val,95c34a693e96714b
T3_LAG,/kaggle/input/datasets/rayeedaabir/lag-database-part1-uk/LAG_database_part1_UK/non_glaucoma/image/1640.jpg,Normal,5,train,8b993464dbd36c8c
T3_LAG,/kaggle/input/datasets/rayeedaabir/lag-database-part1-uk/LAG_database_part1_UK/non_glaucoma/image/1642.jpg,Normal,5,train,cccf30fe00ff00ba
T3_LAG,/kaggle/input/datasets/rayeedaabir/lag-database-part1-uk/LAG_database_part1_UK/non_glaucoma/image/1643.jpg,Normal,5,train,845873b35dcc5731
T3_LAG,/kaggle/input/datasets/rayeedaabir/lag-database-part1-uk/LAG_database_part1_UK/non_glaucoma/image/1645.jpg,Normal,5,val,c560308f47933f6e
T3_LAG,/kaggle/input/datasets/rayeedaabir/lag-database-part1-uk/LAG_database_part1_UK/non_glaucoma/image/1646.jpg,Normal,5,val,d7c1652d1393686d
T3_LAG,/kaggle/input/datasets/rayeedaabir/lag-database-part1-uk/LAG_database_part1_UK/non_glaucoma/image/1648.jpg,Normal,5,train,cccb3170cecf7424
T3_LAG,/kaggle/input/datasets/rayeedaabir/lag-database-part1-uk/LAG_database_part1_UK/non_glaucoma/image/1657.jpg,Normal,5,train,c1c53e1e41e1173f
T3_LAG,/kaggle/input/datasets/rayeedaabir/lag-database-part1-uk/LAG_database_part1_UK/non_glaucoma/image/1660.jpg,Normal,5,train,c77330c847973c69
T3_LAG,/kaggle/input/datasets/rayeedaabir/lag-database-part1-uk/LAG_database_part1_UK/non_glaucoma/image/1661.jpg,Normal,5,train,946b699516c94b5e
T3_LAG,/kaggle/input/datasets/rayeedaabir/lag-database-part1-uk/LAG_database_part1_UK/non_glaucoma/image/1664.jpg,Normal,5,train,c16f389e61f3013e
T3_LAG,/kaggle/input/datasets/rayeedaabir/lag-database-part1-uk/LAG_database_part1_UK/non_glaucoma/image/1665.jpg,Normal,5,train,c1ca149e45e917bd
T3_LAG,/kaggle/input/datasets/rayeedaabir/lag-database-part1-uk/LAG_database_part1_UK/non_glaucoma/image/1667.jpg,Normal,5,train,c07f03ec70d30f27
T3_LAG,/kaggle/input/datasets/rayeedaabir/lag-database-part1-uk/LAG_database_part1_UK/non_glaucoma/image/1669.jpg,Normal,5,val,95876565139b646d
T3_LAG,/kaggle/input/datasets/rayeedaabir/lag-database-part1-uk/LAG_database_part1_UK/non_glaucoma/image/1673.jpg,Normal,5,train,9c6771c802a74f9b
T3_LAG,/kaggle/input/datasets/rayeedaabir/lag-database-part1-uk/LAG_database_part1_UK/non_glaucoma/image/1675.jpg,Normal,5,train,c1c33c6e61be1c78
T3_LAG,/kaggle/input/datasets/rayeedaabir/lag-database-part1-uk/LAG_database_part1_UK/non_glaucoma/image/1679.jpg,Normal,5,val,c1c3143e016b17ff
T3_LAG,/kaggle/input/datasets/rayeedaabir/lag-database-part1-uk/LAG_database_part1_UK/non_glaucoma/image/1682.jpg,Normal,5,train,dd2776df489d0241
T3_LAG,/kaggle/input/datasets/rayeedaabir/lag-database-part1-uk/LAG_database_part1_UK/non_glaucoma/image/1683.jpg,Normal,5,train,9485419f17df5718
T3_LAG,/kaggle/input/datasets/rayeedaabir/lag-database-part1-uk/LAG_database_part1_UK/non_glaucoma/image/1684.jpg,Normal,5,train,c07d1fcf60f8030f
T3_LAG,/kaggle/input/datasets/rayeedaabir/lag-database-part1-uk/LAG_database_part1_UK/non_glaucoma/image/1685.jpg,Normal,5,train,9e91694a95b5d54a
T3_LAG,/kaggle/input/datasets/rayeedaabir/lag-database-part1-uk/LAG_database_part1_UK/non_glaucoma/image/1686.jpg,Normal,5,train,958d656556926a6d
T3_LAG,/kaggle/input/datasets/rayeedaabir/lag-database-part1-uk/LAG_database_part1_UK/non_glaucoma/image/1688.jpg,Normal,5,train,d6d06d691692d16d
T3_LAG,/kaggle/input/datasets/rayeedaabir/lag-database-part1-uk/LAG_database_part1_UK/non_glaucoma/image/1693.jpg,Normal,5,test,c17f38be40c7113e
T3_LAG,/kaggle/input/datasets/rayeedaabir/lag-database-part1-uk/LAG_database_part1_UK/non_glaucoma/image/1698.jpg,Normal,5,train,81a6679915965f5c
T3_LAG,/kaggle/input/datasets/rayeedaabir/lag-database-part1-uk/LAG_database_part1_UK/non_glaucoma/image/1699.jpg,Normal,5,train,c76338ac47863c79
T3_LAG,/kaggle/input/datasets/rayeedaabir/lag-database-part1-uk/LAG_database_part1_UK/non_glaucoma/image/1705.jpg,Normal,5,train,9496696f348d691e
T3_LAG,/kaggle/input/datasets/rayeedaabir/lag-database-part1-uk/LAG_database_part1_UK/non_glaucoma/image/1707.jpg,Normal,5,train,dcf823638ec8384f
T3_LAG,/kaggle/input/datasets/rayeedaabir/lag-database-part1-uk/LAG_database_part1_UK/non_glaucoma/image/1708.jpg,Normal,5,val,d5a576c55a926a64
T3_LAG,/kaggle/input/datasets/rayeedaabir/lag-database-part1-uk/LAG_database_part1_UK/non_glaucoma/image/1709.jpg,Normal,5,train,94956a6a1db4716b
T3_LAG,/kaggle/input/datasets/rayeedaabir/lag-database-part1-uk/LAG_database_part1_UK/non_glaucoma/image/1717.jpg,Normal,5,train,843c31e34f8c5f33
T3_LAG,/kaggle/input/datasets/rayeedaabir/lag-database-part1-uk/LAG_database_part1_UK/non_glaucoma/image/1722.jpg,Normal,5,train,c8e03e8f78e0b21f
T3_LAG,/kaggle/input/datasets/rayeedaabir/lag-database-part1-uk/LAG_database_part1_UK/non_glaucoma/image/1724.jpg,Normal,5,train,9585551f75345c56
T3_LAG,/kaggle/input/datasets/rayeedaabir/lag-database-part1-uk/LAG_database_part1_UK/non_glaucoma/image/1726.jpg,Normal,5,train,952d56f55a344a36
T3_LAG,/kaggle/input/datasets/rayeedaabir/lag-database-part1-uk/LAG_database_part1_UK/non_glaucoma/image/1727.jpg,Normal,5,train,9d2a658ed5314597
T3_LAG,/kaggle/input/datasets/rayeedaabir/lag-database-part1-uk/LAG_database_part1_UK/non_glaucoma/image/1731.jpg,Normal,5,train,958d6d791694686d
T3_LAG,/kaggle/input/datasets/rayeedaabir/lag-database-part1-uk/LAG_database_part1_UK/non_glaucoma/image/1734.jpg,Normal,5,train,d569659656e97015
T3_LAG,/kaggle/input/datasets/rayeedaabir/lag-database-part1-uk/LAG_database_part1_UK/non_glaucoma/image/1737.jpg,Normal,5,val,95486837356b6b36
T3_LAG,/kaggle/input/datasets/rayeedaabir/lag-database-part1-uk/LAG_database_part1_UK/non_glaucoma/image/1739.jpg,Normal,5,train,c46934b740bd0af7
T3_LAG,/kaggle/input/datasets/rayeedaabir/lag-database-part1-uk/LAG_database_part1_UK/non_glaucoma/image/1741.jpg,Normal,5,test,943669d912974b6d
T3_LAG,/kaggle/input/datasets/rayeedaabir/lag-database-part1-uk/LAG_database_part1_UK/non_glaucoma/image/1742.jpg,Normal,5,val,86a46a6aa5b4f56a
T3_LAG,/kaggle/input/datasets/rayeedaabir/lag-database-part1-uk/LAG_database_part1_UK/non_glaucoma/image/1745.jpg,Normal,5,test,8863679c1dcc7723
T3_LAG,/kaggle/input/datasets/rayeedaabir/lag-database-part1-uk/LAG_database_part1_UK/non_glaucoma/image/1746.jpg,Normal,5,train,95d269693796616a
T3_LAG,/kaggle/input/datasets/rayeedaabir/lag-database-part1-uk/LAG_database_part1_UK/non_glaucoma/image/1747.jpg,Normal,5,train,8d7633cc8cb322cd
T3_LAG,/kaggle/input/datasets/rayeedaabir/lag-database-part1-uk/LAG_database_part1_UK/non_glaucoma/image/1748.jpg,Normal,5,train,815b3c7b60f3107b
T3_LAG,/kaggle/input/datasets/rayeedaabir/lag-database-part1-uk/LAG_database_part1_UK/non_glaucoma/image/1750.jpg,Normal,5,val,9712652d1f92e46d
T3_LAG,/kaggle/input/datasets/rayeedaabir/lag-database-part1-uk/LAG_database_part1_UK/non_glaucoma/image/1751.jpg,Normal,5,test,88a13595555657de
T3_LAG,/kaggle/input/datasets/rayeedaabir/lag-database-part1-uk/LAG_database_part1_UK/non_glaucoma/image/1754.jpg,Normal,5,test,ddff60f300e3006e
T3_LAG,/kaggle/input/datasets/rayeedaabir/lag-database-part1-uk/LAG_database_part1_UK/non_glaucoma/image/1755.jpg,Normal,5,train,82a969968eed3396
T3_LAG,/kaggle/input/datasets/rayeedaabir/lag-database-part1-uk/LAG_database_part1_UK/non_glaucoma/image/1758.jpg,Normal,5,test,d5696585166d6a95
T3_LAG,/kaggle/input/datasets/rayeedaabir/lag-database-part1-uk/LAG_database_part1_UK/non_glaucoma/image/1761.jpg,Normal,5,train,95c2659b55aa552b
T3_LAG,/kaggle/input/datasets/rayeedaabir/lag-database-part1-uk/LAG_database_part1_UK/non_glaucoma/image/1762.jpg,Normal,5,train,d3c5643f13e4641b
T3_LAG,/kaggle/input/datasets/rayeedaabir/lag-database-part1-uk/LAG_database_part1_UK/non_glaucoma/image/1763.jpg,Normal,5,train,86b2690b379ae16d
T3_LAG,/kaggle/input/datasets/rayeedaabir/lag-database-part1-uk/LAG_database_part1_UK/non_glaucoma/image/1765.jpg,Normal,5,train,dfc73c38c0c3c638
T3_LAG,/kaggle/input/datasets/rayeedaabir/lag-database-part1-uk/LAG_database_part1_UK/non_glaucoma/image/1767.jpg,Normal,5,test,d5e8653157156695
T3_LAG,/kaggle/input/datasets/rayeedaabir/lag-database-part1-uk/LAG_database_part1_UK/non_glaucoma/image/1769.jpg,Normal,5,val,812a77811d5c7757
T3_LAG,/kaggle/input/datasets/rayeedaabir/lag-database-part1-uk/LAG_database_part1_UK/non_glaucoma/image/1771.jpg,Normal,5,train,e84f35683507d52d
T3_LAG,/kaggle/input/datasets/rayeedaabir/lag-database-part1-uk/LAG_database_part1_UK/non_glaucoma/image/1772.jpg,Normal,5,test,d5ca552956956a2d
T3_LAG,/kaggle/input/datasets/rayeedaabir/lag-database-part1-uk/LAG_database_part1_UK/non_glaucoma/image/1773.jpg,Normal,5,train,96326d6996966969
T3_LAG,/kaggle/input/datasets/rayeedaabir/lag-database-part1-uk/LAG_database_part1_UK/non_glaucoma/image/1774.jpg,Normal,5,train,c15f10be01ef03fa
T3_LAG,/kaggle/input/datasets/rayeedaabir/lag-database-part1-uk/LAG_database_part1_UK/non_glaucoma/image/1776.jpg,Normal,5,train,c7e43c5e589d3071
T3_LAG,/kaggle/input/datasets/rayeedaabir/lag-database-part1-uk/LAG_database_part1_UK/non_glaucoma/image/1777.jpg,Normal,5,val,d54a552d5635722d
T3_LAG,/kaggle/input/datasets/rayeedaabir/lag-database-part1-uk/LAG_database_part1_UK/non_glaucoma/image/1779.jpg,Normal,5,train,c7e034c1479d3f43
T3_LAG,/kaggle/input/datasets/rayeedaabir/lag-database-part1-uk/LAG_database_part1_UK/non_glaucoma/image/1782.jpg,Normal,5,train,95e156f83dc15a15
T3_LAG,/kaggle/input/datasets/rayeedaabir/lag-database-part1-uk/LAG_database_part1_UK/non_glaucoma/image/1784.jpg,Normal,5,train,81e234c747983f4f
T3_LAG,/kaggle/input/datasets/rayeedaabir/lag-database-part1-uk/LAG_database_part1_UK/non_glaucoma/image/1785.jpg,Normal,5,train,d52a752d57b05265
T3_LAG,/kaggle/input/datasets/rayeedaabir/lag-database-part1-uk/LAG_database_part1_UK/non_glaucoma/image/1788.jpg,Normal,5,train,c0c93e3f61e11c1f
T3_LAG,/kaggle/input/datasets/rayeedaabir/lag-database-part1-uk/LAG_database_part1_UK/non_glaucoma/image/1789.jpg,Normal,5,train,c57a12f04a870aff
T3_LAG,/kaggle/input/datasets/rayeedaabir/lag-database-part1-uk/LAG_database_part1_UK/non_glaucoma/image/1792.jpg,Normal,5,val,818756e1619c5f5d
T3_LAG,/kaggle/input/datasets/rayeedaabir/lag-database-part1-uk/LAG_database_part1_UK/non_glaucoma/image/1793.jpg,Normal,5,val,84af63851dc65753
T3_LAG,/kaggle/input/datasets/rayeedaabir/lag-database-part1-uk/LAG_database_part1_UK/non_glaucoma/image/1794.jpg,Normal,5,train,d4c965b612670a3f
T3_LAG,/kaggle/input/datasets/rayeedaabir/lag-database-part1-uk/LAG_database_part1_UK/non_glaucoma/image/1795.jpg,Normal,5,val,c1da3cae43e71c38
T3_LAG,/kaggle/input/datasets/rayeedaabir/lag-database-part1-uk/LAG_database_part1_UK/non_glaucoma/image/1796.jpg,Normal,5,val,8557616a55b57558
T3_LAG,/kaggle/input/datasets/rayeedaabir/lag-database-part1-uk/LAG_database_part1_UK/non_glaucoma/image/1797.jpg,Normal,5,test,803f1fe1559e1f60
T3_LAG,/kaggle/input/datasets/rayeedaabir/lag-database-part1-uk/LAG_database_part1_UK/non_glaucoma/image/1799.jpg,Normal,5,train,84b3919c83bb8eb3
T3_LAG,/kaggle/input/datasets/rayeedaabir/lag-database-part1-uk/LAG_database_part1_UK/non_glaucoma/image/1805.jpg,Normal,5,val,c0cb1c3e69e7303d
T3_LAG,/kaggle/input/datasets/rayeedaabir/lag-database-part1-uk/LAG_database_part1_UK/non_glaucoma/image/1806.jpg,Normal,5,train,d5e8659316e56c13
T3_LAG,/kaggle/input/datasets/rayeedaabir/lag-database-part1-uk/LAG_database_part1_UK/non_glaucoma/image/1810.jpg,Normal,5,train,c16034bf47871f6c
T3_LAG,/kaggle/input/datasets/rayeedaabir/lag-database-part1-uk/LAG_database_part1_UK/non_glaucoma/image/1812.jpg,Normal,5,train,c1d53c4a61f7b078
T3_LAG,/kaggle/input/datasets/rayeedaabir/lag-database-part1-uk/LAG_database_part1_UK/non_glaucoma/image/1817.jpg,Normal,5,train,816315b957875f19
T3_LAG,/kaggle/input/datasets/rayeedaabir/lag-database-part1-uk/LAG_database_part1_UK/non_glaucoma/image/1818.jpg,Normal,5,train,c1e33c9e61c7343c
T3_LAG,/kaggle/input/datasets/rayeedaabir/lag-database-part1-uk/LAG_database_part1_UK/non_glaucoma/image/1819.jpg,Normal,5,train,966d6d96126d6a92
T3_LAG,/kaggle/input/datasets/rayeedaabir/lag-database-part1-uk/LAG_database_part1_UK/non_glaucoma/image/1820.jpg,Normal,5,train,d5cb452d56937225
T3_LAG,/kaggle/input/datasets/rayeedaabir/lag-database-part1-uk/LAG_database_part1_UK/non_glaucoma/image/1822.jpg,Normal,5,train,d56c76d149a3225d
T3_LAG,/kaggle/input/datasets/rayeedaabir/lag-database-part1-uk/LAG_database_part1_UK/non_glaucoma/image/1824.jpg,Normal,5,train,944a47b755954b59
T3_LAG,/kaggle/input/datasets/rayeedaabir/lag-database-part1-uk/LAG_database_part1_UK/non_glaucoma/image/1825.jpg,Normal,5,train,96696d9616696996
T3_LAG,/kaggle/input/datasets/rayeedaabir/lag-database-part1-uk/LAG_database_part1_UK/non_glaucoma/image/1827.jpg,Normal,5,train,95ad752556956a0d
T3_LAG,/kaggle/input/datasets/rayeedaabir/lag-database-part1-uk/LAG_database_part1_UK/non_glaucoma/image/1829.jpg,Normal,5,train,d585656d16346277
T3_LAG,/kaggle/input/datasets/rayeedaabir/lag-database-part1-uk/LAG_database_part1_UK/non_glaucoma/image/1830.jpg,Normal,5,val,87c1383c47df3839
T3_LAG,/kaggle/input/datasets/rayeedaabir/lag-database-part1-uk/LAG_database_part1_UK/non_glaucoma/image/1831.jpg,Normal,5,train,94df41bb12964a6d
T3_LAG,/kaggle/input/datasets/rayeedaabir/lag-database-part1-uk/LAG_database_part1_UK/non_glaucoma/image/1832.jpg,Normal,5,test,c6c1387e46b331da
T3_LAG,/kaggle/input/datasets/rayeedaabir/lag-database-part1-uk/LAG_database_part1_UK/non_glaucoma/image/1833.jpg,Normal,5,val,946d69b612cb4b3c
T3_LAG,/kaggle/input/datasets/rayeedaabir/lag-database-part1-uk/LAG_database_part1_UK/non_glaucoma/image/1834.jpg,Normal,5,train,94f4495b3694696d
T3_LAG,/kaggle/input/datasets/rayeedaabir/lag-database-part1-uk/LAG_database_part1_UK/non_glaucoma/image/1835.jpg,Normal,5,test,81e134c747973e4e
T3_LAG,/kaggle/input/datasets/rayeedaabir/lag-database-part1-uk/LAG_database_part1_UK/non_glaucoma/image/1837.jpg,Normal,5,val,c37a38af43d43878
T3_LAG,/kaggle/input/datasets/rayeedaabir/lag-database-part1-uk/LAG_database_part1_UK/non_glaucoma/image/1838.jpg,Normal,5,train,8cf3c0cc31db60db
T3_LAG,/kaggle/input/datasets/rayeedaabir/lag-database-part1-uk/LAG_database_part1_UK/non_glaucoma/image/1839.jpg,Normal,5,train,9792656955367529
T3_LAG,/kaggle/input/datasets/rayeedaabir/lag-database-part1-uk/LAG_database_part1_UK/non_glaucoma/image/1840.jpg,Normal,5,train,83c33c386acfa731
T3_LAG,/kaggle/input/datasets/rayeedaabir/lag-database-part1-uk/LAG_database_part1_UK/non_glaucoma/image/1842.jpg,Normal,5,val,c0f31c3e61e3117e
T3_LAG,/kaggle/input/datasets/rayeedaabir/lag-database-part1-uk/LAG_database_part1_UK/non_glaucoma/image/1843.jpg,Normal,5,train,d5e476d942a60a5b
T3_LAG,/kaggle/input/datasets/rayeedaabir/lag-database-part1-uk/LAG_database_part1_UK/non_glaucoma/image/1845.jpg,Normal,5,train,9667659512c34a6f
T3_LAG,/kaggle/input/datasets/rayeedaabir/lag-database-part1-uk/LAG_database_part1_UK/non_glaucoma/image/1846.jpg,Normal,5,train,9696696936b6b449
T3_LAG,/kaggle/input/datasets/rayeedaabir/lag-database-part1-uk/LAG_database_part1_UK/non_glaucoma/image/1847.jpg,Normal,5,test,ded271348e8e306d
T3_LAG,/kaggle/input/datasets/rayeedaabir/lag-database-part1-uk/LAG_database_part1_UK/non_glaucoma/image/1850.jpg,Normal,5,train,894a65e6559d5723
T3_LAG,/kaggle/input/datasets/rayeedaabir/lag-database-part1-uk/LAG_database_part1_UK/non_glaucoma/image/1852.jpg,Normal,5,train,96b6696956365169
T3_LAG,/kaggle/input/datasets/rayeedaabir/lag-database-part1-uk/LAG_database_part1_UK/non_glaucoma/image/1856.jpg,Normal,5,train,996b67981d845733
T3_LAG,/kaggle/input/datasets/rayeedaabir/lag-database-part1-uk/LAG_database_part1_UK/non_glaucoma/image/1857.jpg,Normal,5,val,95a47b9a7595454a
T3_LAG,/kaggle/input/datasets/rayeedaabir/lag-database-part1-uk/LAG_database_part1_UK/non_glaucoma/image/1858.jpg,Normal,5,train,85c134ae47945f6b
T3_LAG,/kaggle/input/datasets/rayeedaabir/lag-database-part1-uk/LAG_database_part1_UK/non_glaucoma/image/1860.jpg,Normal,5,train,85b575155292dae6
T3_LAG,/kaggle/input/datasets/rayeedaabir/lag-database-part1-uk/LAG_database_part1_UK/non_glaucoma/image/1867.jpg,Normal,5,val,c7cf383843e7093c
T3_LAG,/kaggle/input/datasets/rayeedaabir/lag-database-part1-uk/LAG_database_part1_UK/non_glaucoma/image/1868.jpg,Normal,5,val,8ad3694c9696656d
T3_LAG,/kaggle/input/datasets/rayeedaabir/lag-database-part1-uk/LAG_database_part1_UK/non_glaucoma/image/1870.jpg,Normal,5,val,d56c70fb40990a77
T3_LAG,/kaggle/input/datasets/rayeedaabir/lag-database-part1-uk/LAG_database_part1_UK/non_glaucoma/image/1871.jpg,Normal,5,train,81601587479e5f5f
T3_LAG,/kaggle/input/datasets/rayeedaabir/lag-database-part1-uk/LAG_database_part1_UK/non_glaucoma/image/1872.jpg,Normal,5,train,c0cb1c3f41e311fb
T3_LAG,/kaggle/input/datasets/rayeedaabir/lag-database-part1-uk/LAG_database_part1_UK/non_glaucoma/image/1873.jpg,Normal,5,val,95c54b5a25a5755a
T3_LAG,/kaggle/input/datasets/rayeedaabir/lag-database-part1-uk/LAG_database_part1_UK/non_glaucoma/image/1874.jpg,Normal,5,train,d6c26dd916c66871
T3_LAG,/kaggle/input/datasets/rayeedaabir/lag-database-part1-uk/LAG_database_part1_UK/non_glaucoma/image/1877.jpg,Normal,5,val,9ad6696696d26929
T3_LAG,/kaggle/input/datasets/rayeedaabir/lag-database-part1-uk/LAG_database_part1_UK/non_glaucoma/image/1880.jpg,Normal,5,train,87e3308c47c73f38
T3_LAG,/kaggle/input/datasets/rayeedaabir/lag-database-part1-uk/LAG_database_part1_UK/non_glaucoma/image/1881.jpg,Normal,5,test,c1da148a41ae1ffb
T3_LAG,/kaggle/input/datasets/rayeedaabir/lag-database-part1-uk/LAG_database_part1_UK/non_glaucoma/image/1883.jpg,Normal,5,train,970b652b57a56465
T3_LAG,/kaggle/input/datasets/rayeedaabir/lag-database-part1-uk/LAG_database_part1_UK/non_glaucoma/image/1885.jpg,Normal,5,train,c42f36d94ab72a4c
T3_LAG,/kaggle/input/datasets/rayeedaabir/lag-database-part1-uk/LAG_database_part1_UK/non_glaucoma/image/1886.jpg,Normal,5,train,96d4691a16ca6d6d
T3_LAG,/kaggle/input/datasets/rayeedaabir/lag-database-part1-uk/LAG_database_part1_UK/non_glaucoma/image/1887.jpg,Normal,5,train,964669293792d56d
T3_LAG,/kaggle/input/datasets/rayeedaabir/lag-database-part1-uk/LAG_database_part1_UK/non_glaucoma/image/1888.jpg,Normal,5,test,882937a71dd45733
T3_LAG,/kaggle/input/datasets/rayeedaabir/lag-database-part1-uk/LAG_database_part1_UK/non_glaucoma/image/1894.jpg,Normal,5,train,c05a3cee61b5196b
T3_LAG,/kaggle/input/datasets/rayeedaabir/lag-database-part1-uk/LAG_database_part1_UK/non_glaucoma/image/1895.jpg,Normal,5,val,d7c8656917927265
T3_LAG,/kaggle/input/datasets/rayeedaabir/lag-database-part1-uk/LAG_database_part1_UK/non_glaucoma/image/1900.jpg,Normal,5,train,96f6692d3292496d
T3_LAG,/kaggle/input/datasets/rayeedaabir/lag-database-part1-uk/LAG_database_part1_UK/non_glaucoma/image/1901.jpg,Normal,5,val,d57f30d940b702cd
T3_LAG,/kaggle/input/datasets/rayeedaabir/lag-database-part1-uk/LAG_database_part1_UK/non_glaucoma/image/1902.jpg,Normal,5,val,c1cf3c3e40ff003e
T3_LAG,/kaggle/input/datasets/rayeedaabir/lag-database-part1-uk/LAG_database_part1_UK/non_glaucoma/image/1903.jpg,Normal,5,val,93bb64ac93936465
T3_LAG,/kaggle/input/datasets/rayeedaabir/lag-database-part1-uk/LAG_database_part1_UK/non_glaucoma/image/1904.jpg,Normal,5,train,9694694936b6f169
T3_LAG,/kaggle/input/datasets/rayeedaabir/lag-database-part1-uk/LAG_database_part1_UK/non_glaucoma/image/1905.jpg,Normal,5,train,c09f3f62680f1f68
T3_LAG,/kaggle/input/datasets/rayeedaabir/lag-database-part1-uk/LAG_database_part1_UK/non_glaucoma/image/1907.jpg,Normal,5,train,d5f469381716e10f
T3_LAG,/kaggle/input/datasets/rayeedaabir/lag-database-part1-uk/LAG_database_part1_UK/non_glaucoma/image/1908.jpg,Normal,5,train,8748346347de7d4a
T3_LAG,/kaggle/input/datasets/rayeedaabir/lag-database-part1-uk/LAG_database_part1_UK/non_glaucoma/image/1909.jpg,Normal,5,train,886967831dd57731
T3_LAG,/kaggle/input/datasets/rayeedaabir/lag-database-part1-uk/LAG_database_part1_UK/non_glaucoma/image/1911.jpg,Normal,5,train,92e5659712c94b5e
T3_LAG,/kaggle/input/datasets/rayeedaabir/lag-database-part1-uk/LAG_database_part1_UK/non_glaucoma/image/1918.jpg,Normal,5,test,8c6973c91db2770c
T3_LAG,/kaggle/input/datasets/rayeedaabir/lag-database-part1-uk/LAG_database_part1_UK/non_glaucoma/image/1919.jpg,Normal,5,val,86cb393b62ce213b
T3_LAG,/kaggle/input/datasets/rayeedaabir/lag-database-part1-uk/LAG_database_part1_UK/non_glaucoma/image/1920.jpg,Normal,5,val,c2d03c5f43992c7b
T3_LAG,/kaggle/input/datasets/rayeedaabir/lag-database-part1-uk/LAG_database_part1_UK/non_glaucoma/image/1921.jpg,Normal,5,test,dc6f369948b60a4d
T3_LAG,/kaggle/input/datasets/rayeedaabir/lag-database-part1-uk/LAG_database_part1_UK/non_glaucoma/image/1925.jpg,Normal,5,train,8af2690b15ac756e
T3_LAG,/kaggle/input/datasets/rayeedaabir/lag-database-part1-uk/LAG_database_part1_UK/non_glaucoma/image/1927.jpg,Normal,5,test,c53834c747993f43
T3_LAG,/kaggle/input/datasets/rayeedaabir/lag-database-part1-uk/LAG_database_part1_UK/non_glaucoma/image/1929.jpg,Normal,5,test,d5e636d948b30a4d
T3_LAG,/kaggle/input/datasets/rayeedaabir/lag-database-part1-uk/LAG_database_part1_UK/non_glaucoma/image/1930.jpg,Normal,5,test,914f2d3f42e5381e
T3_LAG,/kaggle/input/datasets/rayeedaabir/lag-database-part1-uk/LAG_database_part1_UK/non_glaucoma/image/1931.jpg,Normal,5,train,c0e3f1b99d86c5c1
T3_LAG,/kaggle/input/datasets/rayeedaabir/lag-database-part1-uk/LAG_database_part1_UK/non_glaucoma/image/1934.jpg,Normal,5,train,853531c547975f38
T3_LAG,/kaggle/input/datasets/rayeedaabir/lag-database-part1-uk/LAG_database_part1_UK/non_glaucoma/image/1937.jpg,Normal,5,train,94e44d3656e96a96
T3_LAG,/kaggle/input/datasets/rayeedaabir/lag-database-part1-uk/LAG_database_part1_UK/non_glaucoma/image/1939.jpg,Normal,5,train,c4f771d30a9e0a4b
T3_LAG,/kaggle/input/datasets/rayeedaabir/lag-database-part1-uk/LAG_database_part1_UK/non_glaucoma/image/1940.jpg,Normal,5,val,946741dd12d64a7d
T3_LAG,/kaggle/input/datasets/rayeedaabir/lag-database-part1-uk/LAG_database_part1_UK/non_glaucoma/image/1941.jpg,Normal,5,val,9549793e69341769
T3_LAG,/kaggle/input/datasets/rayeedaabir/lag-database-part1-uk/LAG_database_part1_UK/non_glaucoma/image/1942.jpg,Normal,5,train,946b699612cf6936
T3_LAG,/kaggle/input/datasets/rayeedaabir/lag-database-part1-uk/LAG_database_part1_UK/non_glaucoma/image/1944.jpg,Normal,5,train,c06f1c9b01e71d7c
T3_LAG,/kaggle/input/datasets/rayeedaabir/lag-database-part1-uk/LAG_database_part1_UK/non_glaucoma/image/1948.jpg,Normal,5,train,876230b847c73f39
T3_LAG,/kaggle/input/datasets/rayeedaabir/lag-database-part1-uk/LAG_database_part1_UK/non_glaucoma/image/1949.jpg,Normal,5,test,c0d3165f60a72c6f
T3_LAG,/kaggle/input/datasets/rayeedaabir/lag-database-part1-uk/LAG_database_part1_UK/non_glaucoma/image/1951.jpg,Normal,5,train,d55a634b153c536a
T3_LAG,/kaggle/input/datasets/rayeedaabir/lag-database-part1-uk/LAG_database_part1_UK/non_glaucoma/image/1955.jpg,Normal,5,val,c1c13c3f41e71c3e
T3_LAG,/kaggle/input/datasets/rayeedaabir/lag-database-part1-uk/LAG_database_part1_UK/non_glaucoma/image/1956.jpg,Normal,5,train,956a45ba55b15555
T3_LAG,/kaggle/input/datasets/rayeedaabir/lag-database-part1-uk/LAG_database_part1_UK/non_glaucoma/image/1957.jpg,Normal,5,train,9d58756255227667
T3_LAG,/kaggle/input/datasets/rayeedaabir/lag-database-part1-uk/LAG_database_part1_UK/non_glaucoma/image/1958.jpg,Normal,5,train,8561318747ce5f39
T3_LAG,/kaggle/input/datasets/rayeedaabir/lag-database-part1-uk/LAG_database_part1_UK/non_glaucoma/image/1959.jpg,Normal,5,test,d585553d5e956a0c
T3_LAG,/kaggle/input/datasets/rayeedaabir/lag-database-part1-uk/LAG_database_part1_UK/non_glaucoma/image/1961.jpg,Normal,5,test,9587653555917565
T3_LAG,/kaggle/input/datasets/rayeedaabir/lag-database-part1-uk/LAG_database_part1_UK/non_glaucoma/image/1963.jpg,Normal,5,train,96d2693936e96915
T3_LAG,/kaggle/input/datasets/rayeedaabir/lag-database-part1-uk/LAG_database_part1_UK/non_glaucoma/image/1967.jpg,Normal,5,test,969669492f96b169
T3_LAG,/kaggle/input/datasets/rayeedaabir/lag-database-part1-uk/LAG_database_part1_UK/non_glaucoma/image/1968.jpg,Normal,5,val,c1df207e81fa117a
T3_LAG,/kaggle/input/datasets/rayeedaabir/lag-database-part1-uk/LAG_database_part1_UK/non_glaucoma/image/1970.jpg,Normal,5,val,c1db1c7e01e3073e
T3_LAG,/kaggle/input/datasets/rayeedaabir/lag-database-part1-uk/LAG_database_part1_UK/non_glaucoma/image/1972.jpg,Normal,5,test,96d669693692d06d
T3_LAG,/kaggle/input/datasets/rayeedaabir/lag-database-part1-uk/LAG_database_part1_UK/non_glaucoma/image/1981.jpg,Normal,5,train,83c23c3f53c3343e
T3_LAG,/kaggle/input/datasets/rayeedaabir/lag-database-part1-uk/LAG_database_part1_UK/non_glaucoma/image/1983.jpg,Normal,5,val,80e267851d977717
T3_LAG,/kaggle/input/datasets/rayeedaabir/lag-database-part1-uk/LAG_database_part1_UK/non_glaucoma/image/1984.jpg,Normal,5,val,996666821d8d7733
T3_LAG,/kaggle/input/datasets/rayeedaabir/lag-database-part1-uk/LAG_database_part1_UK/non_glaucoma/image/1985.jpg,Normal,5,test,d52d552d55965265
T3_LAG,/kaggle/input/datasets/rayeedaabir/lag-database-part1-uk/LAG_database_part1_UK/non_glaucoma/image/1986.jpg,Normal,5,train,d46e37d2489b226d
T3_LAG,/kaggle/input/datasets/rayeedaabir/lag-database-part1-uk/LAG_database_part1_UK/non_glaucoma/image/1987.jpg,Normal,5,test,d5ee379348a90a53
T3_LAG,/kaggle/input/datasets/rayeedaabir/lag-database-part1-uk/LAG_database_part1_UK/non_glaucoma/image/1990.jpg,Normal,5,train,d4f741d612cb0a3e
T3_LAG,/kaggle/input/datasets/rayeedaabir/lag-database-part1-uk/LAG_database_part1_UK/non_glaucoma/image/1992.jpg,Normal,5,train,952d45c5529bca6d
T3_LAG,/kaggle/input/datasets/rayeedaabir/lag-database-part1-uk/LAG_database_part1_UK/non_glaucoma/image/1994.jpg,Normal,5,train,908b65a6159d5773
T3_LAG,/kaggle/input/datasets/rayeedaabir/lag-database-part1-uk/LAG_database_part1_UK/non_glaucoma/image/2000.jpg,Normal,5,train,d53f10f142cf0ad9
T3_LAG,/kaggle/input/datasets/rayeedaabir/lag-database-part1-uk/LAG_database_part1_UK/non_glaucoma/image/2001.jpg,Normal,5,train,952755cb52255ab5
T3_LAG,/kaggle/input/datasets/rayeedaabir/lag-database-part1-uk/LAG_database_part1_UK/non_glaucoma/image/2002.jpg,Normal,5,train,dd6636d94b922e41
T3_LAG,/kaggle/input/datasets/rayeedaabir/lag-database-part1-uk/LAG_database_part1_UK/non_glaucoma/image/2004.jpg,Normal,5,train,818e14e957935f66
T3_LAG,/kaggle/input/datasets/rayeedaabir/lag-database-part1-uk/LAG_database_part1_UK/non_glaucoma/image/2005.jpg,Normal,5,train,d5a465ec17936465
T3_LAG,/kaggle/input/datasets/rayeedaabir/lag-database-part1-uk/LAG_database_part1_UK/non_glaucoma/image/2006.jpg,Normal,5,train,95ad75d552946a26
T3_LAG,/kaggle/input/datasets/rayeedaabir/lag-database-part1-uk/LAG_database_part1_UK/non_glaucoma/image/2010.jpg,Normal,5,test,c3c03c5f4bb3383a
T3_LAG,/kaggle/input/datasets/rayeedaabir/lag-database-part1-uk/LAG_database_part1_UK/non_glaucoma/image/2011.jpg,Normal,5,train,853330e347b45f63
T3_LAG,/kaggle/input/datasets/rayeedaabir/lag-database-part1-uk/LAG_database_part1_UK/non_glaucoma/image/2012.jpg,Normal,5,train,9774696b15b25469
T3_LAG,/kaggle/input/datasets/rayeedaabir/lag-database-part1-uk/LAG_database_part1_UK/non_glaucoma/image/2013.jpg,Normal,5,train,946745b612cd4bb6
T3_LAG,/kaggle/input/datasets/rayeedaabir/lag-database-part1-uk/LAG_database_part1_UK/non_glaucoma/image/2016.jpg,Normal,5,test,f8f4070f69f0f007
T3_LAG,/kaggle/input/datasets/rayeedaabir/lag-database-part1-uk/LAG_database_part1_UK/non_glaucoma/image/2023.jpg,Normal,5,train,946f45b912874b6e
T3_LAG,/kaggle/input/datasets/rayeedaabir/lag-database-part1-uk/LAG_database_part1_UK/non_glaucoma/image/2025.jpg,Normal,5,train,c09f0f7060df01fe
T3_LAG,/kaggle/input/datasets/rayeedaabir/lag-database-part1-uk/LAG_database_part1_UK/non_glaucoma/image/2027.jpg,Normal,5,train,9649696f12d86d2e
T3_LAG,/kaggle/input/datasets/rayeedaabir/lag-database-part1-uk/LAG_database_part1_UK/non_glaucoma/image/2030.jpg,Normal,5,train,d4fd72724ac90267
T3_LAG,/kaggle/input/datasets/rayeedaabir/lag-database-part1-uk/LAG_database_part1_UK/non_glaucoma/image/2033.jpg,Normal,5,test,c1e6309947c71f39
T3_LAG,/kaggle/input/datasets/rayeedaabir/lag-database-part1-uk/LAG_database_part1_UK/non_glaucoma/image/2034.jpg,Normal,5,test,c16b3c6f60f7003e
T3_LAG,/kaggle/input/datasets/rayeedaabir/lag-database-part1-uk/LAG_database_part1_UK/non_glaucoma/image/2035.jpg,Normal,5,train,d5b0759d16ed6214
T3_LAG,/kaggle/input/datasets/rayeedaabir/lag-database-part1-uk/LAG_database_part1_UK/non_glaucoma/image/2037.jpg,Normal,5,train,c07a1fe4719e1f60
T3_LAG,/kaggle/input/datasets/rayeedaabir/lag-database-part1-uk/LAG_database_part1_UK/non_glaucoma/image/2039.jpg,Normal,5,train,c6c7393966ce0479
T3_LAG,/kaggle/input/datasets/rayeedaabir/lag-database-part1-uk/LAG_database_part1_UK/non_glaucoma/image/2041.jpg,Normal,5,val,80d53c5f43bf3053
T3_LAG,/kaggle/input/datasets/rayeedaabir/lag-database-part1-uk/LAG_database_part1_UK/non_glaucoma/image/2042.jpg,Normal,5,train,c0d73c7e40f7007e
T3_LAG,/kaggle/input/datasets/rayeedaabir/lag-database-part1-uk/LAG_database_part1_UK/non_glaucoma/image/2043.jpg,Normal,5,train,c3c63c3d42d93933
T3_LAG,/kaggle/input/datasets/rayeedaabir/lag-database-part1-uk/LAG_database_part1_UK/non_glaucoma/image/2044.jpg,Normal,5,test,84a327ad1d375715
T3_LAG,/kaggle/input/datasets/rayeedaabir/lag-database-part1-uk/LAG_database_part1_UK/non_glaucoma/image/2046.jpg,Normal,5,train,956b55255a356a35
T3_LAG,/kaggle/input/datasets/rayeedaabir/lag-database-part1-uk/LAG_database_part1_UK/non_glaucoma/image/2052.jpg,Normal,5,train,c1cf386f43b830e3
T3_LAG,/kaggle/input/datasets/rayeedaabir/lag-database-part1-uk/LAG_database_part1_UK/non_glaucoma/image/2053.jpg,Normal,5,train,c3c13c3c58c3c35f
T3_LAG,/kaggle/input/datasets/rayeedaabir/lag-database-part1-uk/LAG_database_part1_UK/non_glaucoma/image/2055.jpg,Normal,5,train,c17f347e41e3143a
T3_LAG,/kaggle/input/datasets/rayeedaabir/lag-database-part1-uk/LAG_database_part1_UK/non_glaucoma/image/2058.jpg,Normal,5,test,843b35c657915dc6
T3_LAG,/kaggle/input/datasets/rayeedaabir/lag-database-part1-uk/LAG_database_part1_UK/non_glaucoma/image/2060.jpg,Normal,5,train,82c6692b35b6f12b
T3_LAG,/kaggle/input/datasets/rayeedaabir/lag-database-part1-uk/LAG_database_part1_UK/non_glaucoma/image/2061.jpg,Normal,5,test,81c325a51f8c5f1f
T3_LAG,/kaggle/input/datasets/rayeedaabir/lag-database-part1-uk/LAG_database_part1_UK/non_glaucoma/image/2062.jpg,Normal,5,train,d13f74d942a60ad9
T3_LAG,/kaggle/input/datasets/rayeedaabir/lag-database-part1-uk/LAG_database_part1_UK/non_glaucoma/image/2063.jpg,Normal,5,train,c17034e7479c1ee3
T3_LAG,/kaggle/input/datasets/rayeedaabir/lag-database-part1-uk/LAG_database_part1_UK/non_glaucoma/image/2067.jpg,Normal,5,train,9768652d52976a65
T3_LAG,/kaggle/input/datasets/rayeedaabir/lag-database-part1-uk/LAG_database_part1_UK/non_glaucoma/image/2068.jpg,Normal,5,val,9745692c15f6652b
T3_LAG,/kaggle/input/datasets/rayeedaabir/lag-database-part1-uk/LAG_database_part1_UK/non_glaucoma/image/2069.jpg,Normal,5,train,c0fe34e3619e14e3
T3_LAG,/kaggle/input/datasets/rayeedaabir/lag-database-part1-uk/LAG_database_part1_UK/non_glaucoma/image/2071.jpg,Normal,5,train,969669692596b46d
T3_LAG,/kaggle/input/datasets/rayeedaabir/lag-database-part1-uk/LAG_database_part1_UK/non_glaucoma/image/2074.jpg,Normal,5,train,d52a752d57996624
T3_LAG,/kaggle/input/datasets/rayeedaabir/lag-database-part1-uk/LAG_database_part1_UK/non_glaucoma/image/2076.jpg,Normal,5,val,cea331cc22b98eb3
T3_LAG,/kaggle/input/datasets/rayeedaabir/lag-database-part1-uk/LAG_database_part1_UK/non_glaucoma/image/2077.jpg,Normal,5,train,c0ce3e3f68a1185f
T3_LAG,/kaggle/input/datasets/rayeedaabir/lag-database-part1-uk/LAG_database_part1_UK/non_glaucoma/image/2079.jpg,Normal,5,train,c1ff3c7f40b49058
T3_LAG,/kaggle/input/datasets/rayeedaabir/lag-database-part1-uk/LAG_database_part1_UK/non_glaucoma/image/2080.jpg,Normal,5,train,956e552d56b55225
T3_LAG,/kaggle/input/datasets/rayeedaabir/lag-database-part1-uk/LAG_database_part1_UK/non_glaucoma/image/2081.jpg,Normal,5,val,95c6563555ca6aa5
T3_LAG,/kaggle/input/datasets/rayeedaabir/lag-database-part1-uk/LAG_database_part1_UK/non_glaucoma/image/2082.jpg,Normal,5,train,946d65b632cf0a9a
T3_LAG,/kaggle/input/datasets/rayeedaabir/lag-database-part1-uk/LAG_database_part1_UK/non_glaucoma/image/2084.jpg,Normal,5,train,d5ee42b3109d4a6b
T3_LAG,/kaggle/input/datasets/rayeedaabir/lag-database-part1-uk/LAG_database_part1_UK/non_glaucoma/image/2088.jpg,Normal,5,train,94e745df12c24a3d
T3_LAG,/kaggle/input/datasets/rayeedaabir/lag-database-part1-uk/LAG_database_part1_UK/non_glaucoma/image/2089.jpg,Normal,5,train,97e46d12171b651b
T3_LAG,/kaggle/input/datasets/rayeedaabir/lag-database-part1-uk/LAG_database_part1_UK/non_glaucoma/image/2092.jpg,Normal,5,train,c1cf3c23433e1ce3
T3_LAG,/kaggle/input/datasets/rayeedaabir/lag-database-part1-uk/LAG_database_part1_UK/non_glaucoma/image/2095.jpg,Normal,5,train,81c13c5d62bd3c5b
T3_LAG,/kaggle/input/datasets/rayeedaabir/lag-database-part1-uk/LAG_database_part1_UK/non_glaucoma/image/2097.jpg,Normal,5,train,c1ee1cbe41ef10b8
T3_LAG,/kaggle/input/datasets/rayeedaabir/lag-database-part1-uk/LAG_database_part1_UK/non_glaucoma/image/2101.jpg,Normal,5,train,c76630c947963f68
T3_LAG,/kaggle/input/datasets/rayeedaabir/lag-database-part1-uk/LAG_database_part1_UK/non_glaucoma/image/2105.jpg,Normal,5,train,806b17a075d35f65
T3_LAG,/kaggle/input/datasets/rayeedaabir/lag-database-part1-uk/LAG_database_part1_UK/non_glaucoma/image/2106.jpg,Normal,5,test,c3711083079e5feb
T3_LAG,/kaggle/input/datasets/rayeedaabir/lag-database-part1-uk/LAG_database_part1_UK/non_glaucoma/image/2109.jpg,Normal,5,train,c3c63c7c47c73838
T3_LAG,/kaggle/input/datasets/rayeedaabir/lag-database-part1-uk/LAG_database_part1_UK/non_glaucoma/image/2110.jpg,Normal,5,train,d5e570170af5621e
T3_LAG,/kaggle/input/datasets/rayeedaabir/lag-database-part1-uk/LAG_database_part1_UK/non_glaucoma/image/2112.jpg,Normal,5,train,d56436c948b722dd
T3_LAG,/kaggle/input/datasets/rayeedaabir/lag-database-part1-uk/LAG_database_part1_UK/non_glaucoma/image/2113.jpg,Normal,5,train,95b4d3cba5b445c2
T3_LAG,/kaggle/input/datasets/rayeedaabir/lag-database-part1-uk/LAG_database_part1_UK/non_glaucoma/image/2114.jpg,Normal,5,train,c3c63d1c62c33c3d
T3_LAG,/kaggle/input/datasets/rayeedaabir/lag-database-part1-uk/LAG_database_part1_UK/non_glaucoma/image/2118.jpg,Normal,5,train,e1cea46e81eb053e
T3_LAG,/kaggle/input/datasets/rayeedaabir/lag-database-part1-uk/LAG_database_part1_UK/non_glaucoma/image/2120.jpg,Normal,5,val,d7d3646c3a9a6864
T3_LAG,/kaggle/input/datasets/rayeedaabir/lag-database-part1-uk/LAG_database_part1_UK/non_glaucoma/image/2125.jpg,Normal,5,train,9296696916927d6d
T3_LAG,/kaggle/input/datasets/rayeedaabir/lag-database-part1-uk/LAG_database_part1_UK/non_glaucoma/image/2132.jpg,Normal,5,train,95c1682917b27d6d
T3_LAG,/kaggle/input/datasets/rayeedaabir/lag-database-part1-uk/LAG_database_part1_UK/non_glaucoma/image/2138.jpg,Normal,5,val,95c5494b37b4616b
T3_LAG,/kaggle/input/datasets/rayeedaabir/lag-database-part1-uk/LAG_database_part1_UK/non_glaucoma/image/2143.jpg,Normal,5,test,8c3a638c1df37714
T3_LAG,/kaggle/input/datasets/rayeedaabir/lag-database-part1-uk/LAG_database_part1_UK/non_glaucoma/image/2144.jpg,Normal,5,train,926d659612ed4ada
T3_LAG,/kaggle/input/datasets/rayeedaabir/lag-database-part1-uk/LAG_database_part1_UK/non_glaucoma/image/2148.jpg,Normal,5,test,8d8d3666d9897465
T3_LAG,/kaggle/input/datasets/rayeedaabir/lag-database-part1-uk/LAG_database_part1_UK/non_glaucoma/image/2149.jpg,Normal,5,test,94c56b4b45b59565
T3_LAG,/kaggle/input/datasets/rayeedaabir/lag-database-part1-uk/LAG_database_part1_UK/non_glaucoma/image/2155.jpg,Normal,5,val,81c105374f9e5f39
T3_LAG,/kaggle/input/datasets/rayeedaabir/lag-database-part1-uk/LAG_database_part1_UK/non_glaucoma/image/2157.jpg,Normal,5,train,c0eb3cbf60e3003f
T3_LAG,/kaggle/input/datasets/rayeedaabir/lag-database-part1-uk/LAG_database_part1_UK/non_glaucoma/image/2160.jpg,Normal,5,train,80ab2585555757dd
T3_LAG,/kaggle/input/datasets/rayeedaabir/lag-database-part1-uk/LAG_database_part1_UK/non_glaucoma/image/2161.jpg,Normal,5,train,8763306f47863e39
T3_LAG,/kaggle/input/datasets/rayeedaabir/lag-database-part1-uk/LAG_database_part1_UK/non_glaucoma/image/2163.jpg,Normal,5,train,94b6694b7f349494
T3_LAG,/kaggle/input/datasets/rayeedaabir/lag-database-part1-uk/LAG_database_part1_UK/non_glaucoma/image/2165.jpg,Normal,5,val,97a5653517956c25
T3_LAG,/kaggle/input/datasets/rayeedaabir/lag-database-part1-uk/LAG_database_part1_UK/non_glaucoma/image/2166.jpg,Normal,5,test,8063779915de5f14
T3_LAG,/kaggle/input/datasets/rayeedaabir/lag-database-part1-uk/LAG_database_part1_UK/non_glaucoma/image/2169.jpg,Normal,5,train,c0573c7e61c01c7f
T3_LAG,/kaggle/input/datasets/rayeedaabir/lag-database-part1-uk/LAG_database_part1_UK/non_glaucoma/image/2171.jpg,Normal,5,train,dd6f3293489c2273
T3_LAG,/kaggle/input/datasets/rayeedaabir/lag-database-part1-uk/LAG_database_part1_UK/non_glaucoma/image/2172.jpg,Normal,5,train,8bcb3634269a999b
T3_LAG,/kaggle/input/datasets/rayeedaabir/lag-database-part1-uk/LAG_database_part1_UK/non_glaucoma/image/2173.jpg,Normal,5,train,d56f429d01ce4ab5
T3_LAG,/kaggle/input/datasets/rayeedaabir/lag-database-part1-uk/LAG_database_part1_UK/non_glaucoma/image/2174.jpg,Normal,5,test,97c56d0d1793654c
T3_LAG,/kaggle/input/datasets/rayeedaabir/lag-database-part1-uk/LAG_database_part1_UK/non_glaucoma/image/2177.jpg,Normal,5,train,c03c3d5f236d315a
T3_LAG,/kaggle/input/datasets/rayeedaabir/lag-database-part1-uk/LAG_database_part1_UK/non_glaucoma/image/2178.jpg,Normal,5,val,c1973c6a01fb347a
T3_LAG,/kaggle/input/datasets/rayeedaabir/lag-database-part1-uk/LAG_database_part1_UK/non_glaucoma/image/2179.jpg,Normal,5,train,81b2348c479f5f3c
T3_LAG,/kaggle/input/datasets/rayeedaabir/lag-database-part1-uk/LAG_database_part1_UK/non_glaucoma/image/2180.jpg,Normal,5,train,dd6d72d34089027f
T3_LAG,/kaggle/input/datasets/rayeedaabir/lag-database-part1-uk/LAG_database_part1_UK/non_glaucoma/image/2182.jpg,Normal,5,val,80e1879f5df0e09e
T3_LAG,/kaggle/input/datasets/rayeedaabir/lag-database-part1-uk/LAG_database_part1_UK/non_glaucoma/image/2185.jpg,Normal,5,train,87c73d3942c6383b
T3_LAG,/kaggle/input/datasets/rayeedaabir/lag-database-part1-uk/LAG_database_part1_UK/non_glaucoma/image/2186.jpg,Normal,5,train,95c4694d34f46a6d
T3_LAG,/kaggle/input/datasets/rayeedaabir/lag-database-part1-uk/LAG_database_part1_UK/non_glaucoma/image/2189.jpg,Normal,5,train,946d49fc12b66a4b
T3_LAG,/kaggle/input/datasets/rayeedaabir/lag-database-part1-uk/LAG_database_part1_UK/non_glaucoma/image/2191.jpg,Normal,5,test,95b4c9e994b44bc9
T3_LAG,/kaggle/input/datasets/rayeedaabir/lag-database-part1-uk/LAG_database_part1_UK/non_glaucoma/image/2193.jpg,Normal,5,train,dd7f76d048a2025d
T3_LAG,/kaggle/input/datasets/rayeedaabir/lag-database-part1-uk/LAG_database_part1_UK/non_glaucoma/image/2195.jpg,Normal,5,test,94b269cd16926b6d
T3_LAG,/kaggle/input/datasets/rayeedaabir/lag-database-part1-uk/LAG_database_part1_UK/non_glaucoma/image/2196.jpg,Normal,5,train,82c73d7c62a7343a
T3_LAG,/kaggle/input/datasets/rayeedaabir/lag-database-part1-uk/LAG_database_part1_UK/non_glaucoma/image/2197.jpg,Normal,5,val,95e5653556d56854
T3_LAG,/kaggle/input/datasets/rayeedaabir/lag-database-part1-uk/LAG_database_part1_UK/non_glaucoma/image/2198.jpg,Normal,5,test,9666696b1596d469
T3_LAG,/kaggle/input/datasets/rayeedaabir/lag-database-part1-uk/LAG_database_part1_UK/non_glaucoma/image/2199.jpg,Normal,5,train,c7c3383d43c7303d
T3_LAG,/kaggle/input/datasets/rayeedaabir/lag-database-part1-uk/LAG_database_part1_UK/non_glaucoma/image/2200.jpg,Normal,5,train,96d269693596c16e
T3_LAG,/kaggle/input/datasets/rayeedaabir/lag-database-part1-uk/LAG_database_part1_UK/non_glaucoma/image/2201.jpg,Normal,5,train,9863678c1d8d7666
T3_LAG,/kaggle/input/datasets/rayeedaabir/lag-database-part1-uk/LAG_database_part1_UK/non_glaucoma/image/2202.jpg,Normal,5,train,954a696915b2752f
T3_LAG,/kaggle/input/datasets/rayeedaabir/lag-database-part1-uk/LAG_database_part1_UK/non_glaucoma/image/2203.jpg,Normal,5,train,c031385b66b7387e
T3_LAG,/kaggle/input/datasets/rayeedaabir/lag-database-part1-uk/LAG_database_part1_UK/non_glaucoma/image/2204.jpg,Normal,5,train,97f069c715cc6564
T3_LAG,/kaggle/input/datasets/rayeedaabir/lag-database-part1-uk/LAG_database_part1_UK/non_glaucoma/image/2206.jpg,Normal,5,train,853830c747985fcf
T3_LAG,/kaggle/input/datasets/rayeedaabir/lag-database-part1-uk/LAG_database_part1_UK/non_glaucoma/image/2208.jpg,Normal,5,train,95e36d13164d6d94
T3_LAG,/kaggle/input/datasets/rayeedaabir/lag-database-part1-uk/LAG_database_part1_UK/non_glaucoma/image/2209.jpg,Normal,5,train,8c2963a7159d5772
T3_LAG,/kaggle/input/datasets/rayeedaabir/lag-database-part1-uk/LAG_database_part1_UK/non_glaucoma/image/2212.jpg,Normal,5,val,946b49b532964a7d
T3_LAG,/kaggle/input/datasets/rayeedaabir/lag-database-part1-uk/LAG_database_part1_UK/non_glaucoma/image/2223.jpg,Normal,5,train,c5926d6916b46a6b
T3_LAG,/kaggle/input/datasets/rayeedaabir/lag-database-part1-uk/LAG_database_part1_UK/non_glaucoma/image/2224.jpg,Normal,5,train,805b152f75785537
T3_LAG,/kaggle/input/datasets/rayeedaabir/lag-database-part1-uk/LAG_database_part1_UK/non_glaucoma/image/2226.jpg,Normal,5,test,96e8692d36926d6c
T3_LAG,/kaggle/input/datasets/rayeedaabir/lag-database-part1-uk/LAG_database_part1_UK/non_glaucoma/image/2229.jpg,Normal,5,train,95cb4b295d95444f
T3_LAG,/kaggle/input/datasets/rayeedaabir/lag-database-part1-uk/LAG_database_part1_UK/non_glaucoma/image/2231.jpg,Normal,5,train,95ea658a559a556c
T3_LAG,/kaggle/input/datasets/rayeedaabir/lag-database-part1-uk/LAG_database_part1_UK/non_glaucoma/image/2232.jpg,Normal,5,train,d52f62350ab64976
T3_LAG,/kaggle/input/datasets/rayeedaabir/lag-database-part1-uk/LAG_database_part1_UK/non_glaucoma/image/2233.jpg,Normal,5,train,c15e146b01f71c7e
T3_LAG,/kaggle/input/datasets/rayeedaabir/lag-database-part1-uk/LAG_database_part1_UK/non_glaucoma/image/2235.jpg,Normal,5,train,92696d9632cd6b16
T3_LAG,/kaggle/input/datasets/rayeedaabir/lag-database-part1-uk/LAG_database_part1_UK/non_glaucoma/image/2239.jpg,Normal,5,train,964b6d3696695196
T3_LAG,/kaggle/input/datasets/rayeedaabir/lag-database-part1-uk/LAG_database_part1_UK/non_glaucoma/image/2241.jpg,Normal,5,train,c0df3e3e60e1113e
T3_LAG,/kaggle/input/datasets/rayeedaabir/lag-database-part1-uk/LAG_database_part1_UK/non_glaucoma/image/2244.jpg,Normal,5,val,92f2694d3292b96d
T3_LAG,/kaggle/input/datasets/rayeedaabir/lag-database-part1-uk/LAG_database_part1_UK/non_glaucoma/image/2245.jpg,Normal,5,train,952a756d55917265
T3_LAG,/kaggle/input/datasets/rayeedaabir/lag-database-part1-uk/LAG_database_part1_UK/non_glaucoma/image/2247.jpg,Normal,5,train,c157347f00ff007e
T3_LAG,/kaggle/input/datasets/rayeedaabir/lag-database-part1-uk/LAG_database_part1_UK/non_glaucoma/image/2248.jpg,Normal,5,test,906d6db612d36969
T3_LAG,/kaggle/input/datasets/rayeedaabir/lag-database-part1-uk/LAG_database_part1_UK/non_glaucoma/image/2249.jpg,Normal,5,test,854f30e147c65f39
T3_LAG,/kaggle/input/datasets/rayeedaabir/lag-database-part1-uk/LAG_database_part1_UK/non_glaucoma/image/2251.jpg,Normal,5,train,80e4659915df5736
T3_LAG,/kaggle/input/datasets/rayeedaabir/lag-database-part1-uk/LAG_database_part1_UK/non_glaucoma/image/2252.jpg,Normal,5,train,83c73c3b439d3079
T3_LAG,/kaggle/input/datasets/rayeedaabir/lag-database-part1-uk/LAG_database_part1_UK/non_glaucoma/image/2253.jpg,Normal,5,train,d452694937367569
T3_LAG,/kaggle/input/datasets/rayeedaabir/lag-database-part1-uk/LAG_database_part1_UK/non_glaucoma/image/2260.jpg,Normal,5,train,c7c33c1c7ac3e11c
T3_LAG,/kaggle/input/datasets/rayeedaabir/lag-database-part1-uk/LAG_database_part1_UK/non_glaucoma/image/2261.jpg,Normal,5,val,96b2684bb5b5694c
T3_LAG,/kaggle/input/datasets/rayeedaabir/lag-database-part1-uk/LAG_database_part1_UK/non_glaucoma/image/2263.jpg,Normal,5,train,d6c1691616e969b6
T3_LAG,/kaggle/input/datasets/rayeedaabir/lag-database-part1-uk/LAG_database_part1_UK/non_glaucoma/image/2264.jpg,Normal,5,train,c0fb247c43c73939
T3_LAG,/kaggle/input/datasets/rayeedaabir/lag-database-part1-uk/LAG_database_part1_UK/non_glaucoma/image/2265.jpg,Normal,5,train,96d669691696646d
T3_LAG,/kaggle/input/datasets/rayeedaabir/lag-database-part1-uk/LAG_database_part1_UK/non_glaucoma/image/2266.jpg,Normal,5,train,d52b573655234a1d
T3_LAG,/kaggle/input/datasets/rayeedaabir/lag-database-part1-uk/LAG_database_part1_UK/non_glaucoma/image/2269.jpg,Normal,5,val,d5e472db489a0a67
T3_LAG,/kaggle/input/datasets/rayeedaabir/lag-database-part1-uk/LAG_database_part1_UK/non_glaucoma/image/2271.jpg,Normal,5,train,85d0348747967f59
T3_LAG,/kaggle/input/datasets/rayeedaabir/lag-database-part1-uk/LAG_database_part1_UK/non_glaucoma/image/2274.jpg,Normal,5,train,86b26b6a3e92616d
T3_LAG,/kaggle/input/datasets/rayeedaabir/lag-database-part1-uk/LAG_database_part1_UK/non_glaucoma/image/2279.jpg,Normal,5,train,dd6e32d948b72264
T3_LAG,/kaggle/input/datasets/rayeedaabir/lag-database-part1-uk/LAG_database_part1_UK/non_glaucoma/image/2281.jpg,Normal,5,train,c1fb307e03cf10bc
T3_LAG,/kaggle/input/datasets/rayeedaabir/lag-database-part1-uk/LAG_database_part1_UK/non_glaucoma/image/2282.jpg,Normal,5,train,d7f43c18c3c33c38
T3_LAG,/kaggle/input/datasets/rayeedaabir/lag-database-part1-uk/LAG_database_part1_UK/non_glaucoma/image/2287.jpg,Normal,5,val,8823678c9d37778c
T3_LAG,/kaggle/input/datasets/rayeedaabir/lag-database-part1-uk/LAG_database_part1_UK/non_glaucoma/image/2291.jpg,Normal,5,train,85d5554a55ca5e6a
T3_LAG,/kaggle/input/datasets/rayeedaabir/lag-database-part1-uk/LAG_database_part1_UK/non_glaucoma/image/2292.jpg,Normal,5,train,86e738584acf3939
T3_LAG,/kaggle/input/datasets/rayeedaabir/lag-database-part1-uk/LAG_database_part1_UK/non_glaucoma/image/2295.jpg,Normal,5,test,958b656d53996664
T3_LAG,/kaggle/input/datasets/rayeedaabir/lag-database-part1-uk/LAG_database_part1_UK/non_glaucoma/image/2298.jpg,Normal,5,train,9265659312cd6a7e
T3_LAG,/kaggle/input/datasets/rayeedaabir/lag-database-part1-uk/LAG_database_part1_UK/non_glaucoma/image/2299.jpg,Normal,5,train,d56d32db489b0a66
T3_LAG,/kaggle/input/datasets/rayeedaabir/lag-database-part1-uk/LAG_database_part1_UK/non_glaucoma/image/2304.jpg,Normal,5,train,c07f107f00ff007f
T3_LAG,/kaggle/input/datasets/rayeedaabir/lag-database-part1-uk/LAG_database_part1_UK/non_glaucoma/image/2305.jpg,Normal,5,train,d5a5452d56926a6d
T3_LAG,/kaggle/input/datasets/rayeedaabir/lag-database-part1-uk/LAG_database_part1_UK/non_glaucoma/image/2306.jpg,Normal,5,train,d53732d342e60a5d
T3_LAG,/kaggle/input/datasets/rayeedaabir/lag-database-part1-uk/LAG_database_part1_UK/non_glaucoma/image/2307.jpg,Normal,5,train,c3703cef47851c39
T3_LAG,/kaggle/input/datasets/rayeedaabir/lag-database-part1-uk/LAG_database_part1_UK/non_glaucoma/image/2308.jpg,Normal,5,train,c5e230cf67985e43
T3_LAG,/kaggle/input/datasets/rayeedaabir/lag-database-part1-uk/LAG_database_part1_UK/non_glaucoma/image/2311.jpg,Normal,5,train,d3d06d2515dbd264
T3_LAG,/kaggle/input/datasets/rayeedaabir/lag-database-part1-uk/LAG_database_part1_UK/non_glaucoma/image/2312.jpg,Normal,5,train,d52d545a52a9baa5
T3_LAG,/kaggle/input/datasets/rayeedaabir/lag-database-part1-uk/LAG_database_part1_UK/non_glaucoma/image/2317.jpg,Normal,5,train,953545ca553556ce
T3_LAG,/kaggle/input/datasets/rayeedaabir/lag-database-part1-uk/LAG_database_part1_UK/non_glaucoma/image/2318.jpg,Normal,5,train,88a937851dd55755
T3_LAG,/kaggle/input/datasets/rayeedaabir/lag-database-part1-uk/LAG_database_part1_UK/non_glaucoma/image/2319.jpg,Normal,5,train,d4b4696b36b47249
T3_LAG,/kaggle/input/datasets/rayeedaabir/lag-database-part1-uk/LAG_database_part1_UK/non_glaucoma/image/2320.jpg,Normal,5,train,99a67699cd269989
T3_LAG,/kaggle/input/datasets/rayeedaabir/lag-database-part1-uk/LAG_database_part1_UK/non_glaucoma/image/2322.jpg,Normal,5,train,d3c664651a9b6a6c
T3_LAG,/kaggle/input/datasets/rayeedaabir/lag-database-part1-uk/LAG_database_part1_UK/non_glaucoma/image/2323.jpg,Normal,5,train,86c739396ede3031
T3_LAG,/kaggle/input/datasets/rayeedaabir/lag-database-part1-uk/LAG_database_part1_UK/non_glaucoma/image/2326.jpg,Normal,5,train,88a5659555d75754
T3_LAG,/kaggle/input/datasets/rayeedaabir/lag-database-part1-uk/LAG_database_part1_UK/non_glaucoma/image/2327.jpg,Normal,5,train,c1c83c7f638f3071
T3_LAG,/kaggle/input/datasets/rayeedaabir/lag-database-part1-uk/LAG_database_part1_UK/non_glaucoma/image/2329.jpg,Normal,5,train,d13774d3125e0a9b
T3_LAG,/kaggle/input/datasets/rayeedaabir/lag-database-part1-uk/LAG_database_part1_UK/non_glaucoma/image/2330.jpg,Normal,5,train,c1623e1fe1e18e1e
T3_LAG,/kaggle/input/datasets/rayeedaabir/lag-database-part1-uk/LAG_database_part1_UK/non_glaucoma/image/2331.jpg,Normal,5,train,95b6696b1534346b
T3_LAG,/kaggle/input/datasets/rayeedaabir/lag-database-part1-uk/LAG_database_part1_UK/non_glaucoma/image/2332.jpg,Normal,5,test,c15a3c3f43a7307c
T3_LAG,/kaggle/input/datasets/rayeedaabir/lag-database-part1-uk/LAG_database_part1_UK/non_glaucoma/image/2333.jpg,Normal,5,train,9580752d57d4726d
T3_LAG,/kaggle/input/datasets/rayeedaabir/lag-database-part1-uk/LAG_database_part1_UK/non_glaucoma/image/2334.jpg,Normal,5,test,95c7493b14d24d4f
T3_LAG,/kaggle/input/datasets/rayeedaabir/lag-database-part1-uk/LAG_database_part1_UK/non_glaucoma/image/2337.jpg,Normal,5,train,c0fe0903207f78fe
T3_LAG,/kaggle/input/datasets/rayeedaabir/lag-database-part1-uk/LAG_database_part1_UK/non_glaucoma/image/2339.jpg,Normal,5,train,8cc833b31ddc5731
T3_LAG,/kaggle/input/datasets/rayeedaabir/lag-database-part1-uk/LAG_database_part1_UK/non_glaucoma/image/2340.jpg,Normal,5,train,c1ff303843f73438
T3_LAG,/kaggle/input/datasets/rayeedaabir/lag-database-part1-uk/LAG_database_part1_UK/non_glaucoma/image/2344.jpg,Normal,5,train,d5a46d2d12d26a6d
T3_LAG,/kaggle/input/datasets/rayeedaabir/lag-database-part1-uk/LAG_database_part1_UK/non_glaucoma/image/2347.jpg,Normal,5,test,c74e303147c77d38
T3_LAG,/kaggle/input/datasets/rayeedaabir/lag-database-part1-uk/LAG_database_part1_UK/non_glaucoma/image/2354.jpg,Normal,5,train,d5f770d140930a5f
T3_LAG,/kaggle/input/datasets/rayeedaabir/lag-database-part1-uk/LAG_database_part1_UK/non_glaucoma/image/2358.jpg,Normal,5,train,c0da34ff00bf05f8
T3_LAG,/kaggle/input/datasets/rayeedaabir/lag-database-part1-uk/LAG_database_part1_UK/non_glaucoma/image/2361.jpg,Normal,5,train,ffc37c1cc1c07238
T3_LAG,/kaggle/input/datasets/rayeedaabir/lag-database-part1-uk/LAG_database_part1_UK/non_glaucoma/image/2364.jpg,Normal,5,train,d53f14d64ad90a66
T3_LAG,/kaggle/input/datasets/rayeedaabir/lag-database-part1-uk/LAG_database_part1_UK/non_glaucoma/image/2365.jpg,Normal,5,train,d56e72d948a302dd
T3_LAG,/kaggle/input/datasets/rayeedaabir/lag-database-part1-uk/LAG_database_part1_UK/non_glaucoma/image/2372.jpg,Normal,5,val,d5ff74d1408102f7
T3_LAG,/kaggle/input/datasets/rayeedaabir/lag-database-part1-uk/LAG_database_part1_UK/non_glaucoma/image/2375.jpg,Normal,5,train,dd6f32d948922275
T3_LAG,/kaggle/input/datasets/rayeedaabir/lag-database-part1-uk/LAG_database_part1_UK/non_glaucoma/image/2380.jpg,Normal,5,train,c7c73c1d42c7203f
T3_LAG,/kaggle/input/datasets/rayeedaabir/lag-database-part1-uk/LAG_database_part1_UK/non_glaucoma/image/2381.jpg,Normal,5,val,d52d553555f55045
T3_LAG,/kaggle/input/datasets/rayeedaabir/lag-database-part1-uk/LAG_database_part1_UK/non_glaucoma/image/2382.jpg,Normal,5,train,81c33c3c63c7343f
T3_LAG,/kaggle/input/datasets/rayeedaabir/lag-database-part1-uk/LAG_database_part1_UK/non_glaucoma/image/2384.jpg,Normal,5,test,95e56b4ab4954b49
T3_LAG,/kaggle/input/datasets/rayeedaabir/lag-database-part1-uk/LAG_database_part1_UK/non_glaucoma/image/2385.jpg,Normal,5,train,8787387947cf3039
T3_LAG,/kaggle/input/datasets/rayeedaabir/lag-database-part1-uk/LAG_database_part1_UK/non_glaucoma/image/2386.jpg,Normal,5,train,94fc419a12db4a3f
T3_LAG,/kaggle/input/datasets/rayeedaabir/lag-database-part1-uk/LAG_database_part1_UK/non_glaucoma/image/2387.jpg,Normal,5,test,9668652f17ba452b
T3_LAG,/kaggle/input/datasets/rayeedaabir/lag-database-part1-uk/LAG_database_part1_UK/non_glaucoma/image/2388.jpg,Normal,5,test,d13f76d348af0249
T3_LAG,/kaggle/input/datasets/rayeedaabir/lag-database-part1-uk/LAG_database_part1_UK/non_glaucoma/image/2389.jpg,Normal,5,train,916f459712db0a6d
T3_LAG,/kaggle/input/datasets/rayeedaabir/lag-database-part1-uk/LAG_database_part1_UK/non_glaucoma/image/2390.jpg,Normal,5,train,80d13f7f60e3305e
T3_LAG,/kaggle/input/datasets/rayeedaabir/lag-database-part1-uk/LAG_database_part1_UK/non_glaucoma/image/2391.jpg,Normal,5,train,d642696d37b27429
T3_LAG,/kaggle/input/datasets/rayeedaabir/lag-database-part1-uk/LAG_database_part1_UK/non_glaucoma/image/2392.jpg,Normal,5,test,d52a752d5695606d
T3_LAG,/kaggle/input/datasets/rayeedaabir/lag-database-part1-uk/LAG_database_part1_UK/non_glaucoma/image/2393.jpg,Normal,5,train,d4615d691572556d
T3_LAG,/kaggle/input/datasets/rayeedaabir/lag-database-part1-uk/LAG_database_part1_UK/non_glaucoma/image/2396.jpg,Normal,5,train,c1bf347a41e7141e
T3_LAG,/kaggle/input/datasets/rayeedaabir/lag-database-part1-uk/LAG_database_part1_UK/non_glaucoma/image/2398.jpg,Normal,5,test,d3473c3e40ef107c
T3_LAG,/kaggle/input/datasets/rayeedaabir/lag-database-part1-uk/LAG_database_part1_UK/non_glaucoma/image/2401.jpg,Normal,5,train,d72d653313e56c11
T3_LAG,/kaggle/input/datasets/rayeedaabir/lag-database-part1-uk/LAG_database_part1_UK/non_glaucoma/image/2402.jpg,Normal,5,val,c0e11f9f71e0609f
T3_LAG,/kaggle/input/datasets/rayeedaabir/lag-database-part1-uk/LAG_database_part1_UK/non_glaucoma/image/2404.jpg,Normal,5,train,946d659b12cd4aba
T3_LAG,/kaggle/input/datasets/rayeedaabir/lag-database-part1-uk/LAG_database_part1_UK/non_glaucoma/image/2406.jpg,Normal,5,train,9f8d7034cbd1388d
T3_LAG,/kaggle/input/datasets/rayeedaabir/lag-database-part1-uk/LAG_database_part1_UK/non_glaucoma/image/2407.jpg,Normal,5,train,d5a564353ad96266
T3_LAG,/kaggle/input/datasets/rayeedaabir/lag-database-part1-uk/LAG_database_part1_UK/non_glaucoma/image/2410.jpg,Normal,5,train,d3d4690f1d886de8
T3_LAG,/kaggle/input/datasets/rayeedaabir/lag-database-part1-uk/LAG_database_part1_UK/non_glaucoma/image/2411.jpg,Normal,5,train,8163308e47975f7a
T3_LAG,/kaggle/input/datasets/rayeedaabir/lag-database-part1-uk/LAG_database_part1_UK/non_glaucoma/image/2414.jpg,Normal,5,train,96d6690934966d6d
T3_LAG,/kaggle/input/datasets/rayeedaabir/lag-database-part1-uk/LAG_database_part1_UK/non_glaucoma/image/2415.jpg,Normal,5,train,c1d93c6661d93437
T3_LAG,/kaggle/input/datasets/rayeedaabir/lag-database-part1-uk/LAG_database_part1_UK/non_glaucoma/image/2416.jpg,Normal,5,train,c1433e7e60e1343f
T3_LAG,/kaggle/input/datasets/rayeedaabir/lag-database-part1-uk/LAG_database_part1_UK/non_glaucoma/image/2419.jpg,Normal,5,train,83c73c1cc3d33c3a
T3_LAG,/kaggle/input/datasets/rayeedaabir/lag-database-part1-uk/LAG_database_part1_UK/non_glaucoma/image/2420.jpg,Normal,5,test,d59b656d12916a65
T3_LAG,/kaggle/input/datasets/rayeedaabir/lag-database-part1-uk/LAG_database_part1_UK/non_glaucoma/image/2421.jpg,Normal,5,test,c1473c3e61c7833e
T3_LAG,/kaggle/input/datasets/rayeedaabir/lag-database-part1-uk/LAG_database_part1_UK/non_glaucoma/image/2422.jpg,Normal,5,train,96146b4b3e96964b
T3_LAG,/kaggle/input/datasets/rayeedaabir/lag-database-part1-uk/LAG_database_part1_UK/non_glaucoma/image/2423.jpg,Normal,5,train,859e10cf479c5d63
T3_LAG,/kaggle/input/datasets/rayeedaabir/lag-database-part1-uk/LAG_database_part1_UK/non_glaucoma/image/2427.jpg,Normal,5,train,c0bf307f01b7106f
T3_LAG,/kaggle/input/datasets/rayeedaabir/lag-database-part1-uk/LAG_database_part1_UK/non_glaucoma/image/2432.jpg,Normal,5,train,95cd4b64b5915a4e
T3_LAG,/kaggle/input/datasets/rayeedaabir/lag-database-part1-uk/LAG_database_part1_UK/non_glaucoma/image/2433.jpg,Normal,5,train,996726994996665d
T3_LAG,/kaggle/input/datasets/rayeedaabir/lag-database-part1-uk/LAG_database_part1_UK/non_glaucoma/image/2434.jpg,Normal,5,train,c1733c7e43c7303c
T3_LAG,/kaggle/input/datasets/rayeedaabir/lag-database-part1-uk/LAG_database_part1_UK/non_glaucoma/image/2435.jpg,Normal,5,train,c8953766ccd87323
T3_LAG,/kaggle/input/datasets/rayeedaabir/lag-database-part1-uk/LAG_database_part1_UK/non_glaucoma/image/2437.jpg,Normal,5,train,95a7545662ab0ade
T3_LAG,/kaggle/input/datasets/rayeedaabir/lag-database-part1-uk/LAG_database_part1_UK/non_glaucoma/image/2439.jpg,Normal,5,train,84aa21971fd55755
T3_LAG,/kaggle/input/datasets/rayeedaabir/lag-database-part1-uk/LAG_database_part1_UK/non_glaucoma/image/2440.jpg,Normal,5,test,c257381c61ef817b
T3_LAG,/kaggle/input/datasets/rayeedaabir/lag-database-part1-uk/LAG_database_part1_UK/non_glaucoma/image/2444.jpg,Normal,5,test,c17f307e01ef1178
T3_LAG,/kaggle/input/datasets/rayeedaabir/lag-database-part1-uk/LAG_database_part1_UK/non_glaucoma/image/2446.jpg,Normal,5,train,94d6691d16c86dce
T3_LAG,/kaggle/input/datasets/rayeedaabir/lag-database-part1-uk/LAG_database_part1_UK/non_glaucoma/image/2450.jpg,Normal,5,test,8ad2a94a96ca6d6b
T3_LAG,/kaggle/input/datasets/rayeedaabir/lag-database-part1-uk/LAG_database_part1_UK/non_glaucoma/image/2451.jpg,Normal,5,train,86d56a4ab5b4686b
T3_LAG,/kaggle/input/datasets/rayeedaabir/lag-database-part1-uk/LAG_database_part1_UK/non_glaucoma/image/2452.jpg,Normal,5,train,dffc3c39c0872033
T3_LAG,/kaggle/input/datasets/rayeedaabir/lag-database-part1-uk/LAG_database_part1_UK/non_glaucoma/image/2453.jpg,Normal,5,train,9585757d561562e4
T3_LAG,/kaggle/input/datasets/rayeedaabir/lag-database-part1-uk/LAG_database_part1_UK/non_glaucoma/image/2455.jpg,Normal,5,test,86cf383f40df007b
T3_LAG,/kaggle/input/datasets/rayeedaabir/lag-database-part1-uk/LAG_database_part1_UK/non_glaucoma/image/2456.jpg,Normal,5,train,c06f71c116f94b1e
T3_LAG,/kaggle/input/datasets/rayeedaabir/lag-database-part1-uk/LAG_database_part1_UK/non_glaucoma/image/2457.jpg,Normal,5,train,d669653d12256a37
T3_LAG,/kaggle/input/datasets/rayeedaabir/lag-database-part1-uk/LAG_database_part1_UK/non_glaucoma/image/2459.jpg,Normal,5,test,d583656d1792466d
T3_LAG,/kaggle/input/datasets/rayeedaabir/lag-database-part1-uk/LAG_database_part1_UK/non_glaucoma/image/2461.jpg,Normal,5,train,99ce266689997d2c
T3_LAG,/kaggle/input/datasets/rayeedaabir/lag-database-part1-uk/LAG_database_part1_UK/non_glaucoma/image/2462.jpg,Normal,5,val,c1793c6e61d4207f
T3_LAG,/kaggle/input/datasets/rayeedaabir/lag-database-part1-uk/LAG_database_part1_UK/non_glaucoma/image/2463.jpg,Normal,5,train,d5c6680b07fbf40c
T3_LAG,/kaggle/input/datasets/rayeedaabir/lag-database-part1-uk/LAG_database_part1_UK/non_glaucoma/image/2464.jpg,Normal,5,test,c0fa1f0f70f0113f
T3_LAG,/kaggle/input/datasets/rayeedaabir/lag-database-part1-uk/LAG_database_part1_UK/non_glaucoma/image/2465.jpg,Normal,5,test,96d2696916b6696c
T3_LAG,/kaggle/input/datasets/rayeedaabir/lag-database-part1-uk/LAG_database_part1_UK/non_glaucoma/image/2466.jpg,Normal,5,test,c0c8077f00fa1f3f
T3_LAG,/kaggle/input/datasets/rayeedaabir/lag-database-part1-uk/LAG_database_part1_UK/non_glaucoma/image/2470.jpg,Normal,5,val,c87f20fe00fb01be
T3_LAG,/kaggle/input/datasets/rayeedaabir/lag-database-part1-uk/LAG_database_part1_UK/non_glaucoma/image/2471.jpg,Normal,5,test,c07a1f8f24aa178f
T3_LAG,/kaggle/input/datasets/rayeedaabir/lag-database-part1-uk/LAG_database_part1_UK/non_glaucoma/image/2475.jpg,Normal,5,train,9966669919667699
T3_LAG,/kaggle/input/datasets/rayeedaabir/lag-database-part1-uk/LAG_database_part1_UK/non_glaucoma/image/2476.jpg,Normal,5,val,c0f0306e079d3f5b
T3_LAG,/kaggle/input/datasets/rayeedaabir/lag-database-part1-uk/LAG_database_part1_UK/non_glaucoma/image/2477.jpg,Normal,5,val,d16e66d948b30a57
T3_LAG,/kaggle/input/datasets/rayeedaabir/lag-database-part1-uk/LAG_database_part1_UK/non_glaucoma/image/2478.jpg,Normal,5,train,939964663b39594b
T3_LAG,/kaggle/input/datasets/rayeedaabir/lag-database-part1-uk/LAG_database_part1_UK/non_glaucoma/image/2480.jpg,Normal,5,val,d5a1751b17c56615
T3_LAG,/kaggle/input/datasets/rayeedaabir/lag-database-part1-uk/LAG_database_part1_UK/non_glaucoma/image/2482.jpg,Normal,5,train,8b4b692d17726d29
T3_LAG,/kaggle/input/datasets/rayeedaabir/lag-database-part1-uk/LAG_database_part1_UK/non_glaucoma/image/2485.jpg,Normal,5,val,c16834c757981f6b
T3_LAG,/kaggle/input/datasets/rayeedaabir/lag-database-part1-uk/LAG_database_part1_UK/non_glaucoma/image/2488.jpg,Normal,5,train,d53f70d940c702eb
T3_LAG,/kaggle/input/datasets/rayeedaabir/lag-database-part1-uk/LAG_database_part1_UK/non_glaucoma/image/2490.jpg,Normal,5,val,d52d75a95591544d
T3_LAG,/kaggle/input/datasets/rayeedaabir/lag-database-part1-uk/LAG_database_part1_UK/non_glaucoma/image/2491.jpg,Normal,5,train,d567369c48a70a73
T3_LAG,/kaggle/input/datasets/rayeedaabir/lag-database-part1-uk/LAG_database_part1_UK/non_glaucoma/image/2492.jpg,Normal,5,train,8c2975d554ce3a33
T3_LAG,/kaggle/input/datasets/rayeedaabir/lag-database-part1-uk/LAG_database_part1_UK/non_glaucoma/image/2493.jpg,Normal,5,test,d32568971aec619b
T3_LAG,/kaggle/input/datasets/rayeedaabir/lag-database-part1-uk/LAG_database_part1_UK/non_glaucoma/image/2496.jpg,Normal,5,train,c3603cc747983e3b
T3_LAG,/kaggle/input/datasets/rayeedaabir/lag-database-part1-uk/LAG_database_part1_UK/non_glaucoma/image/2497.jpg,Normal,5,train,c0da3e3f60e3143e
T3_LAG,/kaggle/input/datasets/rayeedaabir/lag-database-part1-uk/LAG_database_part1_UK/non_glaucoma/image/2498.jpg,Normal,5,train,84c963861f865f73
T3_LAG,/kaggle/input/datasets/rayeedaabir/lag-database-part1-uk/LAG_database_part1_UK/non_glaucoma/image/2501.jpg,Normal,5,train,d7c26d691692646d
T3_LAG,/kaggle/input/datasets/rayeedaabir/lag-database-part1-uk/LAG_database_part1_UK/non_glaucoma/image/2502.jpg,Normal,5,train,956a4abd33cc4a35
T3_LAG,/kaggle/input/datasets/rayeedaabir/lag-database-part1-uk/LAG_database_part1_UK/non_glaucoma/image/2510.jpg,Normal,5,test,c0601f8f60f89e9f
T3_LAG,/kaggle/input/datasets/rayeedaabir/lag-database-part1-uk/LAG_database_part1_UK/non_glaucoma/image/2512.jpg,Normal,5,val,94c4696d36b4694f
T3_LAG,/kaggle/input/datasets/rayeedaabir/lag-database-part1-uk/LAG_database_part1_UK/non_glaucoma/image/2513.jpg,Normal,5,train,85b130c7479c5c5f
T3_LAG,/kaggle/input/datasets/rayeedaabir/lag-database-part1-uk/LAG_database_part1_UK/non_glaucoma/image/2514.jpg,Normal,5,train,c3c33c3c62c3af38
T3_LAG,/kaggle/input/datasets/rayeedaabir/lag-database-part1-uk/LAG_database_part1_UK/non_glaucoma/image/2522.jpg,Normal,5,val,873030ef47807f6b
T3_LAG,/kaggle/input/datasets/rayeedaabir/lag-database-part1-uk/LAG_database_part1_UK/non_glaucoma/image/2526.jpg,Normal,5,train,94b565d512de4a9a
T3_LAG,/kaggle/input/datasets/rayeedaabir/lag-database-part1-uk/LAG_database_part1_UK/non_glaucoma/image/2527.jpg,Normal,5,val,9585759d55d55445
T3_LAG,/kaggle/input/datasets/rayeedaabir/lag-database-part1-uk/LAG_database_part1_UK/non_glaucoma/image/2529.jpg,Normal,5,train,96d1694a17b2696b
T3_LAG,/kaggle/input/datasets/rayeedaabir/lag-database-part1-uk/LAG_database_part1_UK/non_glaucoma/image/2530.jpg,Normal,5,val,d5e8550d56f16865
T3_LAG,/kaggle/input/datasets/rayeedaabir/lag-database-part1-uk/LAG_database_part1_UK/non_glaucoma/image/2532.jpg,Normal,5,test,96b2692d96b24d4d
T3_LAG,/kaggle/input/datasets/rayeedaabir/lag-database-part1-uk/LAG_database_part1_UK/non_glaucoma/image/2534.jpg,Normal,5,train,956b42b522cf4a37
T3_LAG,/kaggle/input/datasets/rayeedaabir/lag-database-part1-uk/LAG_database_part1_UK/non_glaucoma/image/2536.jpg,Normal,5,val,c02b15e415995f77
T3_LAG,/kaggle/input/datasets/rayeedaabir/lag-database-part1-uk/LAG_database_part1_UK/non_glaucoma/image/2537.jpg,Normal,5,train,d96636c942a74ad3
T3_LAG,/kaggle/input/datasets/rayeedaabir/lag-database-part1-uk/LAG_database_part1_UK/non_glaucoma/image/2538.jpg,Normal,5,train,d5f465cd16d47025
T3_LAG,/kaggle/input/datasets/rayeedaabir/lag-database-part1-uk/LAG_database_part1_UK/non_glaucoma/image/2543.jpg,Normal,5,train,c173347e01ef943c
T3_LAG,/kaggle/input/datasets/rayeedaabir/lag-database-part1-uk/LAG_database_part1_UK/non_glaucoma/image/2544.jpg,Normal,5,val,c1c7003d07cf1f3d
T3_LAG,/kaggle/input/datasets/rayeedaabir/lag-database-part1-uk/LAG_database_part1_UK/non_glaucoma/image/2546.jpg,Normal,5,train,946d459312cf4a7b
T3_LAG,/kaggle/input/datasets/rayeedaabir/lag-database-part1-uk/LAG_database_part1_UK/non_glaucoma/image/2548.jpg,Normal,5,train,944b678d158c571f
T3_LAG,/kaggle/input/datasets/rayeedaabir/lag-database-part1-uk/LAG_database_part1_UK/non_glaucoma/image/2550.jpg,Normal,5,test,94d46b5b3595634a
T3_LAG,/kaggle/input/datasets/rayeedaabir/lag-database-part1-uk/LAG_database_part1_UK/non_glaucoma/image/2552.jpg,Normal,5,train,88c327851d97779c
T3_LAG,/kaggle/input/datasets/rayeedaabir/lag-database-part1-uk/LAG_database_part1_UK/non_glaucoma/image/2554.jpg,Normal,5,val,c1c93e3f60b380be
T3_LAG,/kaggle/input/datasets/rayeedaabir/lag-database-part1-uk/LAG_database_part1_UK/non_glaucoma/image/2555.jpg,Normal,5,test,d59771691594d44d
T3_LAG,/kaggle/input/datasets/rayeedaabir/lag-database-part1-uk/LAG_database_part1_UK/non_glaucoma/image/2557.jpg,Normal,5,val,d5a3545429ab5756
T3_LAG,/kaggle/input/datasets/rayeedaabir/lag-database-part1-uk/LAG_database_part1_UK/non_glaucoma/image/2558.jpg,Normal,5,train,952945cd56b54a6d
T3_LAG,/kaggle/input/datasets/rayeedaabir/lag-database-part1-uk/LAG_database_part1_UK/non_glaucoma/image/2561.jpg,Normal,5,train,c0da3e3f40ff00ce
T3_LAG,/kaggle/input/datasets/rayeedaabir/lag-database-part1-uk/LAG_database_part1_UK/non_glaucoma/image/2563.jpg,Normal,5,test,d5ff76d248892243
T3_LAG,/kaggle/input/datasets/rayeedaabir/lag-database-part1-uk/LAG_database_part1_UK/non_glaucoma/image/2564.jpg,Normal,5,test,dc2e33d948a72279
T3_LAG,/kaggle/input/datasets/rayeedaabir/lag-database-part1-uk/LAG_database_part1_UK/non_glaucoma/image/2565.jpg,Normal,5,train,95e5553556954a2d
T3_LAG,/kaggle/input/datasets/rayeedaabir/lag-database-part1-uk/LAG_database_part1_UK/non_glaucoma/image/2567.jpg,Normal,5,train,9529555e54bd2ac5
T3_LAG,/kaggle/input/datasets/rayeedaabir/lag-database-part1-uk/LAG_database_part1_UK/non_glaucoma/image/2570.jpg,Normal,5,test,87c67838c7c76a38
T3_LAG,/kaggle/input/datasets/rayeedaabir/lag-database-part1-uk/LAG_database_part1_UK/non_glaucoma/image/2572.jpg,Normal,5,train,961a656f96b2494d
T3_LAG,/kaggle/input/datasets/rayeedaabir/lag-database-part1-uk/LAG_database_part1_UK/non_glaucoma/image/2573.jpg,Normal,5,train,8797694b16b4654d
T3_LAG,/kaggle/input/datasets/rayeedaabir/lag-database-part1-uk/LAG_database_part1_UK/non_glaucoma/image/2576.jpg,Normal,5,train,838a3c67c395bcd1
T3_LAG,/kaggle/input/datasets/rayeedaabir/lag-database-part1-uk/LAG_database_part1_UK/non_glaucoma/image/2578.jpg,Normal,5,train,c01f395f027f207e
T3_LAG,/kaggle/input/datasets/rayeedaabir/lag-database-part1-uk/LAG_database_part1_UK/non_glaucoma/image/2580.jpg,Normal,5,train,94e765dd12d20a6e
T3_LAG,/kaggle/input/datasets/rayeedaabir/lag-database-part1-uk/LAG_database_part1_UK/non_glaucoma/image/2581.jpg,Normal,5,test,ddec72f348910267
T3_LAG,/kaggle/input/datasets/rayeedaabir/lag-database-part1-uk/LAG_database_part1_UK/non_glaucoma/image/2585.jpg,Normal,5,train,c7843d9dc28f3c38
T3_LAG,/kaggle/input/datasets/rayeedaabir/lag-database-part1-uk/LAG_database_part1_UK/non_glaucoma/image/2586.jpg,Normal,5,train,d54a7529572d7225
T3_LAG,/kaggle/input/datasets/rayeedaabir/lag-database-part1-uk/LAG_database_part1_UK/non_glaucoma/image/2587.jpg,Normal,5,train,d58865ed56946a65
T3_LAG,/kaggle/input/datasets/rayeedaabir/lag-database-part1-uk/LAG_database_part1_UK/non_glaucoma/image/2591.jpg,Normal,5,train,c0f13d2a5237387e
T3_LAG,/kaggle/input/datasets/rayeedaabir/lag-database-part1-uk/LAG_database_part1_UK/non_glaucoma/image/2592.jpg,Normal,5,train,8462458717975f3e
T3_LAG,/kaggle/input/datasets/rayeedaabir/lag-database-part1-uk/LAG_database_part1_UK/non_glaucoma/image/2593.jpg,Normal,5,train,c05f3cf260be02eb
T3_LAG,/kaggle/input/datasets/rayeedaabir/lag-database-part1-uk/LAG_database_part1_UK/non_glaucoma/image/2595.jpg,Normal,5,val,956e52b321cf4a71
T3_LAG,/kaggle/input/datasets/rayeedaabir/lag-database-part1-uk/LAG_database_part1_UK/non_glaucoma/image/2600.jpg,Normal,5,train,966d699616c96a36
T3_LAG,/kaggle/input/datasets/rayeedaabir/lag-database-part1-uk/LAG_database_part1_UK/non_glaucoma/image/2602.jpg,Normal,5,train,87e330c1478e5779
T3_LAG,/kaggle/input/datasets/rayeedaabir/lag-database-part1-uk/LAG_database_part1_UK/non_glaucoma/image/2603.jpg,Normal,5,test,857334c847961f79
T3_LAG,/kaggle/input/datasets/rayeedaabir/lag-database-part1-uk/LAG_database_part1_UK/non_glaucoma/image/2604.jpg,Normal,5,train,d63a6d691692626d
T3_LAG,/kaggle/input/datasets/rayeedaabir/lag-database-part1-uk/LAG_database_part1_UK/non_glaucoma/image/2609.jpg,Normal,5,test,d6d0656d5696720d
T3_LAG,/kaggle/input/datasets/rayeedaabir/lag-database-part1-uk/LAG_database_part1_UK/non_glaucoma/image/2611.jpg,Normal,5,train,d5646d3756d1640d
T3_LAG,/kaggle/input/datasets/rayeedaabir/lag-database-part1-uk/LAG_database_part1_UK/non_glaucoma/image/2613.jpg,Normal,5,train,d5d2690d16b6652d
T3_LAG,/kaggle/input/datasets/rayeedaabir/lag-database-part1-uk/LAG_database_part1_UK/non_glaucoma/image/2617.jpg,Normal,5,train,902d659312cf4bbe
T3_LAG,/kaggle/input/datasets/rayeedaabir/lag-database-part1-uk/LAG_database_part1_UK/non_glaucoma/image/2619.jpg,Normal,5,val,c3ff3c7841c3203e
T3_LAG,/kaggle/input/datasets/rayeedaabir/lag-database-part1-uk/LAG_database_part1_UK/non_glaucoma/image/2625.jpg,Normal,5,val,96d5694a96966969
T3_LAG,/kaggle/input/datasets/rayeedaabir/lag-database-part1-uk/LAG_database_part1_UK/non_glaucoma/image/2629.jpg,Normal,5,train,c1631c9c57c75738
T3_LAG,/kaggle/input/datasets/rayeedaabir/lag-database-part1-uk/LAG_database_part1_UK/non_glaucoma/image/2630.jpg,Normal,5,train,85c114cf47975f49
T3_LAG,/kaggle/input/datasets/rayeedaabir/lag-database-part1-uk/LAG_database_part1_UK/non_glaucoma/image/2631.jpg,Normal,5,train,80f53c5e4ad33c3a
T3_LAG,/kaggle/input/datasets/rayeedaabir/lag-database-part1-uk/LAG_database_part1_UK/non_glaucoma/image/2633.jpg,Normal,5,train,81d31c7e41e3853f
T3_LAG,/kaggle/input/datasets/rayeedaabir/lag-database-part1-uk/LAG_database_part1_UK/non_glaucoma/image/2634.jpg,Normal,5,train,d5b554d45535c6c2
T3_LAG,/kaggle/input/datasets/rayeedaabir/lag-database-part1-uk/LAG_database_part1_UK/non_glaucoma/image/2635.jpg,Normal,5,train,c2873c1f42bb247e
T3_LAG,/kaggle/input/datasets/rayeedaabir/lag-database-part1-uk/LAG_database_part1_UK/non_glaucoma/image/2636.jpg,Normal,5,val,8449678e1dcc7733
T3_LAG,/kaggle/input/datasets/rayeedaabir/lag-database-part1-uk/LAG_database_part1_UK/non_glaucoma/image/2637.jpg,Normal,5,test,c0691fa470931f3f
T3_LAG,/kaggle/input/datasets/rayeedaabir/lag-database-part1-uk/LAG_database_part1_UK/non_glaucoma/image/2640.jpg,Normal,5,train,99d832e7ccbc66a0
T3_LAG,/kaggle/input/datasets/rayeedaabir/lag-database-part1-uk/LAG_database_part1_UK/non_glaucoma/image/2642.jpg,Normal,5,test,c20f307d46ef007f
T3_LAG,/kaggle/input/datasets/rayeedaabir/lag-database-part1-uk/LAG_database_part1_UK/non_glaucoma/image/2644.jpg,Normal,5,test,d53d41bb54955349
T3_LAG,/kaggle/input/datasets/rayeedaabir/lag-database-part1-uk/LAG_database_part1_UK/non_glaucoma/image/2645.jpg,Normal,5,train,c37030e747985f4b
T3_LAG,/kaggle/input/datasets/rayeedaabir/lag-database-part1-uk/LAG_database_part1_UK/non_glaucoma/image/2646.jpg,Normal,5,train,95e5553552756a26
T3_LAG,/kaggle/input/datasets/rayeedaabir/lag-database-part1-uk/LAG_database_part1_UK/non_glaucoma/image/2647.jpg,Normal,5,train,c57110c447875f7b
T3_LAG,/kaggle/input/datasets/rayeedaabir/lag-database-part1-uk/LAG_database_part1_UK/non_glaucoma/image/2649.jpg,Normal,5,train,96b4696b96b26169
T3_LAG,/kaggle/input/datasets/rayeedaabir/lag-database-part1-uk/LAG_database_part1_UK/non_glaucoma/image/2650.jpg,Normal,5,val,c37934c947873e38
T3_LAG,/kaggle/input/datasets/rayeedaabir/lag-database-part1-uk/LAG_database_part1_UK/non_glaucoma/image/2654.jpg,Normal,5,train,8181158757975f5e
T3_LAG,/kaggle/input/datasets/rayeedaabir/lag-database-part1-uk/LAG_database_part1_UK/non_glaucoma/image/2656.jpg,Normal,5,train,96f1694817926d6d
T3_LAG,/kaggle/input/datasets/rayeedaabir/lag-database-part1-uk/LAG_database_part1_UK/non_glaucoma/image/2658.jpg,Normal,5,train,c09f017e20ff05fa
T3_LAG,/kaggle/input/datasets/rayeedaabir/lag-database-part1-uk/LAG_database_part1_UK/non_glaucoma/image/2660.jpg,Normal,5,train,c06f3c3f00e7117e
T3_LAG,/kaggle/input/datasets/rayeedaabir/lag-database-part1-uk/LAG_database_part1_UK/non_glaucoma/image/2662.jpg,Normal,5,train,c0de1c7f01b7107b
T3_LAG,/kaggle/input/datasets/rayeedaabir/lag-database-part1-uk/LAG_database_part1_UK/non_glaucoma/image/2663.jpg,Normal,5,val,c05e1c6f60bf107b
T3_LAG,/kaggle/input/datasets/rayeedaabir/lag-database-part1-uk/LAG_database_part1_UK/non_glaucoma/image/2664.jpg,Normal,5,train,d2d26d6d1692526d
T3_LAG,/kaggle/input/datasets/rayeedaabir/lag-database-part1-uk/LAG_database_part1_UK/non_glaucoma/image/2665.jpg,Normal,5,test,94ee61d512924b6f
T3_LAG,/kaggle/input/datasets/rayeedaabir/lag-database-part1-uk/LAG_database_part1_UK/non_glaucoma/image/2667.jpg,Normal,5,train,d59564743a9a686e
T3_LAG,/kaggle/input/datasets/rayeedaabir/lag-database-part1-uk/LAG_database_part1_UK/non_glaucoma/image/2669.jpg,Normal,5,test,93d46d5a126c6d95
T3_LAG,/kaggle/input/datasets/rayeedaabir/lag-database-part1-uk/LAG_database_part1_UK/non_glaucoma/image/2670.jpg,Normal,5,train,c0e33d1d62c3273b
T3_LAG,/kaggle/input/datasets/rayeedaabir/lag-database-part1-uk/LAG_database_part1_UK/non_glaucoma/image/2672.jpg,Normal,5,train,d46333dd4196265d
T3_LAG,/kaggle/input/datasets/rayeedaabir/lag-database-part1-uk/LAG_database_part1_UK/non_glaucoma/image/2673.jpg,Normal,5,test,86c7395c46df3119
T3_LAG,/kaggle/input/datasets/rayeedaabir/lag-database-part1-uk/LAG_database_part1_UK/non_glaucoma/image/2676.jpg,Normal,5,test,88ed66f699aa22e1
T3_LAG,/kaggle/input/datasets/rayeedaabir/lag-database-part1-uk/LAG_database_part1_UK/non_glaucoma/image/2677.jpg,Normal,5,train,c3ff303e80ef007c
T3_LAG,/kaggle/input/datasets/rayeedaabir/lag-database-part1-uk/LAG_database_part1_UK/non_glaucoma/image/2678.jpg,Normal,5,val,94d46a6a37b76446
T3_LAG,/kaggle/input/datasets/rayeedaabir/lag-database-part1-uk/LAG_database_part1_UK/non_glaucoma/image/2679.jpg,Normal,5,train,c17c14e247861f7b
T3_LAG,/kaggle/input/datasets/rayeedaabir/lag-database-part1-uk/LAG_database_part1_UK/non_glaucoma/image/2680.jpg,Normal,5,train,c2d13d6e43863c3b
T3_LAG,/kaggle/input/datasets/rayeedaabir/lag-database-part1-uk/LAG_database_part1_UK/non_glaucoma/image/2681.jpg,Normal,5,test,c25d3c07e33d3946
T3_LAG,/kaggle/input/datasets/rayeedaabir/lag-database-part1-uk/LAG_database_part1_UK/non_glaucoma/image/2682.jpg,Normal,5,train,c17f107f01f3053e
T3_LAG,/kaggle/input/datasets/rayeedaabir/lag-database-part1-uk/LAG_database_part1_UK/non_glaucoma/image/2685.jpg,Normal,5,val,80ce1e3d60f916fc
T3_LAG,/kaggle/input/datasets/rayeedaabir/lag-database-part1-uk/LAG_database_part1_UK/non_glaucoma/image/2688.jpg,Normal,5,test,86c3391c46f33976
T3_LAG,/kaggle/input/datasets/rayeedaabir/lag-database-part1-uk/LAG_database_part1_UK/non_glaucoma/image/2689.jpg,Normal,5,train,9494696b37965369
T3_LAG,/kaggle/input/datasets/rayeedaabir/lag-database-part1-uk/LAG_database_part1_UK/non_glaucoma/image/2690.jpg,Normal,5,test,c7c73c3c52c7403d
T3_LAG,/kaggle/input/datasets/rayeedaabir/lag-database-part1-uk/LAG_database_part1_UK/non_glaucoma/image/2691.jpg,Normal,5,train,853b15c057ce5f38
T3_LAG,/kaggle/input/datasets/rayeedaabir/lag-database-part1-uk/LAG_database_part1_UK/non_glaucoma/image/2692.jpg,Normal,5,val,c1363e61619e3e63
T3_LAG,/kaggle/input/datasets/rayeedaabir/lag-database-part1-uk/LAG_database_part1_UK/non_glaucoma/image/2697.jpg,Normal,5,train,d96e369949a322dc
T3_LAG,/kaggle/input/datasets/rayeedaabir/lag-database-part1-uk/LAG_database_part1_UK/non_glaucoma/image/2700.jpg,Normal,5,train,c3c73c1f43993c38
T3_LAG,/kaggle/input/datasets/rayeedaabir/lag-database-part1-uk/LAG_database_part1_UK/non_glaucoma/image/2701.jpg,Normal,5,train,91e967851d8d5732
T3_LAG,/kaggle/input/datasets/rayeedaabir/lag-database-part1-uk/LAG_database_part1_UK/non_glaucoma/image/2702.jpg,Normal,5,train,c1c1143c57e15f1f
T3_LAG,/kaggle/input/datasets/rayeedaabir/lag-database-part1-uk/LAG_database_part1_UK/non_glaucoma/image/2707.jpg,Normal,5,test,886a259d15f7552e
T3_LAG,/kaggle/input/datasets/rayeedaabir/lag-database-part1-uk/LAG_database_part1_UK/non_glaucoma/image/2708.jpg,Normal,5,train,88e067a31d9c7733
T3_LAG,/kaggle/input/datasets/rayeedaabir/lag-database-part1-uk/LAG_database_part1_UK/non_glaucoma/image/2710.jpg,Normal,5,train,d5e9752556c57205
T3_LAG,/kaggle/input/datasets/rayeedaabir/lag-database-part1-uk/LAG_database_part1_UK/non_glaucoma/image/2712.jpg,Normal,5,val,c3873c3963e7b038
T3_LAG,/kaggle/input/datasets/rayeedaabir/lag-database-part1-uk/LAG_database_part1_UK/non_glaucoma/image/2714.jpg,Normal,5,train,c2413f03e11ebe75
T3_LAG,/kaggle/input/datasets/rayeedaabir/lag-database-part1-uk/LAG_database_part1_UK/non_glaucoma/image/2717.jpg,Normal,5,train,d47c138b036df0f4
T3_LAG,/kaggle/input/datasets/rayeedaabir/lag-database-part1-uk/LAG_database_part1_UK/non_glaucoma/image/2718.jpg,Normal,5,train,85c25a2d257a5f87
T3_LAG,/kaggle/input/datasets/rayeedaabir/lag-database-part1-uk/LAG_database_part1_UK/non_glaucoma/image/2720.jpg,Normal,5,train,c37b3c3e00e3907e
T3_LAG,/kaggle/input/datasets/rayeedaabir/lag-database-part1-uk/LAG_database_part1_UK/non_glaucoma/image/2721.jpg,Normal,5,train,9785659516d66a65
T3_LAG,/kaggle/input/datasets/rayeedaabir/lag-database-part1-uk/LAG_database_part1_UK/non_glaucoma/image/2724.jpg,Normal,5,train,99ed545539a95455
T3_LAG,/kaggle/input/datasets/rayeedaabir/lag-database-part1-uk/LAG_database_part1_UK/non_glaucoma/image/2725.jpg,Normal,5,train,c13f30f847c31f4c
T3_LAG,/kaggle/input/datasets/rayeedaabir/lag-database-part1-uk/LAG_database_part1_UK/non_glaucoma/image/2727.jpg,Normal,5,train,8c6b638c1c97731d
T3_LAG,/kaggle/input/datasets/rayeedaabir/lag-database-part1-uk/LAG_database_part1_UK/non_glaucoma/image/2728.jpg,Normal,5,test,88a327855dd57715
T3_LAG,/kaggle/input/datasets/rayeedaabir/lag-database-part1-uk/LAG_database_part1_UK/non_glaucoma/image/2730.jpg,Normal,5,train,c1d03c6e79a93539
T3_LAG,/kaggle/input/datasets/rayeedaabir/lag-database-part1-uk/LAG_database_part1_UK/non_glaucoma/image/2731.jpg,Normal,5,train,946f6b9532c64a36
T3_LAG,/kaggle/input/datasets/rayeedaabir/lag-database-part1-uk/LAG_database_part1_UK/non_glaucoma/image/2732.jpg,Normal,5,train,81f9108147975f5f
T3_LAG,/kaggle/input/datasets/rayeedaabir/lag-database-part1-uk/LAG_database_part1_UK/non_glaucoma/image/2734.jpg,Normal,5,val,ce933079c44f307b
T3_LAG,/kaggle/input/datasets/rayeedaabir/lag-database-part1-uk/LAG_database_part1_UK/non_glaucoma/image/2737.jpg,Normal,5,test,965e696017ba692d
T3_LAG,/kaggle/input/datasets/rayeedaabir/lag-database-part1-uk/LAG_database_part1_UK/non_glaucoma/image/2739.jpg,Normal,5,val,95c46a6b35b44b4b
T3_LAG,/kaggle/input/datasets/rayeedaabir/lag-database-part1-uk/LAG_database_part1_UK/non_glaucoma/image/2740.jpg,Normal,5,train,c15f303e81fb017e
T3_LAG,/kaggle/input/datasets/rayeedaabir/lag-database-part1-uk/LAG_database_part1_UK/non_glaucoma/image/2741.jpg,Normal,5,train,c1633cbf41c9383d
T3_LAG,/kaggle/input/datasets/rayeedaabir/lag-database-part1-uk/LAG_database_part1_UK/non_glaucoma/image/2743.jpg,Normal,5,val,c7c638394693387b
T3_LAG,/kaggle/input/datasets/rayeedaabir/lag-database-part1-uk/LAG_database_part1_UK/non_glaucoma/image/2744.jpg,Normal,5,train,c7b039c638ccce39
T3_LAG,/kaggle/input/datasets/rayeedaabir/lag-database-part1-uk/LAG_database_part1_UK/non_glaucoma/image/2746.jpg,Normal,5,test,85a5318c47c77f19
T3_LAG,/kaggle/input/datasets/rayeedaabir/lag-database-part1-uk/LAG_database_part1_UK/non_glaucoma/image/2748.jpg,Normal,5,val,8063679c15d65f0f
T3_LAG,/kaggle/input/datasets/rayeedaabir/lag-database-part1-uk/LAG_database_part1_UK/non_glaucoma/image/2751.jpg,Normal,5,val,c0d53e3f60e6383c
T3_LAG,/kaggle/input/datasets/rayeedaabir/lag-database-part1-uk/LAG_database_part1_UK/non_glaucoma/image/2752.jpg,Normal,5,test,8c1763ec1d737708
T3_LAG,/kaggle/input/datasets/rayeedaabir/lag-database-part1-uk/LAG_database_part1_UK/non_glaucoma/image/2753.jpg,Normal,5,train,d16f36d949a60a4b
T3_LAG,/kaggle/input/datasets/rayeedaabir/lag-database-part1-uk/LAG_database_part1_UK/non_glaucoma/image/2757.jpg,Normal,5,train,c0543e4f68b73879
T3_LAG,/kaggle/input/datasets/rayeedaabir/lag-database-part1-uk/LAG_database_part1_UK/non_glaucoma/image/2758.jpg,Normal,5,train,d5b54a742ad64b58
T3_LAG,/kaggle/input/datasets/rayeedaabir/lag-database-part1-uk/LAG_database_part1_UK/non_glaucoma/image/2759.jpg,Normal,5,test,c06a178645a95f3f
T3_LAG,/kaggle/input/datasets/rayeedaabir/lag-database-part1-uk/LAG_database_part1_UK/non_glaucoma/image/2761.jpg,Normal,5,train,86c33c3f46c72978
T3_LAG,/kaggle/input/datasets/rayeedaabir/lag-database-part1-uk/LAG_database_part1_UK/non_glaucoma/image/2763.jpg,Normal,5,train,c3c33c3e48c7193e
T3_LAG,/kaggle/input/datasets/rayeedaabir/lag-database-part1-uk/LAG_database_part1_UK/non_glaucoma/image/2765.jpg,Normal,5,train,c9f220820f9d7f33
T3_LAG,/kaggle/input/datasets/rayeedaabir/lag-database-part1-uk/LAG_database_part1_UK/non_glaucoma/image/2766.jpg,Normal,5,train,946f619632cb0b3e
T3_LAG,/kaggle/input/datasets/rayeedaabir/lag-database-part1-uk/LAG_database_part1_UK/non_glaucoma/image/2767.jpg,Normal,5,test,877c30a347971c6b
T3_LAG,/kaggle/input/datasets/rayeedaabir/lag-database-part1-uk/LAG_database_part1_UK/non_glaucoma/image/2770.jpg,Normal,5,train,916267891ddd5723
T3_LAG,/kaggle/input/datasets/rayeedaabir/lag-database-part1-uk/LAG_database_part1_UK/non_glaucoma/image/2773.jpg,Normal,5,train,d7c73c38c2e72039
T3_LAG,/kaggle/input/datasets/rayeedaabir/lag-database-part1-uk/LAG_database_part1_UK/non_glaucoma/image/2775.jpg,Normal,5,train,906f65b512966a6d
T3_LAG,/kaggle/input/datasets/rayeedaabir/lag-database-part1-uk/LAG_database_part1_UK/non_glaucoma/image/2776.jpg,Normal,5,val,d5526d08557a752d
T3_LAG,/kaggle/input/datasets/rayeedaabir/lag-database-part1-uk/LAG_database_part1_UK/non_glaucoma/image/2777.jpg,Normal,5,train,d4e969a516b2694d
T3_LAG,/kaggle/input/datasets/rayeedaabir/lag-database-part1-uk/LAG_database_part1_UK/non_glaucoma/image/2779.jpg,Normal,5,train,94d4694936b66b69
T3_LAG,/kaggle/input/datasets/rayeedaabir/lag-database-part1-uk/LAG_database_part1_UK/non_glaucoma/image/2780.jpg,Normal,5,train,80f73c4f41943c7b
T3_LAG,/kaggle/input/datasets/rayeedaabir/lag-database-part1-uk/LAG_database_part1_UK/non_glaucoma/image/2781.jpg,Normal,5,train,96e4493b3690696f
T3_LAG,/kaggle/input/datasets/rayeedaabir/lag-database-part1-uk/LAG_database_part1_UK/non_glaucoma/image/2782.jpg,Normal,5,test,c15f347e41e3156c
T3_LAG,/kaggle/input/datasets/rayeedaabir/lag-database-part1-uk/LAG_database_part1_UK/non_glaucoma/image/2786.jpg,Normal,5,train,897766d91d227788
T3_LAG,/kaggle/input/datasets/rayeedaabir/lag-database-part1-uk/LAG_database_part1_UK/non_glaucoma/image/2789.jpg,Normal,5,val,c3c73c1f51c3243e
T3_LAG,/kaggle/input/datasets/rayeedaabir/lag-database-part1-uk/LAG_database_part1_UK/non_glaucoma/image/2792.jpg,Normal,5,train,cccc51b373c6cc8c
T3_LAG,/kaggle/input/datasets/rayeedaabir/lag-database-part1-uk/LAG_database_part1_UK/non_glaucoma/image/2793.jpg,Normal,5,train,8c6963961d975713
T3_LAG,/kaggle/input/datasets/rayeedaabir/lag-database-part1-uk/LAG_database_part1_UK/non_glaucoma/image/2794.jpg,Normal,5,train,84ce98b930c7c7c7
T3_LAG,/kaggle/input/datasets/rayeedaabir/lag-database-part1-uk/LAG_database_part1_UK/non_glaucoma/image/2800.jpg,Normal,5,train,904b67391d8e7713
T3_LAG,/kaggle/input/datasets/rayeedaabir/lag-database-part1-uk/LAG_database_part1_UK/non_glaucoma/image/2803.jpg,Normal,5,val,c0f03eef2891163f
T3_LAG,/kaggle/input/datasets/rayeedaabir/lag-database-part1-uk/LAG_database_part1_UK/non_glaucoma/image/2805.jpg,Normal,5,train,c0de157b01e6153f
T3_LAG,/kaggle/input/datasets/rayeedaabir/lag-database-part1-uk/LAG_database_part1_UK/non_glaucoma/image/2806.jpg,Normal,5,train,806967b11ddd5713
T3_LAG,/kaggle/input/datasets/rayeedaabir/lag-database-part1-uk/LAG_database_part1_UK/non_glaucoma/image/2811.jpg,Normal,5,test,94f7459312cf0a3d
T3_LAG,/kaggle/input/datasets/rayeedaabir/lag-database-part1-uk/LAG_database_part1_UK/non_glaucoma/image/2812.jpg,Normal,5,train,9495696a15b6556b
T3_LAG,/kaggle/input/datasets/rayeedaabir/lag-database-part1-uk/LAG_database_part1_UK/non_glaucoma/image/2813.jpg,Normal,5,train,c0e21f2f70901f3f
T3_LAG,/kaggle/input/datasets/rayeedaabir/lag-database-part1-uk/LAG_database_part1_UK/non_glaucoma/image/2815.jpg,Normal,5,train,845f3133ce6e2179
T3_LAG,/kaggle/input/datasets/rayeedaabir/lag-database-part1-uk/LAG_database_part1_UK/non_glaucoma/image/2816.jpg,Normal,5,train,926765d512926d6d
T3_LAG,/kaggle/input/datasets/rayeedaabir/lag-database-part1-uk/LAG_database_part1_UK/non_glaucoma/image/2817.jpg,Normal,5,test,c1f41e2e61b8177c
T3_LAG,/kaggle/input/datasets/rayeedaabir/lag-database-part1-uk/LAG_database_part1_UK/non_glaucoma/image/2819.jpg,Normal,5,train,95a57595d7c56490
T3_LAG,/kaggle/input/datasets/rayeedaabir/lag-database-part1-uk/LAG_database_part1_UK/non_glaucoma/image/2822.jpg,Normal,5,train,8c6067831dce7735
T3_LAG,/kaggle/input/datasets/rayeedaabir/lag-database-part1-uk/LAG_database_part1_UK/non_glaucoma/image/2825.jpg,Normal,5,train,87c73c384acf487a
T3_LAG,/kaggle/input/datasets/rayeedaabir/lag-database-part1-uk/LAG_database_part1_UK/non_glaucoma/image/2827.jpg,Normal,5,train,8f8b666619997274
T3_LAG,/kaggle/input/datasets/rayeedaabir/lag-database-part1-uk/LAG_database_part1_UK/non_glaucoma/image/2830.jpg,Normal,5,test,d596652d1793506d
T3_LAG,/kaggle/input/datasets/rayeedaabir/lag-database-part1-uk/LAG_database_part1_UK/non_glaucoma/image/2832.jpg,Normal,5,train,c05b147f40ff047e
T3_LAG,/kaggle/input/datasets/rayeedaabir/lag-database-part1-uk/LAG_database_part1_UK/non_glaucoma/image/2833.jpg,Normal,5,train,d5d165dd1691684d
T3_LAG,/kaggle/input/datasets/rayeedaabir/lag-database-part1-uk/LAG_database_part1_UK/non_glaucoma/image/2834.jpg,Normal,5,train,813434c9479f1f79
T3_LAG,/kaggle/input/datasets/rayeedaabir/lag-database-part1-uk/LAG_database_part1_UK/non_glaucoma/image/2838.jpg,Normal,5,train,85e110e147c75f3d
T3_LAG,/kaggle/input/datasets/rayeedaabir/lag-database-part1-uk/LAG_database_part1_UK/non_glaucoma/image/2842.jpg,Normal,5,train,c1bc3e4f41be10e9
T3_LAG,/kaggle/input/datasets/rayeedaabir/lag-database-part1-uk/LAG_database_part1_UK/non_glaucoma/image/2847.jpg,Normal,5,train,95bf48d9073c75c0
T3_LAG,/kaggle/input/datasets/rayeedaabir/lag-database-part1-uk/LAG_database_part1_UK/non_glaucoma/image/2850.jpg,Normal,5,val,81c2348747971f6f
T3_LAG,/kaggle/input/datasets/rayeedaabir/lag-database-part1-uk/LAG_database_part1_UK/non_glaucoma/image/2857.jpg,Normal,5,train,8e952b4b8e96334b
T3_LAG,/kaggle/input/datasets/rayeedaabir/lag-database-part1-uk/LAG_database_part1_UK/non_glaucoma/image/2859.jpg,Normal,5,train,d13766dd40eb025d
T3_LAG,/kaggle/input/datasets/rayeedaabir/lag-database-part1-uk/LAG_database_part1_UK/non_glaucoma/image/2860.jpg,Normal,5,train,8463358c15f7579c
T3_LAG,/kaggle/input/datasets/rayeedaabir/lag-database-part1-uk/LAG_database_part1_UK/non_glaucoma/image/2863.jpg,Normal,5,test,dffb7c6260c70058
T3_LAG,/kaggle/input/datasets/rayeedaabir/lag-database-part1-uk/LAG_database_part1_UK/non_glaucoma/image/2864.jpg,Normal,5,test,c0d03e3fe1e1161f
T3_LAG,/kaggle/input/datasets/rayeedaabir/lag-database-part1-uk/LAG_database_part1_UK/non_glaucoma/image/2865.jpg,Normal,5,val,c1e33c3c61e72678
T3_LAG,/kaggle/input/datasets/rayeedaabir/lag-database-part1-uk/LAG_database_part1_UK/non_glaucoma/image/2867.jpg,Normal,5,val,8afa69a91592d569
T3_LAG,/kaggle/input/datasets/rayeedaabir/lag-database-part1-uk/LAG_database_part1_UK/non_glaucoma/image/2868.jpg,Normal,5,val,95b1752d55d54265
T3_LAG,/kaggle/input/datasets/rayeedaabir/lag-database-part1-uk/LAG_database_part1_UK/non_glaucoma/image/2872.jpg,Normal,5,train,c0e13f1f78c1631d
T3_LAG,/kaggle/input/datasets/rayeedaabir/lag-database-part1-uk/LAG_database_part1_UK/non_glaucoma/image/2873.jpg,Normal,5,train,956a55aa55e55435
T3_LAG,/kaggle/input/datasets/rayeedaabir/lag-database-part1-uk/LAG_database_part1_UK/non_glaucoma/image/2874.jpg,Normal,5,test,c07b3c7f60ad103e
T3_LAG,/kaggle/input/datasets/rayeedaabir/lag-database-part1-uk/LAG_database_part1_UK/non_glaucoma/image/2876.jpg,Normal,5,test,97a449ab94f44997
T3_LAG,/kaggle/input/datasets/rayeedaabir/lag-database-part1-uk/LAG_database_part1_UK/non_glaucoma/image/2878.jpg,Normal,5,train,9daa2476db99606c
T3_LAG,/kaggle/input/datasets/rayeedaabir/lag-database-part1-uk/LAG_database_part1_UK/non_glaucoma/image/2880.jpg,Normal,5,train,d53772d948b6224d
T3_LAG,/kaggle/input/datasets/rayeedaabir/lag-database-part1-uk/LAG_database_part1_UK/non_glaucoma/image/2883.jpg,Normal,5,train,c3453c7ec3e3043e
T3_LAG,/kaggle/input/datasets/rayeedaabir/lag-database-part1-uk/LAG_database_part1_UK/non_glaucoma/image/2884.jpg,Normal,5,train,d520753d17d1661d
T3_LAG,/kaggle/input/datasets/rayeedaabir/lag-database-part1-uk/LAG_database_part1_UK/non_glaucoma/image/2886.jpg,Normal,5,test,c17f3cef01e1143c
T3_LAG,/kaggle/input/datasets/rayeedaabir/lag-database-part1-uk/LAG_database_part1_UK/non_glaucoma/image/2887.jpg,Normal,5,val,c0df0b68608f0ffc
T3_LAG,/kaggle/input/datasets/rayeedaabir/lag-database-part1-uk/LAG_database_part1_UK/non_glaucoma/image/2889.jpg,Normal,5,train,dd2e36d348992276
T3_LAG,/kaggle/input/datasets/rayeedaabir/lag-database-part1-uk/LAG_database_part1_UK/non_glaucoma/image/2891.jpg,Normal,5,train,956d578554936c93
T3_LAG,/kaggle/input/datasets/rayeedaabir/lag-database-part1-uk/LAG_database_part1_UK/non_glaucoma/image/2892.jpg,Normal,5,train,9729651e17656497
T3_LAG,/kaggle/input/datasets/rayeedaabir/lag-database-part1-uk/LAG_database_part1_UK/non_glaucoma/image/2893.jpg,Normal,5,train,92d2696d1d9292eb
T3_LAG,/kaggle/input/datasets/rayeedaabir/lag-database-part1-uk/LAG_database_part1_UK/non_glaucoma/image/2895.jpg,Normal,5,train,c16134ad47871f79
T3_LAG,/kaggle/input/datasets/rayeedaabir/lag-database-part1-uk/LAG_database_part1_UK/non_glaucoma/image/2896.jpg,Normal,5,train,c2d33c6f42ee3858
T3_LAG,/kaggle/input/datasets/rayeedaabir/lag-database-part1-uk/LAG_database_part1_UK/non_glaucoma/image/2897.jpg,Normal,5,train,94d6696b3696494d
T3_LAG,/kaggle/input/datasets/rayeedaabir/lag-database-part1-uk/LAG_database_part1_UK/non_glaucoma/image/2898.jpg,Normal,5,train,86c739394acf4639
T3_LAG,/kaggle/input/datasets/rayeedaabir/lag-database-part1-uk/LAG_database_part1_UK/non_glaucoma/image/2899.jpg,Normal,5,test,c16014c657875f7e
T3_LAG,/kaggle/input/datasets/rayeedaabir/lag-database-part1-uk/LAG_database_part1_UK/non_glaucoma/image/2900.jpg,Normal,5,val,c53833c747383fc1
T3_LAG,/kaggle/input/datasets/rayeedaabir/lag-database-part1-uk/LAG_database_part1_UK/non_glaucoma/image/2901.jpg,Normal,5,train,c01f315b4667317e
T3_LAG,/kaggle/input/datasets/rayeedaabir/lag-database-part1-uk/LAG_database_part1_UK/non_glaucoma/image/2904.jpg,Normal,5,val,828738bc8ac7c6bd
T3_LAG,/kaggle/input/datasets/rayeedaabir/lag-database-part1-uk/LAG_database_part1_UK/non_glaucoma/image/2905.jpg,Normal,5,train,807a05c355de573b
T3_LAG,/kaggle/input/datasets/rayeedaabir/lag-database-part1-uk/LAG_database_part1_UK/non_glaucoma/image/2906.jpg,Normal,5,train,95c56a4a35b5546d
T3_LAG,/kaggle/input/datasets/rayeedaabir/lag-database-part1-uk/LAG_database_part1_UK/non_glaucoma/image/2907.jpg,Normal,5,train,b5b5515a53a1ada8
T3_LAG,/kaggle/input/datasets/rayeedaabir/lag-database-part1-uk/LAG_database_part1_UK/non_glaucoma/image/2909.jpg,Normal,5,train,c56e32f3429d0a57
T3_LAG,/kaggle/input/datasets/rayeedaabir/lag-database-part1-uk/LAG_database_part1_UK/non_glaucoma/image/2910.jpg,Normal,5,train,d5da656c5493d225
T3_LAG,/kaggle/input/datasets/rayeedaabir/lag-database-part1-uk/LAG_database_part1_UK/non_glaucoma/image/2911.jpg,Normal,5,train,dd0d72d7489b0276
T3_LAG,/kaggle/input/datasets/rayeedaabir/lag-database-part1-uk/LAG_database_part1_UK/non_glaucoma/image/2912.jpg,Normal,5,test,c0eb10ff01fe10fa
T3_LAG,/kaggle/input/datasets/rayeedaabir/lag-database-part1-uk/LAG_database_part1_UK/non_glaucoma/image/2914.jpg,Normal,5,val,c07f036f78df000f
T3_LAG,/kaggle/input/datasets/rayeedaabir/lag-database-part1-uk/LAG_database_part1_UK/non_glaucoma/image/2915.jpg,Normal,5,train,d13d36db488f0a47
T3_LAG,/kaggle/input/datasets/rayeedaabir/lag-database-part1-uk/LAG_database_part1_UK/non_glaucoma/image/2919.jpg,Normal,5,val,c1cf307f01fb007e
T3_LAG,/kaggle/input/datasets/rayeedaabir/lag-database-part1-uk/LAG_database_part1_UK/non_glaucoma/image/2921.jpg,Normal,5,train,c14b74f61aa94a37
T3_LAG,/kaggle/input/datasets/rayeedaabir/lag-database-part1-uk/LAG_database_part1_UK/non_glaucoma/image/2923.jpg,Normal,5,train,c17b3cf843d71838
T3_LAG,/kaggle/input/datasets/rayeedaabir/lag-database-part1-uk/LAG_database_part1_UK/non_glaucoma/image/2925.jpg,Normal,5,train,9596756d5692e225
T3_LAG,/kaggle/input/datasets/rayeedaabir/lag-database-part1-uk/LAG_database_part1_UK/non_glaucoma/image/2927.jpg,Normal,5,train,c03f076e789303fc
T3_LAG,/kaggle/input/datasets/rayeedaabir/lag-database-part1-uk/LAG_database_part1_UK/non_glaucoma/image/2928.jpg,Normal,5,train,876930c747983d4f
T3_LAG,/kaggle/input/datasets/rayeedaabir/lag-database-part1-uk/LAG_database_part1_UK/non_glaucoma/image/2932.jpg,Normal,5,train,dc6732f348cc2273
T3_LAG,/kaggle/input/datasets/rayeedaabir/lag-database-part1-uk/LAG_database_part1_UK/non_glaucoma/image/2934.jpg,Normal,5,train,de877139cc863165
T3_LAG,/kaggle/input/datasets/rayeedaabir/lag-database-part1-uk/LAG_database_part1_UK/non_glaucoma/image/2935.jpg,Normal,5,train,d40b73b74a9b2266
T3_LAG,/kaggle/input/datasets/rayeedaabir/lag-database-part1-uk/LAG_database_part1_UK/non_glaucoma/image/2936.jpg,Normal,5,train,816134cf47875f3c
T3_LAG,/kaggle/input/datasets/rayeedaabir/lag-database-part1-uk/LAG_database_part1_UK/non_glaucoma/image/2937.jpg,Normal,5,train,dd6776d948860a59
T3_LAG,/kaggle/input/datasets/rayeedaabir/lag-database-part1-uk/LAG_database_part1_UK/non_glaucoma/image/2941.jpg,Normal,5,val,9742692d3732752d
T3_LAG,/kaggle/input/datasets/rayeedaabir/lag-database-part1-uk/LAG_database_part1_UK/non_glaucoma/image/2944.jpg,Normal,5,train,8cb121b71d9c5763
T3_LAG,/kaggle/input/datasets/rayeedaabir/lag-database-part1-uk/LAG_database_part1_UK/non_glaucoma/image/2945.jpg,Normal,5,train,956c4ab323de4a69
T3_LAG,/kaggle/input/datasets/rayeedaabir/lag-database-part1-uk/LAG_database_part1_UK/non_glaucoma/image/2946.jpg,Normal,5,train,dc7f72d148a6224d
T3_LAG,/kaggle/input/datasets/rayeedaabir/lag-database-part1-uk/LAG_database_part1_UK/non_glaucoma/image/2948.jpg,Normal,5,val,9529453f57f1640d
T3_LAG,/kaggle/input/datasets/rayeedaabir/lag-database-part1-uk/LAG_database_part1_UK/non_glaucoma/image/2954.jpg,Normal,5,train,c07f161f00f1c0ff
T3_LAG,/kaggle/input/datasets/rayeedaabir/lag-database-part1-uk/LAG_database_part1_UK/non_glaucoma/image/2960.jpg,Normal,5,train,94e5619312db4b5e
T3_LAG,/kaggle/input/datasets/rayeedaabir/lag-database-part1-uk/LAG_database_part1_UK/non_glaucoma/image/2962.jpg,Normal,5,train,d4e9693d16d56905
T3_LAG,/kaggle/input/datasets/rayeedaabir/lag-database-part1-uk/LAG_database_part1_UK/non_glaucoma/image/2963.jpg,Normal,5,val,89e3278d1596570f
T3_LAG,/kaggle/input/datasets/rayeedaabir/lag-database-part1-uk/LAG_database_part1_UK/non_glaucoma/image/2964.jpg,Normal,5,train,95855e3a71a5cd58
T3_LAG,/kaggle/input/datasets/rayeedaabir/lag-database-part1-uk/LAG_database_part1_UK/non_glaucoma/image/2966.jpg,Normal,5,val,94ed439312d74a6b
T3_LAG,/kaggle/input/datasets/rayeedaabir/lag-database-part1-uk/LAG_database_part1_UK/non_glaucoma/image/2968.jpg,Normal,5,train,87c4386f43bd385a
T3_LAG,/kaggle/input/datasets/rayeedaabir/lag-database-part1-uk/LAG_database_part1_UK/non_glaucoma/image/2969.jpg,Normal,5,train,958b752552d2ea65
T3_LAG,/kaggle/input/datasets/rayeedaabir/lag-database-part1-uk/LAG_database_part1_UK/non_glaucoma/image/2970.jpg,Normal,5,train,966d65b412d34a6d
T3_LAG,/kaggle/input/datasets/rayeedaabir/lag-database-part1-uk/LAG_database_part1_UK/non_glaucoma/image/2976.jpg,Normal,5,train,91e267861d1d7732
T3_LAG,/kaggle/input/datasets/rayeedaabir/lag-database-part1-uk/LAG_database_part1_UK/non_glaucoma/image/2978.jpg,Normal,5,train,94f765d612c34a2e
T3_LAG,/kaggle/input/datasets/rayeedaabir/lag-database-part1-uk/LAG_database_part1_UK/non_glaucoma/image/2980.jpg,Normal,5,train,94c9693f56e66823
T3_LAG,/kaggle/input/datasets/rayeedaabir/lag-database-part1-uk/LAG_database_part1_UK/non_glaucoma/image/2982.jpg,Normal,5,train,96c5692a169a6d6d
T3_LAG,/kaggle/input/datasets/rayeedaabir/lag-database-part1-uk/LAG_database_part1_UK/non_glaucoma/image/2985.jpg,Normal,5,train,dc4e6232c98f6c36
T3_LAG,/kaggle/input/datasets/rayeedaabir/lag-database-part1-uk/LAG_database_part1_UK/non_glaucoma/image/2991.jpg,Normal,5,train,8ed269699792b568
T3_LAG,/kaggle/input/datasets/rayeedaabir/lag-database-part1-uk/LAG_database_part1_UK/non_glaucoma/image/2992.jpg,Normal,5,train,95c5753556d16a4c
T3_LAG,/kaggle/input/datasets/rayeedaabir/lag-database-part1-uk/LAG_database_part1_UK/non_glaucoma/image/2995.jpg,Normal,5,train,c3873c3c18c7c2f9
T3_LAG,/kaggle/input/datasets/rayeedaabir/lag-database-part1-uk/LAG_database_part1_UK/non_glaucoma/image/2997.jpg,Normal,5,val,c6b939c68139c6c7
T3_LAG,/kaggle/input/datasets/rayeedaabir/lag-database-part1-uk/LAG_database_part1_UK/non_glaucoma/image/2998.jpg,Normal,5,train,9587643d5ad16a35
T3_LAG,/kaggle/input/datasets/rayeedaabir/lag-database-part1-uk/LAG_database_part1_UK/non_glaucoma/image/3000.jpg,Normal,5,train,dd3d36d640c90a67
T3_LAG,/kaggle/input/datasets/rayeedaabir/lag-database-part1-uk/LAG_database_part1_UK/non_glaucoma/image/3001.jpg,Normal,5,train,887eb46e81eb153a
T3_LAG,/kaggle/input/datasets/rayeedaabir/lag-database-part1-uk/LAG_database_part1_UK/non_glaucoma/image/3011.jpg,Normal,5,train,805f307b62ef007f
T3_LAG,/kaggle/input/datasets/rayeedaabir/lag-database-part1-uk/LAG_database_part1_UK/non_glaucoma/image/3012.jpg,Normal,5,train,804967b31dcc7733
T3_LAG,/kaggle/input/datasets/rayeedaabir/lag-database-part1-uk/LAG_database_part1_UK/non_glaucoma/image/3013.jpg,Normal,5,train,c1783ee3c18f346a
T3_LAG,/kaggle/input/datasets/rayeedaabir/lag-database-part1-uk/LAG_database_part1_UK/non_glaucoma/image/3014.jpg,Normal,5,train,82e13d3e4697387a
T3_LAG,/kaggle/input/datasets/rayeedaabir/lag-database-part1-uk/LAG_database_part1_UK/non_glaucoma/image/3015.jpg,Normal,5,train,96926d4d1792556d
T3_LAG,/kaggle/input/datasets/rayeedaabir/lag-database-part1-uk/LAG_database_part1_UK/non_glaucoma/image/3018.jpg,Normal,5,test,d5a1659d15d5740d
T3_LAG,/kaggle/input/datasets/rayeedaabir/lag-database-part1-uk/LAG_database_part1_UK/non_glaucoma/image/3019.jpg,Normal,5,val,87c73878439f3839
T3_LAG,/kaggle/input/datasets/rayeedaabir/lag-database-part1-uk/LAG_database_part1_UK/non_glaucoma/image/3020.jpg,Normal,5,train,96d6495936965d49
T3_LAG,/kaggle/input/datasets/rayeedaabir/lag-database-part1-uk/LAG_database_part1_UK/non_glaucoma/image/3021.jpg,Normal,5,train,c2d3393d46a93959
T3_LAG,/kaggle/input/datasets/rayeedaabir/lag-database-part1-uk/LAG_database_part1_UK/non_glaucoma/image/3022.jpg,Normal,5,train,d566719340ef0277
T3_LAG,/kaggle/input/datasets/rayeedaabir/lag-database-part1-uk/LAG_database_part1_UK/non_glaucoma/image/3025.jpg,Normal,5,train,952b552dd235ca35
T3_LAG,/kaggle/input/datasets/rayeedaabir/lag-database-part1-uk/LAG_database_part1_UK/non_glaucoma/image/3026.jpg,Normal,5,test,dfb77c78e0e30018
T3_LAG,/kaggle/input/datasets/rayeedaabir/lag-database-part1-uk/LAG_database_part1_UK/non_glaucoma/image/3031.jpg,Normal,5,train,c5897536d4695197
T3_LAG,/kaggle/input/datasets/rayeedaabir/lag-database-part1-uk/LAG_database_part1_UK/non_glaucoma/image/3033.jpg,Normal,5,val,d556684a35b4756a
T3_LAG,/kaggle/input/datasets/rayeedaabir/lag-database-part1-uk/LAG_database_part1_UK/non_glaucoma/image/3036.jpg,Normal,5,train,9d6c67935a872a52
T3_LAG,/kaggle/input/datasets/rayeedaabir/lag-database-part1-uk/LAG_database_part1_UK/non_glaucoma/image/3037.jpg,Normal,5,train,c39f3c7c60c3203f
T3_LAG,/kaggle/input/datasets/rayeedaabir/lag-database-part1-uk/LAG_database_part1_UK/non_glaucoma/image/3039.jpg,Normal,5,train,94c5693e349b493d
T3_LAG,/kaggle/input/datasets/rayeedaabir/lag-database-part1-uk/LAG_database_part1_UK/non_glaucoma/image/3040.jpg,Normal,5,train,95f54a7b14954a4b
T3_LAG,/kaggle/input/datasets/rayeedaabir/lag-database-part1-uk/LAG_database_part1_UK/non_glaucoma/image/3041.jpg,Normal,5,test,c1ff3cc241be10cd
T3_LAG,/kaggle/input/datasets/rayeedaabir/lag-database-part1-uk/LAG_database_part1_UK/non_glaucoma/image/3042.jpg,Normal,5,train,93ab65b5159554c5
T3_LAG,/kaggle/input/datasets/rayeedaabir/lag-database-part1-uk/LAG_database_part1_UK/non_glaucoma/image/3047.jpg,Normal,5,train,c0f33c3302ff00fb
T3_LAG,/kaggle/input/datasets/rayeedaabir/lag-database-part1-uk/LAG_database_part1_UK/non_glaucoma/image/3052.jpg,Normal,5,train,816b67a715965719
T3_LAG,/kaggle/input/datasets/rayeedaabir/lag-database-part1-uk/LAG_database_part1_UK/non_glaucoma/image/3054.jpg,Normal,5,train,8eca698b95b6692a
T3_LAG,/kaggle/input/datasets/rayeedaabir/lag-database-part1-uk/LAG_database_part1_UK/non_glaucoma/image/3055.jpg,Normal,5,val,80c11fbf60c51f1f
T3_LAG,/kaggle/input/datasets/rayeedaabir/lag-database-part1-uk/LAG_database_part1_UK/non_glaucoma/image/3062.jpg,Normal,5,train,87e7309c47873c39
T3_LAG,/kaggle/input/datasets/rayeedaabir/lag-database-part1-uk/LAG_database_part1_UK/non_glaucoma/image/3069.jpg,Normal,5,train,81e26787159c5737
T3_LAG,/kaggle/input/datasets/rayeedaabir/lag-database-part1-uk/LAG_database_part1_UK/non_glaucoma/image/3073.jpg,Normal,5,train,95c9753d55354645
T3_LAG,/kaggle/input/datasets/rayeedaabir/lag-database-part1-uk/LAG_database_part1_UK/non_glaucoma/image/3074.jpg,Normal,5,train,d1f80480079f5f6f
T3_LAG,/kaggle/input/datasets/rayeedaabir/lag-database-part1-uk/LAG_database_part1_UK/non_glaucoma/image/3077.jpg,Normal,5,val,df813c1fe18f3038
T3_LAG,/kaggle/input/datasets/rayeedaabir/lag-database-part1-uk/LAG_database_part1_UK/non_glaucoma/image/3078.jpg,Normal,5,train,95e8693717f06525
T3_LAG,/kaggle/input/datasets/rayeedaabir/lag-database-part1-uk/LAG_database_part1_UK/non_glaucoma/image/3080.jpg,Normal,5,train,dd6770dd409a0a5b
T3_LAG,/kaggle/input/datasets/rayeedaabir/lag-database-part1-uk/LAG_database_part1_UK/non_glaucoma/image/3081.jpg,Normal,5,train,9087659d1597575c
T3_LAG,/kaggle/input/datasets/rayeedaabir/lag-database-part1-uk/LAG_database_part1_UK/non_glaucoma/image/3082.jpg,Normal,5,val,df03743e4879e1c2
T3_LAG,/kaggle/input/datasets/rayeedaabir/lag-database-part1-uk/LAG_database_part1_UK/non_glaucoma/image/3084.jpg,Normal,5,train,d52d425a75b5447a
T3_LAG,/kaggle/input/datasets/rayeedaabir/lag-database-part1-uk/LAG_database_part1_UK/non_glaucoma/image/3085.jpg,Normal,5,test,95c5686b15b4e56a
T3_LAG,/kaggle/input/datasets/rayeedaabir/lag-database-part1-uk/LAG_database_part1_UK/non_glaucoma/image/3086.jpg,Normal,5,test,9467619212db6b1f
T3_LAG,/kaggle/input/datasets/rayeedaabir/lag-database-part1-uk/LAG_database_part1_UK/non_glaucoma/image/3088.jpg,Normal,5,test,9694690916b6eb6b
T3_LAG,/kaggle/input/datasets/rayeedaabir/lag-database-part1-uk/LAG_database_part1_UK/non_glaucoma/image/3093.jpg,Normal,5,test,c1c38c1e1ee3e1e3
T3_LAG,/kaggle/input/datasets/rayeedaabir/lag-database-part1-uk/LAG_database_part1_UK/non_glaucoma/image/3100.jpg,Normal,5,train,d4b7691b16996949
T3_LAG,/kaggle/input/datasets/rayeedaabir/lag-database-part1-uk/LAG_database_part1_UK/non_glaucoma/image/3102.jpg,Normal,5,train,f17f807a81eb017a
T3_LAG,/kaggle/input/datasets/rayeedaabir/lag-database-part1-uk/LAG_database_part1_UK/non_glaucoma/image/3103.jpg,Normal,5,train,c07b1ebf00ea053f
T3_LAG,/kaggle/input/datasets/rayeedaabir/lag-database-part1-uk/LAG_database_part1_UK/non_glaucoma/image/3104.jpg,Normal,5,train,8069679415dd5773
T3_LAG,/kaggle/input/datasets/rayeedaabir/lag-database-part1-uk/LAG_database_part1_UK/non_glaucoma/image/3106.jpg,Normal,5,train,8072158655db5f3e
T3_LAG,/kaggle/input/datasets/rayeedaabir/lag-database-part1-uk/LAG_database_part1_UK/non_glaucoma/image/3107.jpg,Normal,5,train,942f69d912964b6b
T3_LAG,/kaggle/input/datasets/rayeedaabir/lag-database-part1-uk/LAG_database_part1_UK/non_glaucoma/image/3109.jpg,Normal,5,train,d589758d578572a4
T3_LAG,/kaggle/input/datasets/rayeedaabir/lag-database-part1-uk/LAG_database_part1_UK/non_glaucoma/image/3110.jpg,Normal,5,train,99cd6672999964a6
T3_LAG,/kaggle/input/datasets/rayeedaabir/lag-database-part1-uk/LAG_database_part1_UK/non_glaucoma/image/3115.jpg,Normal,5,train,dd7f30d040c7027f
T3_LAG,/kaggle/input/datasets/rayeedaabir/lag-database-part1-uk/LAG_database_part1_UK/non_glaucoma/image/3116.jpg,Normal,5,test,90a7659d32c64a7e
T3_LAG,/kaggle/input/datasets/rayeedaabir/lag-database-part1-uk/LAG_database_part1_UK/non_glaucoma/image/3118.jpg,Normal,5,test,8423218d1fd75f9c
T3_LAG,/kaggle/input/datasets/rayeedaabir/lag-database-part1-uk/LAG_database_part1_UK/non_glaucoma/image/3120.jpg,Normal,5,train,9467699732c34b3c
T3_LAG,/kaggle/input/datasets/rayeedaabir/lag-database-part1-uk/LAG_database_part1_UK/non_glaucoma/image/3122.jpg,Normal,5,test,c7d93832c3e73858
T3_LAG,/kaggle/input/datasets/rayeedaabir/lag-database-part1-uk/LAG_database_part1_UK/non_glaucoma/image/3125.jpg,Normal,5,train,877030c747947f47
T3_LAG,/kaggle/input/datasets/rayeedaabir/lag-database-part1-uk/LAG_database_part1_UK/non_glaucoma/image/3126.jpg,Normal,5,train,c3f93cc5c2993871
T3_LAG,/kaggle/input/datasets/rayeedaabir/lag-database-part1-uk/LAG_database_part1_UK/non_glaucoma/image/3130.jpg,Normal,5,train,c3c3385c479f3839
T3_LAG,/kaggle/input/datasets/rayeedaabir/lag-database-part1-uk/LAG_database_part1_UK/non_glaucoma/image/3131.jpg,Normal,5,train,81e1344747965f79
T3_LAG,/kaggle/input/datasets/rayeedaabir/lag-database-part1-uk/LAG_database_part1_UK/non_glaucoma/image/3132.jpg,Normal,5,val,c3b53c3dc2e72898
T3_LAG,/kaggle/input/datasets/rayeedaabir/lag-database-part1-uk/LAG_database_part1_UK/non_glaucoma/image/3133.jpg,Normal,5,train,d5c45a3d25c65a35
T3_LAG,/kaggle/input/datasets/rayeedaabir/lag-database-part1-uk/LAG_database_part1_UK/non_glaucoma/image/3135.jpg,Normal,5,train,c76a308b47843f79
T3_LAG,/kaggle/input/datasets/rayeedaabir/lag-database-part1-uk/LAG_database_part1_UK/non_glaucoma/image/3137.jpg,Normal,5,train,94d3458d12cf0a7f
T3_LAG,/kaggle/input/datasets/rayeedaabir/lag-database-part1-uk/LAG_database_part1_UK/non_glaucoma/image/3146.jpg,Normal,5,train,9063678c1db3771c
T3_LAG,/kaggle/input/datasets/rayeedaabir/lag-database-part1-uk/LAG_database_part1_UK/non_glaucoma/image/3149.jpg,Normal,5,train,86d1383b42a7397b
T3_LAG,/kaggle/input/datasets/rayeedaabir/lag-database-part1-uk/LAG_database_part1_UK/non_glaucoma/image/3151.jpg,Normal,5,train,c0ca3caf63b71558
T3_LAG,/kaggle/input/datasets/rayeedaabir/lag-database-part1-uk/LAG_database_part1_UK/non_glaucoma/image/3152.jpg,Normal,5,test,c607387f424f207f
T3_LAG,/kaggle/input/datasets/rayeedaabir/lag-database-part1-uk/LAG_database_part1_UK/non_glaucoma/image/3153.jpg,Normal,5,test,9748686f16386d2f
T3_LAG,/kaggle/input/datasets/rayeedaabir/lag-database-part1-uk/LAG_database_part1_UK/non_glaucoma/image/3154.jpg,Normal,5,val,c07f0f2f64f8030f
T3_LAG,/kaggle/input/datasets/rayeedaabir/lag-database-part1-uk/LAG_database_part1_UK/non_glaucoma/image/3155.jpg,Normal,5,val,c56430c347963f6d
T3_LAG,/kaggle/input/datasets/rayeedaabir/lag-database-part1-uk/LAG_database_part1_UK/non_glaucoma/image/3156.jpg,Normal,5,train,c29d3c7843a7387a
T3_LAG,/kaggle/input/datasets/rayeedaabir/lag-database-part1-uk/LAG_database_part1_UK/non_glaucoma/image/3158.jpg,Normal,5,test,d5a545ed5690e24d
T3_LAG,/kaggle/input/datasets/rayeedaabir/lag-database-part1-uk/LAG_database_part1_UK/non_glaucoma/image/3159.jpg,Normal,5,train,86fa6d489792752a
T3_LAG,/kaggle/input/datasets/rayeedaabir/lag-database-part1-uk/LAG_database_part1_UK/non_glaucoma/image/3160.jpg,Normal,5,train,c301385f670f387d
T3_LAG,/kaggle/input/datasets/rayeedaabir/lag-database-part1-uk/LAG_database_part1_UK/non_glaucoma/image/3162.jpg,Normal,5,train,ddc936c3499b2272
T3_LAG,/kaggle/input/datasets/rayeedaabir/lag-database-part1-uk/LAG_database_part1_UK/non_glaucoma/image/3164.jpg,Normal,5,train,88a9359515d77754
T3_LAG,/kaggle/input/datasets/rayeedaabir/lag-database-part1-uk/LAG_database_part1_UK/non_glaucoma/image/3165.jpg,Normal,5,val,90e765b712c34a3e
T3_LAG,/kaggle/input/datasets/rayeedaabir/lag-database-part1-uk/LAG_database_part1_UK/non_glaucoma/image/3166.jpg,Normal,5,test,9465419712df0abf
T3_LAG,/kaggle/input/datasets/rayeedaabir/lag-database-part1-uk/LAG_database_part1_UK/non_glaucoma/image/3172.jpg,Normal,5,train,80cc67a31dcd5733
T3_LAG,/kaggle/input/datasets/rayeedaabir/lag-database-part1-uk/LAG_database_part1_UK/non_glaucoma/image/3173.jpg,Normal,5,train,cb893c3e42c7e43c
T3_LAG,/kaggle/input/datasets/rayeedaabir/lag-database-part1-uk/LAG_database_part1_UK/non_glaucoma/image/3175.jpg,Normal,5,train,c1c33e3e48e3b13c
T3_LAG,/kaggle/input/datasets/rayeedaabir/lag-database-part1-uk/LAG_database_part1_UK/non_glaucoma/image/3176.jpg,Normal,5,train,859334cc47975e3c
T3_LAG,/kaggle/input/datasets/rayeedaabir/lag-database-part1-uk/LAG_database_part1_UK/non_glaucoma/image/3177.jpg,Normal,5,train,d5c165ad56d2606d
T3_LAG,/kaggle/input/datasets/rayeedaabir/lag-database-part1-uk/LAG_database_part1_UK/non_glaucoma/image/3181.jpg,Normal,5,val,c1f13cee6197303c
T3_LAG,/kaggle/input/datasets/rayeedaabir/lag-database-part1-uk/LAG_database_part1_UK/non_glaucoma/image/3182.jpg,Normal,5,train,96f4692b36965169
T3_LAG,/kaggle/input/datasets/rayeedaabir/lag-database-part1-uk/LAG_database_part1_UK/non_glaucoma/image/3184.jpg,Normal,5,train,95ad57d235b5424a
T3_LAG,/kaggle/input/datasets/rayeedaabir/lag-database-part1-uk/LAG_database_part1_UK/non_glaucoma/image/3186.jpg,Normal,5,test,946e37934c9c4a67
T3_LAG,/kaggle/input/datasets/rayeedaabir/lag-database-part1-uk/LAG_database_part1_UK/non_glaucoma/image/3187.jpg,Normal,5,train,d56732dd48920add
T3_LAG,/kaggle/input/datasets/rayeedaabir/lag-database-part1-uk/LAG_database_part1_UK/non_glaucoma/image/3188.jpg,Normal,5,val,83ca75a5559a556c
T3_LAG,/kaggle/input/datasets/rayeedaabir/lag-database-part1-uk/LAG_database_part1_UK/non_glaucoma/image/3189.jpg,Normal,5,val,806f386f206fb07e
T3_LAG,/kaggle/input/datasets/rayeedaabir/lag-database-part1-uk/LAG_database_part1_UK/non_glaucoma/image/3192.jpg,Normal,5,train,d56e76d348982257
T3_LAG,/kaggle/input/datasets/rayeedaabir/lag-database-part1-uk/LAG_database_part1_UK/non_glaucoma/image/3194.jpg,Normal,5,train,8763309c47975e39
T3_LAG,/kaggle/input/datasets/rayeedaabir/lag-database-part1-uk/LAG_database_part1_UK/non_glaucoma/image/3196.jpg,Normal,5,train,c0643c77c0f5187f
T3_LAG,/kaggle/input/datasets/rayeedaabir/lag-database-part1-uk/LAG_database_part1_UK/non_glaucoma/image/3197.jpg,Normal,5,val,c1d83eff4087113e
T3_LAG,/kaggle/input/datasets/rayeedaabir/lag-database-part1-uk/LAG_database_part1_UK/non_glaucoma/image/3198.jpg,Normal,5,train,d5ad564271354ed2
T3_LAG,/kaggle/input/datasets/rayeedaabir/lag-database-part1-uk/LAG_database_part1_UK/non_glaucoma/image/3202.jpg,Normal,5,val,dd2776d848362ac9
T3_LAG,/kaggle/input/datasets/rayeedaabir/lag-database-part1-uk/LAG_database_part1_UK/non_glaucoma/image/3203.jpg,Normal,5,train,c1eb1cbe01e7033e
T3_LAG,/kaggle/input/datasets/rayeedaabir/lag-database-part1-uk/LAG_database_part1_UK/non_glaucoma/image/3210.jpg,Normal,5,train,92ed6d9212cb4b1e
T3_LAG,/kaggle/input/datasets/rayeedaabir/lag-database-part1-uk/LAG_database_part1_UK/non_glaucoma/image/3211.jpg,Normal,5,train,c197746e15257476
T3_LAG,/kaggle/input/datasets/rayeedaabir/lag-database-part1-uk/LAG_database_part1_UK/non_glaucoma/image/3212.jpg,Normal,5,val,d78175655ad26a64
T3_LAG,/kaggle/input/datasets/rayeedaabir/lag-database-part1-uk/LAG_database_part1_UK/non_glaucoma/image/3213.jpg,Normal,5,val,dec7385d62c72078
T3_LAG,/kaggle/input/datasets/rayeedaabir/lag-database-part1-uk/LAG_database_part1_UK/non_glaucoma/image/3216.jpg,Normal,5,train,d5e165c517966865
T3_LAG,/kaggle/input/datasets/rayeedaabir/lag-database-part1-uk/LAG_database_part1_UK/non_glaucoma/image/3218.jpg,Normal,5,train,85c031a747965f6b
T3_LAG,/kaggle/input/datasets/rayeedaabir/lag-database-part1-uk/LAG_database_part1_UK/non_glaucoma/image/3219.jpg,Normal,5,train,856134c7479c5e6b
T3_LAG,/kaggle/input/datasets/rayeedaabir/lag-database-part1-uk/LAG_database_part1_UK/non_glaucoma/image/3220.jpg,Normal,5,train,d4364acf2a7e29c2
T3_LAG,/kaggle/input/datasets/rayeedaabir/lag-database-part1-uk/LAG_database_part1_UK/non_glaucoma/image/3221.jpg,Normal,5,train,856034eb47965f69
T3_LAG,/kaggle/input/datasets/rayeedaabir/lag-database-part1-uk/LAG_database_part1_UK/non_glaucoma/image/3223.jpg,Normal,5,test,96c73c3862c72778
T3_LAG,/kaggle/input/datasets/rayeedaabir/lag-database-part1-uk/LAG_database_part1_UK/non_glaucoma/image/3224.jpg,Normal,5,train,d5ec74d300d302f7
T3_LAG,/kaggle/input/datasets/rayeedaabir/lag-database-part1-uk/LAG_database_part1_UK/non_glaucoma/image/3225.jpg,Normal,5,train,c395387fc3db3060
T3_LAG,/kaggle/input/datasets/rayeedaabir/lag-database-part1-uk/LAG_database_part1_UK/non_glaucoma/image/3226.jpg,Normal,5,train,d5cd76b348c80a73
T3_LAG,/kaggle/input/datasets/rayeedaabir/lag-database-part1-uk/LAG_database_part1_UK/non_glaucoma/image/3228.jpg,Normal,5,train,d52736d94aae0a53
T3_LAG,/kaggle/input/datasets/rayeedaabir/lag-database-part1-uk/LAG_database_part1_UK/non_glaucoma/image/3229.jpg,Normal,5,train,d5a461bd1f916c0d
T3_LAG,/kaggle/input/datasets/rayeedaabir/lag-database-part1-uk/LAG_database_part1_UK/non_glaucoma/image/3230.jpg,Normal,5,train,c1303cc9679e1e79
T3_LAG,/kaggle/input/datasets/rayeedaabir/lag-database-part1-uk/LAG_database_part1_UK/non_glaucoma/image/3231.jpg,Normal,5,train,c1783eee69a69449
T3_LAG,/kaggle/input/datasets/rayeedaabir/lag-database-part1-uk/LAG_database_part1_UK/non_glaucoma/image/3233.jpg,Normal,5,test,96d2696d3692716c
T3_LAG,/kaggle/input/datasets/rayeedaabir/lag-database-part1-uk/LAG_database_part1_UK/non_glaucoma/image/3235.jpg,Normal,5,train,d13f74c51a916a6c
T3_LAG,/kaggle/input/datasets/rayeedaabir/lag-database-part1-uk/LAG_database_part1_UK/non_glaucoma/image/3240.jpg,Normal,5,val,c13b3ce162d71a6c
T3_LAG,/kaggle/input/datasets/rayeedaabir/lag-database-part1-uk/LAG_database_part1_UK/non_glaucoma/image/3241.jpg,Normal,5,val,d3ff3ce140c700cb
T3_LAG,/kaggle/input/datasets/rayeedaabir/lag-database-part1-uk/LAG_database_part1_UK/non_glaucoma/image/3246.jpg,Normal,5,train,95966b4b3594714b
T3_LAG,/kaggle/input/datasets/rayeedaabir/lag-database-part1-uk/LAG_database_part1_UK/non_glaucoma/image/3247.jpg,Normal,5,train,877034c747983ec7
T3_LAG,/kaggle/input/datasets/rayeedaabir/lag-database-part1-uk/LAG_database_part1_UK/non_glaucoma/image/3250.jpg,Normal,5,test,956a753d56e0621e
T3_LAG,/kaggle/input/datasets/rayeedaabir/lag-database-part1-uk/LAG_database_part1_UK/non_glaucoma/image/3251.jpg,Normal,5,train,c1da143e07eb5738
T3_LAG,/kaggle/input/datasets/rayeedaabir/lag-database-part1-uk/LAG_database_part1_UK/non_glaucoma/image/3255.jpg,Normal,5,train,d783381fc29f303c
T3_LAG,/kaggle/input/datasets/rayeedaabir/lag-database-part1-uk/LAG_database_part1_UK/non_glaucoma/image/3256.jpg,Normal,5,train,d3c3652d17937425
T3_LAG,/kaggle/input/datasets/rayeedaabir/lag-database-part1-uk/LAG_database_part1_UK/non_glaucoma/image/3259.jpg,Normal,5,train,9963668d1d947617
T3_LAG,/kaggle/input/datasets/rayeedaabir/lag-database-part1-uk/LAG_database_part1_UK/non_glaucoma/image/3260.jpg,Normal,5,train,94f6619d12db0a6d
T3_LAG,/kaggle/input/datasets/rayeedaabir/lag-database-part1-uk/LAG_database_part1_UK/non_glaucoma/image/3261.jpg,Normal,5,train,d5c4533b15b54b61
T3_LAG,/kaggle/input/datasets/rayeedaabir/lag-database-part1-uk/LAG_database_part1_UK/non_glaucoma/image/3262.jpg,Normal,5,train,856834cf47985f63
T3_LAG,/kaggle/input/datasets/rayeedaabir/lag-database-part1-uk/LAG_database_part1_UK/non_glaucoma/image/3264.jpg,Normal,5,train,d0b665d912d60a7b
T3_LAG,/kaggle/input/datasets/rayeedaabir/lag-database-part1-uk/LAG_database_part1_UK/non_glaucoma/image/3269.jpg,Normal,5,test,954a75ad56b1606d
T3_LAG,/kaggle/input/datasets/rayeedaabir/lag-database-part1-uk/LAG_database_part1_UK/non_glaucoma/image/3270.jpg,Normal,5,val,9cf46a5336e1694a
T3_LAG,/kaggle/input/datasets/rayeedaabir/lag-database-part1-uk/LAG_database_part1_UK/non_glaucoma/image/3273.jpg,Normal,5,train,95c1652f56a56655
T3_LAG,/kaggle/input/datasets/rayeedaabir/lag-database-part1-uk/LAG_database_part1_UK/non_glaucoma/image/3275.jpg,Normal,5,val,c1ef1c2f41e1159e
T3_LAG,/kaggle/input/datasets/rayeedaabir/lag-database-part1-uk/LAG_database_part1_UK/non_glaucoma/image/3277.jpg,Normal,5,train,c05a3cfe61b7146a
T3_LAG,/kaggle/input/datasets/rayeedaabir/lag-database-part1-uk/LAG_database_part1_UK/non_glaucoma/image/3279.jpg,Normal,5,train,d5ef72db48820a4e
T3_LAG,/kaggle/input/datasets/rayeedaabir/lag-database-part1-uk/LAG_database_part1_UK/non_glaucoma/image/3281.jpg,Normal,5,train,d38265e716f1603d
T3_LAG,/kaggle/input/datasets/rayeedaabir/lag-database-part1-uk/LAG_database_part1_UK/non_glaucoma/image/3283.jpg,Normal,5,train,8a17296bb612ed69
T3_LAG,/kaggle/input/datasets/rayeedaabir/lag-database-part1-uk/LAG_database_part1_UK/non_glaucoma/image/3284.jpg,Normal,5,train,c4f111c2470b5faf
T3_LAG,/kaggle/input/datasets/rayeedaabir/lag-database-part1-uk/LAG_database_part1_UK/non_glaucoma/image/3285.jpg,Normal,5,test,c0c13f1f62e1a63e
T3_LAG,/kaggle/input/datasets/rayeedaabir/lag-database-part1-uk/LAG_database_part1_UK/non_glaucoma/image/3287.jpg,Normal,5,train,d16e76d940a622db
T3_LAG,/kaggle/input/datasets/rayeedaabir/lag-database-part1-uk/LAG_database_part1_UK/non_glaucoma/image/3288.jpg,Normal,5,train,c3433c3c3263c1bf
T3_LAG,/kaggle/input/datasets/rayeedaabir/lag-database-part1-uk/LAG_database_part1_UK/non_glaucoma/image/3289.jpg,Normal,5,train,c34f3c784377043d
T3_LAG,/kaggle/input/datasets/rayeedaabir/lag-database-part1-uk/LAG_database_part1_UK/non_glaucoma/image/3294.jpg,Normal,5,train,d5295656d129ce56
T3_LAG,/kaggle/input/datasets/rayeedaabir/lag-database-part1-uk/LAG_database_part1_UK/non_glaucoma/image/3296.jpg,Normal,5,test,c93636d949a622dd
T3_LAG,/kaggle/input/datasets/rayeedaabir/lag-database-part1-uk/LAG_database_part1_UK/non_glaucoma/image/3297.jpg,Normal,5,train,99ade691d9265499
T3_LAG,/kaggle/input/datasets/rayeedaabir/lag-database-part1-uk/LAG_database_part1_UK/non_glaucoma/image/3299.jpg,Normal,5,train,c2433d3c22cff079
T3_LAG,/kaggle/input/datasets/rayeedaabir/lag-database-part1-uk/LAG_database_part1_UK/non_glaucoma/image/3300.jpg,Normal,5,train,d7c7690936b66149
T3_LAG,/kaggle/input/datasets/rayeedaabir/lag-database-part1-uk/LAG_database_part1_UK/non_glaucoma/image/3301.jpg,Normal,5,test,d56c32d342e70a6d
T3_LAG,/kaggle/input/datasets/rayeedaabir/lag-database-part1-uk/LAG_database_part1_UK/non_glaucoma/image/3304.jpg,Normal,5,val,c7873c3c70c7c638
T3_LAG,/kaggle/input/datasets/rayeedaabir/lag-database-part1-uk/LAG_database_part1_UK/non_glaucoma/image/3305.jpg,Normal,5,train,c0733cfe4097187e
T3_LAG,/kaggle/input/datasets/rayeedaabir/lag-database-part1-uk/LAG_database_part1_UK/non_glaucoma/image/3308.jpg,Normal,5,train,82173953462f317f
T3_LAG,/kaggle/input/datasets/rayeedaabir/lag-database-part1-uk/LAG_database_part1_UK/non_glaucoma/image/3311.jpg,Normal,5,train,ddfb32d14887026d
T3_LAG,/kaggle/input/datasets/rayeedaabir/lag-database-part1-uk/LAG_database_part1_UK/non_glaucoma/image/3315.jpg,Normal,5,test,8c0b733c1dd37714
T3_LAG,/kaggle/input/datasets/rayeedaabir/lag-database-part1-uk/LAG_database_part1_UK/non_glaucoma/image/3316.jpg,Normal,5,val,c0cf30be01ef9578
T3_LAG,/kaggle/input/datasets/rayeedaabir/lag-database-part1-uk/LAG_database_part1_UK/non_glaucoma/image/3317.jpg,Normal,5,train,c57034e747987e43
T3_LAG,/kaggle/input/datasets/rayeedaabir/lag-database-part1-uk/LAG_database_part1_UK/non_glaucoma/image/3318.jpg,Normal,5,train,e95fa07e81eb01b8
T3_LAG,/kaggle/input/datasets/rayeedaabir/lag-database-part1-uk/LAG_database_part1_UK/non_glaucoma/image/3319.jpg,Normal,5,train,d6ed3f39c89c2812
T3_LAG,/kaggle/input/datasets/rayeedaabir/lag-database-part1-uk/LAG_database_part1_UK/non_glaucoma/image/3320.jpg,Normal,5,train,c0b03f7e60901f9f
T3_LAG,/kaggle/input/datasets/rayeedaabir/lag-database-part1-uk/LAG_database_part1_UK/non_glaucoma/image/3321.jpg,Normal,5,train,81793c4f65ad384b
T3_LAG,/kaggle/input/datasets/rayeedaabir/lag-database-part1-uk/LAG_database_part1_UK/non_glaucoma/image/3323.jpg,Normal,5,test,906d659212ed6b9b
T3_LAG,/kaggle/input/datasets/rayeedaabir/lag-database-part1-uk/LAG_database_part1_UK/non_glaucoma/image/3329.jpg,Normal,5,val,80db361f60fb812f
T3_LAG,/kaggle/input/datasets/rayeedaabir/lag-database-part1-uk/LAG_database_part1_UK/non_glaucoma/image/3330.jpg,Normal,5,train,956a652954b55a6d
T3_LAG,/kaggle/input/datasets/rayeedaabir/lag-database-part1-uk/LAG_database_part1_UK/non_glaucoma/image/3332.jpg,Normal,5,train,dcec36b3488c6267
T3_LAG,/kaggle/input/datasets/rayeedaabir/lag-database-part1-uk/LAG_database_part1_UK/non_glaucoma/image/3333.jpg,Normal,5,test,8cb76b411e966b49
T3_LAG,/kaggle/input/datasets/rayeedaabir/lag-database-part1-uk/LAG_database_part1_UK/non_glaucoma/image/3336.jpg,Normal,5,train,d5c9752d56a17605
T3_LAG,/kaggle/input/datasets/rayeedaabir/lag-database-part1-uk/LAG_database_part1_UK/non_glaucoma/image/3338.jpg,Normal,5,train,dd2232cd48b722dd
T3_LAG,/kaggle/input/datasets/rayeedaabir/lag-database-part1-uk/LAG_database_part1_UK/non_glaucoma/image/3339.jpg,Normal,5,train,c13536c6c9992677
T3_LAG,/kaggle/input/datasets/rayeedaabir/lag-database-part1-uk/LAG_database_part1_UK/non_glaucoma/image/3342.jpg,Normal,5,train,c0593c7162a73c7e
T3_LAG,/kaggle/input/datasets/rayeedaabir/lag-database-part1-uk/LAG_database_part1_UK/non_glaucoma/image/3343.jpg,Normal,5,test,d5f774d040c302df
T3_LAG,/kaggle/input/datasets/rayeedaabir/lag-database-part1-uk/LAG_database_part1_UK/non_glaucoma/image/3345.jpg,Normal,5,test,c0ef149f01eb14be
T3_LAG,/kaggle/input/datasets/rayeedaabir/lag-database-part1-uk/LAG_database_part1_UK/non_glaucoma/image/3346.jpg,Normal,5,train,92df656d12d20a6d
T3_LAG,/kaggle/input/datasets/rayeedaabir/lag-database-part1-uk/LAG_database_part1_UK/non_glaucoma/image/3347.jpg,Normal,5,val,c1d13c6e63913c5b
T3_LAG,/kaggle/input/datasets/rayeedaabir/lag-database-part1-uk/LAG_database_part1_UK/non_glaucoma/image/3348.jpg,Normal,5,test,95aa4b2e35e5512e
T3_LAG,/kaggle/input/datasets/rayeedaabir/lag-database-part1-uk/LAG_database_part1_UK/non_glaucoma/image/3349.jpg,Normal,5,test,9467659912c66b3e
T3_LAG,/kaggle/input/datasets/rayeedaabir/lag-database-part1-uk/LAG_database_part1_UK/non_glaucoma/image/3351.jpg,Normal,5,val,c3c33c3c1bc3e13c
T3_LAG,/kaggle/input/datasets/rayeedaabir/lag-database-part1-uk/LAG_database_part1_UK/non_glaucoma/image/3356.jpg,Normal,5,train,d53f32f3488c2267
T3_LAG,/kaggle/input/datasets/rayeedaabir/lag-database-part1-uk/LAG_database_part1_UK/non_glaucoma/image/3357.jpg,Normal,5,train,c1df207e00ff01fa
T3_LAG,/kaggle/input/datasets/rayeedaabir/lag-database-part1-uk/LAG_database_part1_UK/non_glaucoma/image/3360.jpg,Normal,5,train,87c739384a9f3079
T3_LAG,/kaggle/input/datasets/rayeedaabir/lag-database-part1-uk/LAG_database_part1_UK/non_glaucoma/image/3361.jpg,Normal,5,test,8cb17396664cd9c3
T3_LAG,/kaggle/input/datasets/rayeedaabir/lag-database-part1-uk/LAG_database_part1_UK/non_glaucoma/image/3366.jpg,Normal,5,train,c1db3cee41be10e8
T3_LAG,/kaggle/input/datasets/rayeedaabir/lag-database-part1-uk/LAG_database_part1_UK/non_glaucoma/image/3371.jpg,Normal,5,train,868691b1918ecfbb
T3_LAG,/kaggle/input/datasets/rayeedaabir/lag-database-part1-uk/LAG_database_part1_UK/non_glaucoma/image/3373.jpg,Normal,5,test,dfe33c386ac72038
T3_LAG,/kaggle/input/datasets/rayeedaabir/lag-database-part1-uk/LAG_database_part1_UK/non_glaucoma/image/3374.jpg,Normal,5,val,c1dd307f01f700be
T3_LAG,/kaggle/input/datasets/rayeedaabir/lag-database-part1-uk/LAG_database_part1_UK/non_glaucoma/image/3375.jpg,Normal,5,train,95f049d935846d6e
T3_LAG,/kaggle/input/datasets/rayeedaabir/lag-database-part1-uk/LAG_database_part1_UK/non_glaucoma/image/3376.jpg,Normal,5,val,c1e11ebf49e3143c
T3_LAG,/kaggle/input/datasets/rayeedaabir/lag-database-part1-uk/LAG_database_part1_UK/non_glaucoma/image/3378.jpg,Normal,5,test,8147101e47f71f7a
T3_LAG,/kaggle/input/datasets/rayeedaabir/lag-database-part1-uk/LAG_database_part1_UK/non_glaucoma/image/3381.jpg,Normal,5,train,8cb333cc8c33cdcc
T3_LAG,/kaggle/input/datasets/rayeedaabir/lag-database-part1-uk/LAG_database_part1_UK/non_glaucoma/image/3386.jpg,Normal,5,val,86536b7db310696c
T3_LAG,/kaggle/input/datasets/rayeedaabir/lag-database-part1-uk/LAG_database_part1_UK/non_glaucoma/image/3388.jpg,Normal,5,train,d57f50b300ce4aad
T3_LAG,/kaggle/input/datasets/rayeedaabir/lag-database-part1-uk/LAG_database_part1_UK/non_glaucoma/image/3389.jpg,Normal,5,train,c3c33c3c63e78439
T3_LAG,/kaggle/input/datasets/rayeedaabir/lag-database-part1-uk/LAG_database_part1_UK/non_glaucoma/image/3394.jpg,Normal,5,train,857810e347b05fcf
T3_LAG,/kaggle/input/datasets/rayeedaabir/lag-database-part1-uk/LAG_database_part1_UK/non_glaucoma/image/3397.jpg,Normal,5,train,d5c5643d13d2646d
T3_LAG,/kaggle/input/datasets/rayeedaabir/lag-database-part1-uk/LAG_database_part1_UK/non_glaucoma/image/3399.jpg,Normal,5,train,94f541f212db4a4f
T3_LAG,/kaggle/input/datasets/rayeedaabir/lag-database-part1-uk/LAG_database_part1_UK/non_glaucoma/image/3401.jpg,Normal,5,test,c0593d6663bd344b
T3_LAG,/kaggle/input/datasets/rayeedaabir/lag-database-part1-uk/LAG_database_part1_UK/non_glaucoma/image/3405.jpg,Normal,5,train,c7c73c1c63e72858
T3_LAG,/kaggle/input/datasets/rayeedaabir/lag-database-part1-uk/LAG_database_part1_UK/non_glaucoma/image/3407.jpg,Normal,5,train,d54e452d1e946a6d
T3_LAG,/kaggle/input/datasets/rayeedaabir/lag-database-part1-uk/LAG_database_part1_UK/non_glaucoma/image/3408.jpg,Normal,5,val,939b6c64549b93e4
T3_LAG,/kaggle/input/datasets/rayeedaabir/lag-database-part1-uk/LAG_database_part1_UK/non_glaucoma/image/3409.jpg,Normal,5,train,c7e33c18c3c77438
T3_LAG,/kaggle/input/datasets/rayeedaabir/lag-database-part1-uk/LAG_database_part1_UK/non_glaucoma/image/3412.jpg,Normal,5,test,946d659652cb4aba
T3_LAG,/kaggle/input/datasets/rayeedaabir/lag-database-part1-uk/LAG_database_part1_UK/non_glaucoma/image/3418.jpg,Normal,5,train,95476a5a25136a7d
T3_LAG,/kaggle/input/datasets/rayeedaabir/lag-database-part1-uk/LAG_database_part1_UK/non_glaucoma/image/3419.jpg,Normal,5,test,d9d9e46664919999
T3_LAG,/kaggle/input/datasets/rayeedaabir/lag-database-part1-uk/LAG_database_part1_UK/non_glaucoma/image/3422.jpg,Normal,5,val,8463638d1d73771c
T3_LAG,/kaggle/input/datasets/rayeedaabir/lag-database-part1-uk/LAG_database_part1_UK/non_glaucoma/image/3423.jpg,Normal,5,test,806a178777985f2e
T3_LAG,/kaggle/input/datasets/rayeedaabir/lag-database-part1-uk/LAG_database_part1_UK/non_glaucoma/image/3427.jpg,Normal,5,test,c0fe0f2f60f2150f
T3_LAG,/kaggle/input/datasets/rayeedaabir/lag-database-part1-uk/LAG_database_part1_UK/non_glaucoma/image/3431.jpg,Normal,5,test,94ea6bb6364a62b4
T3_LAG,/kaggle/input/datasets/rayeedaabir/lag-database-part1-uk/LAG_database_part1_UK/non_glaucoma/image/3432.jpg,Normal,5,test,86d7313942ce6c3b
T3_LAG,/kaggle/input/datasets/rayeedaabir/lag-database-part1-uk/LAG_database_part1_UK/non_glaucoma/image/3434.jpg,Normal,5,train,d70b652d32931a6d
T3_LAG,/kaggle/input/datasets/rayeedaabir/lag-database-part1-uk/LAG_database_part1_UK/non_glaucoma/image/3437.jpg,Normal,5,train,dd885662559919ee
T3_LAG,/kaggle/input/datasets/rayeedaabir/lag-database-part1-uk/LAG_database_part1_UK/non_glaucoma/image/3438.jpg,Normal,5,test,fffcfcc0c1903068
T3_LAG,/kaggle/input/datasets/rayeedaabir/lag-database-part1-uk/LAG_database_part1_UK/non_glaucoma/image/3440.jpg,Normal,5,train,85d1348e47c75e78
T3_LAG,/kaggle/input/datasets/rayeedaabir/lag-database-part1-uk/LAG_database_part1_UK/non_glaucoma/image/3441.jpg,Normal,5,train,d12526de59d92666
T3_LAG,/kaggle/input/datasets/rayeedaabir/lag-database-part1-uk/LAG_database_part1_UK/non_glaucoma/image/3442.jpg,Normal,5,train,d589659917e56097
T3_LAG,/kaggle/input/datasets/rayeedaabir/lag-database-part1-uk/LAG_database_part1_UK/non_glaucoma/image/3444.jpg,Normal,5,train,84cf393446cf287b
T3_LAG,/kaggle/input/datasets/rayeedaabir/lag-database-part1-uk/LAG_database_part1_UK/non_glaucoma/image/3445.jpg,Normal,5,train,813314c7479c5f73
T3_LAG,/kaggle/input/datasets/rayeedaabir/lag-database-part1-uk/LAG_database_part1_UK/non_glaucoma/image/3448.jpg,Normal,5,train,d6e57d1516d06545
T3_LAG,/kaggle/input/datasets/rayeedaabir/lag-database-part1-uk/LAG_database_part1_UK/non_glaucoma/image/3449.jpg,Normal,5,train,816867871dd45f1b
T3_LAG,/kaggle/input/datasets/rayeedaabir/lag-database-part1-uk/LAG_database_part1_UK/non_glaucoma/image/3450.jpg,Normal,5,train,843333c41f917f8b
T3_LAG,/kaggle/input/datasets/rayeedaabir/lag-database-part1-uk/LAG_database_part1_UK/non_glaucoma/image/3454.jpg,Normal,5,test,d7e4759315d17411
T3_LAG,/kaggle/input/datasets/rayeedaabir/lag-database-part1-uk/LAG_database_part1_UK/non_glaucoma/image/3458.jpg,Normal,5,test,c05f307b06e7097b
T3_LAG,/kaggle/input/datasets/rayeedaabir/lag-database-part1-uk/LAG_database_part1_UK/non_glaucoma/image/3459.jpg,Normal,5,train,dfe37c3e00e3803c
T3_LAG,/kaggle/input/datasets/rayeedaabir/lag-database-part1-uk/LAG_database_part1_UK/non_glaucoma/image/3460.jpg,Normal,5,train,c7813c0e639f3c3a
T3_LAG,/kaggle/input/datasets/rayeedaabir/lag-database-part1-uk/LAG_database_part1_UK/non_glaucoma/image/3461.jpg,Normal,5,train,92b555d652da4a5a
T3_LAG,/kaggle/input/datasets/rayeedaabir/lag-database-part1-uk/LAG_database_part1_UK/non_glaucoma/image/3465.jpg,Normal,5,train,9562694b15f4652f
T3_LAG,/kaggle/input/datasets/rayeedaabir/lag-database-part1-uk/LAG_database_part1_UK/non_glaucoma/image/3467.jpg,Normal,5,train,956a4a37255a653d
T3_LAG,/kaggle/input/datasets/rayeedaabir/lag-database-part1-uk/LAG_database_part1_UK/non_glaucoma/image/3469.jpg,Normal,5,train,9581757d569c622d
T3_LAG,/kaggle/input/datasets/rayeedaabir/lag-database-part1-uk/LAG_database_part1_UK/non_glaucoma/image/3472.jpg,Normal,5,train,dde7729b008d0277
T3_LAG,/kaggle/input/datasets/rayeedaabir/lag-database-part1-uk/LAG_database_part1_UK/non_glaucoma/image/3473.jpg,Normal,5,train,ccb380cc33cc33f3
T3_LAG,/kaggle/input/datasets/rayeedaabir/lag-database-part1-uk/LAG_database_part1_UK/non_glaucoma/image/3474.jpg,Normal,5,test,8f6a752a558a5535
T3_LAG,/kaggle/input/datasets/rayeedaabir/lag-database-part1-uk/LAG_database_part1_UK/non_glaucoma/image/3477.jpg,Normal,5,train,f2ff088022f7e8cc
T3_LAG,/kaggle/input/datasets/rayeedaabir/lag-database-part1-uk/LAG_database_part1_UK/non_glaucoma/image/3479.jpg,Normal,5,val,c07d1f3f60e0921f
T3_LAG,/kaggle/input/datasets/rayeedaabir/lag-database-part1-uk/LAG_database_part1_UK/non_glaucoma/image/3480.jpg,Normal,5,train,947765ed12d20a6d
T3_LAG,/kaggle/input/datasets/rayeedaabir/lag-database-part1-uk/LAG_database_part1_UK/non_glaucoma/image/3481.jpg,Normal,5,train,817814c7479c1fe7
T3_LAG,/kaggle/input/datasets/rayeedaabir/lag-database-part1-uk/LAG_database_part1_UK/non_glaucoma/image/3483.jpg,Normal,5,train,92926d4d6d3b1792
T3_LAG,/kaggle/input/datasets/rayeedaabir/lag-database-part1-uk/LAG_database_part1_UK/non_glaucoma/image/3484.jpg,Normal,5,train,df837c18c3c77038
T3_LAG,/kaggle/input/datasets/rayeedaabir/lag-database-part1-uk/LAG_database_part1_UK/non_glaucoma/image/3485.jpg,Normal,5,test,8c6b63981dc77714
T3_LAG,/kaggle/input/datasets/rayeedaabir/lag-database-part1-uk/LAG_database_part1_UK/non_glaucoma/image/3486.jpg,Normal,5,train,81c43c3d61e13e3f
T3_LAG,/kaggle/input/datasets/rayeedaabir/lag-database-part1-uk/LAG_database_part1_UK/non_glaucoma/image/3489.jpg,Normal,5,train,d5a9652517d57225
T3_LAG,/kaggle/input/datasets/rayeedaabir/lag-database-part1-uk/LAG_database_part1_UK/non_glaucoma/image/3491.jpg,Normal,5,train,96ec6d30169d6c96
T3_LAG,/kaggle/input/datasets/rayeedaabir/lag-database-part1-uk/LAG_database_part1_UK/non_glaucoma/image/3492.jpg,Normal,5,train,c0d03e5e62e73c1e
T3_LAG,/kaggle/input/datasets/rayeedaabir/lag-database-part1-uk/LAG_database_part1_UK/non_glaucoma/image/3493.jpg,Normal,5,train,d75269691752742d
T3_LAG,/kaggle/input/datasets/rayeedaabir/lag-database-part1-uk/LAG_database_part1_UK/non_glaucoma/image/3496.jpg,Normal,5,test,c3c73c786acf2039
T3_LAG,/kaggle/input/datasets/rayeedaabir/lag-database-part1-uk/LAG_database_part1_UK/non_glaucoma/image/3497.jpg,Normal,5,train,846967851dd6778c
T3_LAG,/kaggle/input/datasets/rayeedaabir/lag-database-part1-uk/LAG_database_part1_UK/non_glaucoma/image/3498.jpg,Normal,5,train,93d36d4837b2714c
T3_LAG,/kaggle/input/datasets/rayeedaabir/lag-database-part1-uk/LAG_database_part1_UK/non_glaucoma/image/3502.jpg,Normal,5,train,95a9550d55d5526d
T3_LAG,/kaggle/input/datasets/rayeedaabir/lag-database-part1-uk/LAG_database_part1_UK/non_glaucoma/image/3503.jpg,Normal,5,train,c311387e433d347e
T3_LAG,/kaggle/input/datasets/rayeedaabir/lag-database-part1-uk/LAG_database_part1_UK/non_glaucoma/image/3504.jpg,Normal,5,train,97926d6d55929295
T3_LAG,/kaggle/input/datasets/rayeedaabir/lag-database-part1-uk/LAG_database_part1_UK/non_glaucoma/image/3505.jpg,Normal,5,test,87c3383f439f305a
T3_LAG,/kaggle/input/datasets/rayeedaabir/lag-database-part1-uk/LAG_database_part1_UK/non_glaucoma/image/3507.jpg,Normal,5,train,816334ce479d1e79
T3_LAG,/kaggle/input/datasets/rayeedaabir/lag-database-part1-uk/LAG_database_part1_UK/non_glaucoma/image/3508.jpg,Normal,5,train,94ef459512c64a3f
T3_LAG,/kaggle/input/datasets/rayeedaabir/lag-database-part1-uk/LAG_database_part1_UK/non_glaucoma/image/3510.jpg,Normal,5,train,dd6732c748b82267
T3_LAG,/kaggle/input/datasets/rayeedaabir/lag-database-part1-uk/LAG_database_part1_UK/non_glaucoma/image/3514.jpg,Normal,5,train,d5a155d555a92ad4
T3_LAG,/kaggle/input/datasets/rayeedaabir/lag-database-part1-uk/LAG_database_part1_UK/non_glaucoma/image/3519.jpg,Normal,5,train,8d5a5a35ad4b523a
T3_LAG,/kaggle/input/datasets/rayeedaabir/lag-database-part1-uk/LAG_database_part1_UK/non_glaucoma/image/3525.jpg,Normal,5,train,91a6669913665add
T3_LAG,/kaggle/input/datasets/rayeedaabir/lag-database-part1-uk/LAG_database_part1_UK/non_glaucoma/image/3533.jpg,Normal,5,train,93426d2b17b3656a
T3_LAG,/kaggle/input/datasets/rayeedaabir/lag-database-part1-uk/LAG_database_part1_UK/non_glaucoma/image/3536.jpg,Normal,5,train,94d668496db6d623
T3_LAG,/kaggle/input/datasets/rayeedaabir/lag-database-part1-uk/LAG_database_part1_UK/non_glaucoma/image/3537.jpg,Normal,5,val,d55e650e156a552e
T3_LAG,/kaggle/input/datasets/rayeedaabir/lag-database-part1-uk/LAG_database_part1_UK/non_glaucoma/image/3538.jpg,Normal,5,test,c0c33ebf20e380bf
T3_LAG,/kaggle/input/datasets/rayeedaabir/lag-database-part1-uk/LAG_database_part1_UK/non_glaucoma/image/3539.jpg,Normal,5,train,9469c16fd2354a3d
T3_LAG,/kaggle/input/datasets/rayeedaabir/lag-database-part1-uk/LAG_database_part1_UK/non_glaucoma/image/3541.jpg,Normal,5,test,97c6693d1472652e
T3_LAG,/kaggle/input/datasets/rayeedaabir/lag-database-part1-uk/LAG_database_part1_UK/non_glaucoma/image/3542.jpg,Normal,5,train,802d77b555d6561c
T3_LAG,/kaggle/input/datasets/rayeedaabir/lag-database-part1-uk/LAG_database_part1_UK/non_glaucoma/image/3543.jpg,Normal,5,test,96e66d2916926d69
T3_LAG,/kaggle/input/datasets/rayeedaabir/lag-database-part1-uk/LAG_database_part1_UK/non_glaucoma/image/3544.jpg,Normal,5,train,c1c33c3e08c783fe
T3_LAG,/kaggle/input/datasets/rayeedaabir/lag-database-part1-uk/LAG_database_part1_UK/non_glaucoma/image/3548.jpg,Normal,5,train,c66e313947861f39
T3_LAG,/kaggle/input/datasets/rayeedaabir/lag-database-part1-uk/LAG_database_part1_UK/non_glaucoma/image/3549.jpg,Normal,5,train,d532753155c55617
T3_LAG,/kaggle/input/datasets/rayeedaabir/lag-database-part1-uk/LAG_database_part1_UK/non_glaucoma/image/3550.jpg,Normal,5,val,ddbd36c248932a66
T3_LAG,/kaggle/input/datasets/rayeedaabir/lag-database-part1-uk/LAG_database_part1_UK/non_glaucoma/image/3552.jpg,Normal,5,train,c6c7393842a73679
T3_LAG,/kaggle/input/datasets/rayeedaabir/lag-database-part1-uk/LAG_database_part1_UK/non_glaucoma/image/3553.jpg,Normal,5,train,d16c74f34ac72a4c
T3_LAG,/kaggle/input/datasets/rayeedaabir/lag-database-part1-uk/LAG_database_part1_UK/non_glaucoma/image/3554.jpg,Normal,5,train,c1c73c3e63c73039
T3_LAG,/kaggle/input/datasets/rayeedaabir/lag-database-part1-uk/LAG_database_part1_UK/non_glaucoma/image/3557.jpg,Normal,5,test,8aea6b89a6946b69
T3_LAG,/kaggle/input/datasets/rayeedaabir/lag-database-part1-uk/LAG_database_part1_UK/non_glaucoma/image/3561.jpg,Normal,5,train,952b553d56954a65
T3_LAG,/kaggle/input/datasets/rayeedaabir/lag-database-part1-uk/LAG_database_part1_UK/non_glaucoma/image/3562.jpg,Normal,5,train,81eb75a955e15615
T3_LAG,/kaggle/input/datasets/rayeedaabir/lag-database-part1-uk/LAG_database_part1_UK/non_glaucoma/image/3563.jpg,Normal,5,train,c0d23f3f60e0923f
T3_LAG,/kaggle/input/datasets/rayeedaabir/lag-database-part1-uk/LAG_database_part1_UK/non_glaucoma/image/3564.jpg,Normal,5,train,c15b34bec0ef003f
T3_LAG,/kaggle/input/datasets/rayeedaabir/lag-database-part1-uk/LAG_database_part1_UK/non_glaucoma/image/3567.jpg,Normal,5,train,9583654d36966a6d
T3_LAG,/kaggle/input/datasets/rayeedaabir/lag-database-part1-uk/LAG_database_part1_UK/non_glaucoma/image/3568.jpg,Normal,5,train,82f169c69691696f
T3_LAG,/kaggle/input/datasets/rayeedaabir/lag-database-part1-uk/LAG_database_part1_UK/non_glaucoma/image/3571.jpg,Normal,5,train,9463699d16926b6d
T3_LAG,/kaggle/input/datasets/rayeedaabir/lag-database-part1-uk/LAG_database_part1_UK/non_glaucoma/image/3575.jpg,Normal,5,train,d53f30db40d8027f
T3_LAG,/kaggle/input/datasets/rayeedaabir/lag-database-part1-uk/LAG_database_part1_UK/non_glaucoma/image/3577.jpg,Normal,5,train,94b46b4b4d95b41e
T3_LAG,/kaggle/input/datasets/rayeedaabir/lag-database-part1-uk/LAG_database_part1_UK/non_glaucoma/image/3582.jpg,Normal,5,train,92ec6c1e93346c6b
T3_LAG,/kaggle/input/datasets/rayeedaabir/lag-database-part1-uk/LAG_database_part1_UK/non_glaucoma/image/3588.jpg,Normal,5,train,819114e7579c5ec7
T3_LAG,/kaggle/input/datasets/rayeedaabir/lag-database-part1-uk/LAG_database_part1_UK/non_glaucoma/image/3589.jpg,Normal,5,train,817714e9479a5e69
T3_LAG,/kaggle/input/datasets/rayeedaabir/lag-database-part1-uk/LAG_database_part1_UK/non_glaucoma/image/3592.jpg,Normal,5,train,d793646d16936865
T3_LAG,/kaggle/input/datasets/rayeedaabir/lag-database-part1-uk/LAG_database_part1_UK/non_glaucoma/image/3593.jpg,Normal,5,train,a0f01f1f8fe8f0e0
T3_LAG,/kaggle/input/datasets/rayeedaabir/lag-database-part1-uk/LAG_database_part1_UK/non_glaucoma/image/3594.jpg,Normal,5,train,87cb383943cf3839
T3_LAG,/kaggle/input/datasets/rayeedaabir/lag-database-part1-uk/LAG_database_part1_UK/non_glaucoma/image/3597.jpg,Normal,5,train,c05f1f60609f0f6e
T3_LAG,/kaggle/input/datasets/rayeedaabir/lag-database-part1-uk/LAG_database_part1_UK/non_glaucoma/image/3600.jpg,Normal,5,train,ddff74c049830a47
T3_LAG,/kaggle/input/datasets/rayeedaabir/lag-database-part1-uk/LAG_database_part1_UK/non_glaucoma/image/3601.jpg,Normal,5,train,df747c70e0653039
T3_LAG,/kaggle/input/datasets/rayeedaabir/lag-database-part1-uk/LAG_database_part1_UK/non_glaucoma/image/3605.jpg,Normal,5,val,cfef303e41ef0038
T3_LAG,/kaggle/input/datasets/rayeedaabir/lag-database-part1-uk/LAG_database_part1_UK/non_glaucoma/image/3606.jpg,Normal,5,val,954a552a552dda3d
T3_LAG,/kaggle/input/datasets/rayeedaabir/lag-database-part1-uk/LAG_database_part1_UK/non_glaucoma/image/3609.jpg,Normal,5,test,8c6b67a21d997722
T3_LAG,/kaggle/input/datasets/rayeedaabir/lag-database-part1-uk/LAG_database_part1_UK/non_glaucoma/image/3610.jpg,Normal,5,val,c0e03e3f61e2163f
T3_LAG,/kaggle/input/datasets/rayeedaabir/lag-database-part1-uk/LAG_database_part1_UK/non_glaucoma/image/3612.jpg,Normal,5,test,c3e71cfe60ee2038
T3_LAG,/kaggle/input/datasets/rayeedaabir/lag-database-part1-uk/LAG_database_part1_UK/non_glaucoma/image/3614.jpg,Normal,5,train,d467619b12c54a7d
T3_LAG,/kaggle/input/datasets/rayeedaabir/lag-database-part1-uk/LAG_database_part1_UK/non_glaucoma/image/3616.jpg,Normal,5,val,c17534c3479c1fc3
T3_LAG,/kaggle/input/datasets/rayeedaabir/lag-database-part1-uk/LAG_database_part1_UK/non_glaucoma/image/3619.jpg,Normal,5,val,95c76d6a34b0713c
T3_LAG,/kaggle/input/datasets/rayeedaabir/lag-database-part1-uk/LAG_database_part1_UK/non_glaucoma/image/3623.jpg,Normal,5,train,88a7359515d45757
T3_LAG,/kaggle/input/datasets/rayeedaabir/lag-database-part1-uk/LAG_database_part1_UK/non_glaucoma/image/3628.jpg,Normal,5,val,90d7656d12936a6d
T3_LAG,/kaggle/input/datasets/rayeedaabir/lag-database-part1-uk/LAG_database_part1_UK/non_glaucoma/image/3629.jpg,Normal,5,val,92d26d6d3392946d
T3_LAG,/kaggle/input/datasets/rayeedaabir/lag-database-part1-uk/LAG_database_part1_UK/non_glaucoma/image/3633.jpg,Normal,5,val,95e4695a35b5694a
T3_LAG,/kaggle/input/datasets/rayeedaabir/lag-database-part1-uk/LAG_database_part1_UK/non_glaucoma/image/3634.jpg,Normal,5,train,80db346b09b710ff
T3_LAG,/kaggle/input/datasets/rayeedaabir/lag-database-part1-uk/LAG_database_part1_UK/non_glaucoma/image/3636.jpg,Normal,5,train,816e3ccb43963e4b
T3_LAG,/kaggle/input/datasets/rayeedaabir/lag-database-part1-uk/LAG_database_part1_UK/non_glaucoma/image/3637.jpg,Normal,5,val,c3c73c1c438f3d38
T3_LAG,/kaggle/input/datasets/rayeedaabir/lag-database-part1-uk/LAG_database_part1_UK/non_glaucoma/image/3641.jpg,Normal,5,train,96b6696b14966969
T3_LAG,/kaggle/input/datasets/rayeedaabir/lag-database-part1-uk/LAG_database_part1_UK/non_glaucoma/image/3644.jpg,Normal,5,test,d4756b4a35344b4b
T3_LAG,/kaggle/input/datasets/rayeedaabir/lag-database-part1-uk/LAG_database_part1_UK/non_glaucoma/image/3645.jpg,Normal,5,train,c0c5387946cf317b
T3_LAG,/kaggle/input/datasets/rayeedaabir/lag-database-part1-uk/LAG_database_part1_UK/non_glaucoma/image/3646.jpg,Normal,5,train,d5d36d4916967069
T3_LAG,/kaggle/input/datasets/rayeedaabir/lag-database-part1-uk/LAG_database_part1_UK/non_glaucoma/image/3649.jpg,Normal,5,train,92ca6a2ab6a56b6a
T3_LAG,/kaggle/input/datasets/rayeedaabir/lag-database-part1-uk/LAG_database_part1_UK/non_glaucoma/image/3653.jpg,Normal,5,train,c2c33d1c42c33d3f
T3_LAG,/kaggle/input/datasets/rayeedaabir/lag-database-part1-uk/LAG_database_part1_UK/non_glaucoma/image/3654.jpg,Normal,5,train,c3cf183f01ef017a
T3_LAG,/kaggle/input/datasets/rayeedaabir/lag-database-part1-uk/LAG_database_part1_UK/non_glaucoma/image/3655.jpg,Normal,5,train,946d659612d24b3f
T3_LAG,/kaggle/input/datasets/rayeedaabir/lag-database-part1-uk/LAG_database_part1_UK/non_glaucoma/image/3657.jpg,Normal,5,train,83c0381fc2bb387f
T3_LAG,/kaggle/input/datasets/rayeedaabir/lag-database-part1-uk/LAG_database_part1_UK/non_glaucoma/image/3660.jpg,Normal,5,train,809807077ffc5f07
T3_LAG,/kaggle/input/datasets/rayeedaabir/lag-database-part1-uk/LAG_database_part1_UK/non_glaucoma/image/3661.jpg,Normal,5,train,d9ff20e001c305ff
T3_LAG,/kaggle/input/datasets/rayeedaabir/lag-database-part1-uk/LAG_database_part1_UK/non_glaucoma/image/3663.jpg,Normal,5,test,d5c4650d16f1f06d
T3_LAG,/kaggle/input/datasets/rayeedaabir/lag-database-part1-uk/LAG_database_part1_UK/non_glaucoma/image/3667.jpg,Normal,5,train,80e867861d9d5737
T3_LAG,/kaggle/input/datasets/rayeedaabir/lag-database-part1-uk/LAG_database_part1_UK/non_glaucoma/image/3671.jpg,Normal,5,val,c14f1cbe01f305be
T3_LAG,/kaggle/input/datasets/rayeedaabir/lag-database-part1-uk/LAG_database_part1_UK/non_glaucoma/image/3672.jpg,Normal,5,train,857830e747967969
T3_LAG,/kaggle/input/datasets/rayeedaabir/lag-database-part1-uk/LAG_database_part1_UK/non_glaucoma/image/3676.jpg,Normal,5,test,806a679315de5717
T3_LAG,/kaggle/input/datasets/rayeedaabir/lag-database-part1-uk/LAG_database_part1_UK/non_glaucoma/image/3679.jpg,Normal,5,test,c49f0b7c788f08f8
T3_LAG,/kaggle/input/datasets/rayeedaabir/lag-database-part1-uk/LAG_database_part1_UK/non_glaucoma/image/3680.jpg,Normal,5,val,d43f32dc48ef22d0
T3_LAG,/kaggle/input/datasets/rayeedaabir/lag-database-part1-uk/LAG_database_part1_UK/non_glaucoma/image/3681.jpg,Normal,5,test,83e63c1c5ac339bc
T3_LAG,/kaggle/input/datasets/rayeedaabir/lag-database-part1-uk/LAG_database_part1_UK/non_glaucoma/image/3684.jpg,Normal,5,train,906b679d12c74b9c
T3_LAG,/kaggle/input/datasets/rayeedaabir/lag-database-part1-uk/LAG_database_part1_UK/non_glaucoma/image/3685.jpg,Normal,5,train,d4c3456952ee4a6d
T3_LAG,/kaggle/input/datasets/rayeedaabir/lag-database-part1-uk/LAG_database_part1_UK/non_glaucoma/image/3688.jpg,Normal,5,train,95f56512164d6d96
T3_LAG,/kaggle/input/datasets/rayeedaabir/lag-database-part1-uk/LAG_database_part1_UK/non_glaucoma/image/3690.jpg,Normal,5,train,c1e23d1c479f3c38
T3_LAG,/kaggle/input/datasets/rayeedaabir/lag-database-part1-uk/LAG_database_part1_UK/non_glaucoma/image/3693.jpg,Normal,5,train,95d5692c1d92656d
T3_LAG,/kaggle/input/datasets/rayeedaabir/lag-database-part1-uk/LAG_database_part1_UK/non_glaucoma/image/3694.jpg,Normal,5,train,c1cb3e3e41e1913e
T3_LAG,/kaggle/input/datasets/rayeedaabir/lag-database-part1-uk/LAG_database_part1_UK/non_glaucoma/image/3697.jpg,Normal,5,train,c0f81c6f6197306f
T3_LAG,/kaggle/input/datasets/rayeedaabir/lag-database-part1-uk/LAG_database_part1_UK/non_glaucoma/image/3699.jpg,Normal,5,train,94d4696b34b4696b
T3_LAG,/kaggle/input/datasets/rayeedaabir/lag-database-part1-uk/LAG_database_part1_UK/non_glaucoma/image/3700.jpg,Normal,5,train,90666db132cb4b6d
T3_LAG,/kaggle/input/datasets/rayeedaabir/lag-database-part1-uk/LAG_database_part1_UK/non_glaucoma/image/3703.jpg,Normal,5,test,c6c139336e9d303b
T3_LAG,/kaggle/input/datasets/rayeedaabir/lag-database-part1-uk/LAG_database_part1_UK/non_glaucoma/image/3706.jpg,Normal,5,train,966d61b412c36b3e
T3_LAG,/kaggle/input/datasets/rayeedaabir/lag-database-part1-uk/LAG_database_part1_UK/non_glaucoma/image/3713.jpg,Normal,5,train,d529652d17b56c25
T3_LAG,/kaggle/input/datasets/rayeedaabir/lag-database-part1-uk/LAG_database_part1_UK/non_glaucoma/image/3715.jpg,Normal,5,train,c0d3393f066f203f
T3_LAG,/kaggle/input/datasets/rayeedaabir/lag-database-part1-uk/LAG_database_part1_UK/non_glaucoma/image/3716.jpg,Normal,5,train,87c338384eceb939
T3_LAG,/kaggle/input/datasets/rayeedaabir/lag-database-part1-uk/LAG_database_part1_UK/non_glaucoma/image/3719.jpg,Normal,5,train,c0d5207e027f267f
T3_LAG,/kaggle/input/datasets/rayeedaabir/lag-database-part1-uk/LAG_database_part1_UK/non_glaucoma/image/3720.jpg,Normal,5,train,978375255593546d
T3_LAG,/kaggle/input/datasets/rayeedaabir/lag-database-part1-uk/LAG_database_part1_UK/non_glaucoma/image/3722.jpg,Normal,5,test,cf813c3ce3c3b838
T3_LAG,/kaggle/input/datasets/rayeedaabir/lag-database-part1-uk/LAG_database_part1_UK/non_glaucoma/image/3723.jpg,Normal,5,train,956f42bb009f4a5b
T3_LAG,/kaggle/input/datasets/rayeedaabir/lag-database-part1-uk/LAG_database_part1_UK/non_glaucoma/image/3724.jpg,Normal,5,val,c8f8360f61f0f0f2
T3_LAG,/kaggle/input/datasets/rayeedaabir/lag-database-part1-uk/LAG_database_part1_UK/non_glaucoma/image/3726.jpg,Normal,5,train,c17f307e01ff00ba
T3_LAG,/kaggle/input/datasets/rayeedaabir/lag-database-part1-uk/LAG_database_part1_UK/non_glaucoma/image/3728.jpg,Normal,5,test,9463659612cf6a1f
T3_LAG,/kaggle/input/datasets/rayeedaabir/lag-database-part1-uk/LAG_database_part1_UK/non_glaucoma/image/3729.jpg,Normal,5,train,dc6d72d348970276
T3_LAG,/kaggle/input/datasets/rayeedaabir/lag-database-part1-uk/LAG_database_part1_UK/non_glaucoma/image/3740.jpg,Normal,5,test,c3c33c3c58e3c1c7
T3_LAG,/kaggle/input/datasets/rayeedaabir/lag-database-part1-uk/LAG_database_part1_UK/non_glaucoma/image/3743.jpg,Normal,5,train,94a565b712d26a5e
T3_LAG,/kaggle/input/datasets/rayeedaabir/lag-database-part1-uk/LAG_database_part1_UK/non_glaucoma/image/3745.jpg,Normal,5,train,c3913c7867c73c38
T3_LAG,/kaggle/input/datasets/rayeedaabir/lag-database-part1-uk/LAG_database_part1_UK/non_glaucoma/image/3746.jpg,Normal,5,train,d96636d94a972a64
T3_LAG,/kaggle/input/datasets/rayeedaabir/lag-database-part1-uk/LAG_database_part1_UK/non_glaucoma/image/3747.jpg,Normal,5,val,c1673cde61d10c3e
T3_LAG,/kaggle/input/datasets/rayeedaabir/lag-database-part1-uk/LAG_database_part1_UK/non_glaucoma/image/3749.jpg,Normal,5,train,886667891db6778c
T3_LAG,/kaggle/input/datasets/rayeedaabir/lag-database-part1-uk/LAG_database_part1_UK/non_glaucoma/image/3752.jpg,Normal,5,train,85e330ce47945f69
T3_LAG,/kaggle/input/datasets/rayeedaabir/lag-database-part1-uk/LAG_database_part1_UK/non_glaucoma/image/3753.jpg,Normal,5,train,d5ff73dc40832249
T3_LAG,/kaggle/input/datasets/rayeedaabir/lag-database-part1-uk/LAG_database_part1_UK/non_glaucoma/image/3754.jpg,Normal,5,train,9195647551d97437
T3_LAG,/kaggle/input/datasets/rayeedaabir/lag-database-part1-uk/LAG_database_part1_UK/non_glaucoma/image/3757.jpg,Normal,5,train,c1f33c3e41c3953c
T3_LAG,/kaggle/input/datasets/rayeedaabir/lag-database-part1-uk/LAG_database_part1_UK/non_glaucoma/image/3758.jpg,Normal,5,train,d72b65ad1294686d
T3_LAG,/kaggle/input/datasets/rayeedaabir/lag-database-part1-uk/LAG_database_part1_UK/non_glaucoma/image/3760.jpg,Normal,5,train,c16f3c3f41cf103c
T3_LAG,/kaggle/input/datasets/rayeedaabir/lag-database-part1-uk/LAG_database_part1_UK/non_glaucoma/image/3763.jpg,Normal,5,val,88ad658615d55773
T3_LAG,/kaggle/input/datasets/rayeedaabir/lag-database-part1-uk/LAG_database_part1_UK/non_glaucoma/image/3765.jpg,Normal,5,train,96c66939168a6d6e
T3_LAG,/kaggle/input/datasets/rayeedaabir/lag-database-part1-uk/LAG_database_part1_UK/non_glaucoma/image/3767.jpg,Normal,5,train,95b55ac26ab4caca
T3_LAG,/kaggle/input/datasets/rayeedaabir/lag-database-part1-uk/LAG_database_part1_UK/non_glaucoma/image/3768.jpg,Normal,5,test,857330c447971f5b
T3_LAG,/kaggle/input/datasets/rayeedaabir/lag-database-part1-uk/LAG_database_part1_UK/non_glaucoma/image/3770.jpg,Normal,5,train,c0d33c7f61e1141f
T3_LAG,/kaggle/input/datasets/rayeedaabir/lag-database-part1-uk/LAG_database_part1_UK/non_glaucoma/image/3772.jpg,Normal,5,val,c76630b147ce7439
T3_LAG,/kaggle/input/datasets/rayeedaabir/lag-database-part1-uk/LAG_database_part1_UK/non_glaucoma/image/3773.jpg,Normal,5,train,c0d63e6d609e1e69
T3_LAG,/kaggle/input/datasets/rayeedaabir/lag-database-part1-uk/LAG_database_part1_UK/non_glaucoma/image/3776.jpg,Normal,5,train,c0381fe6659b1f2c
T3_LAG,/kaggle/input/datasets/rayeedaabir/lag-database-part1-uk/LAG_database_part1_UK/non_glaucoma/image/3777.jpg,Normal,5,train,c763308e47933c6b
T3_LAG,/kaggle/input/datasets/rayeedaabir/lag-database-part1-uk/LAG_database_part1_UK/non_glaucoma/image/3778.jpg,Normal,5,train,95b7406b02378b6f
T3_LAG,/kaggle/input/datasets/rayeedaabir/lag-database-part1-uk/LAG_database_part1_UK/non_glaucoma/image/3779.jpg,Normal,5,train,c3f03c6bc32e3c52
T3_LAG,/kaggle/input/datasets/rayeedaabir/lag-database-part1-uk/LAG_database_part1_UK/non_glaucoma/image/3780.jpg,Normal,5,train,c0e0349f0f3f61f1
T3_LAG,/kaggle/input/datasets/rayeedaabir/lag-database-part1-uk/LAG_database_part1_UK/non_glaucoma/image/3783.jpg,Normal,5,test,d4b26d2d16b2626d
T3_LAG,/kaggle/input/datasets/rayeedaabir/lag-database-part1-uk/LAG_database_part1_UK/non_glaucoma/image/3784.jpg,Normal,5,train,8a9269ea96b6616b
T3_LAG,/kaggle/input/datasets/rayeedaabir/lag-database-part1-uk/LAG_database_part1_UK/non_glaucoma/image/3785.jpg,Normal,5,train,d593416936b5626d
T3_LAG,/kaggle/input/datasets/rayeedaabir/lag-database-part1-uk/LAG_database_part1_UK/non_glaucoma/image/3788.jpg,Normal,5,train,c96f369949e6221b
T3_LAG,/kaggle/input/datasets/rayeedaabir/lag-database-part1-uk/LAG_database_part1_UK/non_glaucoma/image/3790.jpg,Normal,5,train,94d6696936b67149
T3_LAG,/kaggle/input/datasets/rayeedaabir/lag-database-part1-uk/LAG_database_part1_UK/non_glaucoma/image/3792.jpg,Normal,5,train,82c730bc43c7077f
T3_LAG,/kaggle/input/datasets/rayeedaabir/lag-database-part1-uk/LAG_database_part1_UK/non_glaucoma/image/3793.jpg,Normal,5,train,958565d556956475
T3_LAG,/kaggle/input/datasets/rayeedaabir/lag-database-part1-uk/LAG_database_part1_UK/non_glaucoma/image/3795.jpg,Normal,5,train,95526d5a176a55aa
T3_LAG,/kaggle/input/datasets/rayeedaabir/lag-database-part1-uk/LAG_database_part1_UK/non_glaucoma/image/3798.jpg,Normal,5,test,ddf976d648930246
T3_LAG,/kaggle/input/datasets/rayeedaabir/lag-database-part1-uk/LAG_database_part1_UK/non_glaucoma/image/3799.jpg,Normal,5,val,c0151f7b70b6127b
T3_LAG,/kaggle/input/datasets/rayeedaabir/lag-database-part1-uk/LAG_database_part1_UK/non_glaucoma/image/3802.jpg,Normal,5,train,94c74b6b3534d549
T3_LAG,/kaggle/input/datasets/rayeedaabir/lag-database-part1-uk/LAG_database_part1_UK/non_glaucoma/image/3803.jpg,Normal,5,train,d96c649249e626dd
T3_LAG,/kaggle/input/datasets/rayeedaabir/lag-database-part1-uk/LAG_database_part1_UK/non_glaucoma/image/3810.jpg,Normal,5,val,d495694b34b5724b
T3_LAG,/kaggle/input/datasets/rayeedaabir/lag-database-part1-uk/LAG_database_part1_UK/non_glaucoma/image/3811.jpg,Normal,5,train,803377b915dc5627
T3_LAG,/kaggle/input/datasets/rayeedaabir/lag-database-part1-uk/LAG_database_part1_UK/non_glaucoma/image/3812.jpg,Normal,5,val,c07f036f24fa112f
T3_LAG,/kaggle/input/datasets/rayeedaabir/lag-database-part1-uk/LAG_database_part1_UK/non_glaucoma/image/3813.jpg,Normal,5,train,d4d345dd12c22a6f
T3_LAG,/kaggle/input/datasets/rayeedaabir/lag-database-part1-uk/LAG_database_part1_UK/non_glaucoma/image/3814.jpg,Normal,5,train,c061367f40961e7f
T3_LAG,/kaggle/input/datasets/rayeedaabir/lag-database-part1-uk/LAG_database_part1_UK/non_glaucoma/image/3819.jpg,Normal,5,train,92da6563d2968c73
T3_LAG,/kaggle/input/datasets/rayeedaabir/lag-database-part1-uk/LAG_database_part1_UK/non_glaucoma/image/3820.jpg,Normal,5,train,8aba694d9692b36c
T3_LAG,/kaggle/input/datasets/rayeedaabir/lag-database-part1-uk/LAG_database_part1_UK/non_glaucoma/image/3822.jpg,Normal,5,train,918776745a1362f3
T3_LAG,/kaggle/input/datasets/rayeedaabir/lag-database-part1-uk/LAG_database_part1_UK/non_glaucoma/image/3823.jpg,Normal,5,test,81e1348d47971f3b
T3_LAG,/kaggle/input/datasets/rayeedaabir/lag-database-part1-uk/LAG_database_part1_UK/non_glaucoma/image/3824.jpg,Normal,5,train,89a827b515d55756
T3_LAG,/kaggle/input/datasets/rayeedaabir/lag-database-part1-uk/LAG_database_part1_UK/non_glaucoma/image/3827.jpg,Normal,5,train,dd7636c848e72299
T3_LAG,/kaggle/input/datasets/rayeedaabir/lag-database-part1-uk/LAG_database_part1_UK/non_glaucoma/image/3828.jpg,Normal,5,train,976f683535c84d26
T3_LAG,/kaggle/input/datasets/rayeedaabir/lag-database-part1-uk/LAG_database_part1_UK/non_glaucoma/image/3830.jpg,Normal,5,train,80953c57633e3c5e
T3_LAG,/kaggle/input/datasets/rayeedaabir/lag-database-part1-uk/LAG_database_part1_UK/non_glaucoma/image/3832.jpg,Normal,5,train,853f30c647981f6b
T3_LAG,/kaggle/input/datasets/rayeedaabir/lag-database-part1-uk/LAG_database_part1_UK/non_glaucoma/image/3833.jpg,Normal,5,train,d583959895b7958c
T3_LAG,/kaggle/input/datasets/rayeedaabir/lag-database-part1-uk/LAG_database_part1_UK/non_glaucoma/image/3837.jpg,Normal,5,train,952b55ad52976a25
T3_LAG,/kaggle/input/datasets/rayeedaabir/lag-database-part1-uk/LAG_database_part1_UK/non_glaucoma/image/3841.jpg,Normal,5,train,d4ea493514c96ed5
T3_LAG,/kaggle/input/datasets/rayeedaabir/lag-database-part1-uk/LAG_database_part1_UK/non_glaucoma/image/3844.jpg,Normal,5,train,d5c1550f73a54a5c
T3_LAG,/kaggle/input/datasets/rayeedaabir/lag-database-part1-uk/LAG_database_part1_UK/non_glaucoma/image/3845.jpg,Normal,5,train,80631fe7659e1f60
T3_LAG,/kaggle/input/datasets/rayeedaabir/lag-database-part1-uk/LAG_database_part1_UK/non_glaucoma/image/3846.jpg,Normal,5,train,d591656d17957225
T3_LAG,/kaggle/input/datasets/rayeedaabir/lag-database-part1-uk/LAG_database_part1_UK/non_glaucoma/image/3847.jpg,Normal,5,train,977261351769750e
T3_LAG,/kaggle/input/datasets/rayeedaabir/lag-database-part1-uk/LAG_database_part1_UK/non_glaucoma/image/3849.jpg,Normal,5,train,9c6867821d8f7731
T3_LAG,/kaggle/input/datasets/rayeedaabir/lag-database-part1-uk/LAG_database_part1_UK/non_glaucoma/image/3850.jpg,Normal,5,train,d647383f405f007f
T3_LAG,/kaggle/input/datasets/rayeedaabir/lag-database-part1-uk/LAG_database_part1_UK/non_glaucoma/image/3852.jpg,Normal,5,train,9642696d1fb0656d
T3_LAG,/kaggle/input/datasets/rayeedaabir/lag-database-part1-uk/LAG_database_part1_UK/non_glaucoma/image/3853.jpg,Normal,5,test,946f61b912d64a3e
T3_LAG,/kaggle/input/datasets/rayeedaabir/lag-database-part1-uk/LAG_database_part1_UK/non_glaucoma/image/3856.jpg,Normal,5,train,c76030c3479d1f4f
T3_LAG,/kaggle/input/datasets/rayeedaabir/lag-database-part1-uk/LAG_database_part1_UK/non_glaucoma/image/3857.jpg,Normal,5,test,816a1c2b47a55fe5
T3_LAG,/kaggle/input/datasets/rayeedaabir/lag-database-part1-uk/LAG_database_part1_UK/non_glaucoma/image/3858.jpg,Normal,5,test,8af669492e94b74c
T3_LAG,/kaggle/input/datasets/rayeedaabir/lag-database-part1-uk/LAG_database_part1_UK/non_glaucoma/image/3861.jpg,Normal,5,train,95c85e35554a3ab5
T3_LAG,/kaggle/input/datasets/rayeedaabir/lag-database-part1-uk/LAG_database_part1_UK/non_glaucoma/image/3864.jpg,Normal,5,val,c1d83ee7609f1c61
T3_LAG,/kaggle/input/datasets/rayeedaabir/lag-database-part1-uk/LAG_database_part1_UK/non_glaucoma/image/3865.jpg,Normal,5,train,d96676dc48992672
T3_LAG,/kaggle/input/datasets/rayeedaabir/lag-database-part1-uk/LAG_database_part1_UK/non_glaucoma/image/3867.jpg,Normal,5,train,95d44b4b35b46969
T3_LAG,/kaggle/input/datasets/rayeedaabir/lag-database-part1-uk/LAG_database_part1_UK/non_glaucoma/image/3870.jpg,Normal,5,train,c1603ce347951f4f
T3_LAG,/kaggle/input/datasets/rayeedaabir/lag-database-part1-uk/LAG_database_part1_UK/non_glaucoma/image/3871.jpg,Normal,5,train,92ed6d9612cd6a32
T3_LAG,/kaggle/input/datasets/rayeedaabir/lag-database-part1-uk/LAG_database_part1_UK/non_glaucoma/image/3872.jpg,Normal,5,train,9162269957265fd9
T3_LAG,/kaggle/input/datasets/rayeedaabir/lag-database-part1-uk/LAG_database_part1_UK/non_glaucoma/image/3875.jpg,Normal,5,val,d53136d348c6227f
T3_LAG,/kaggle/input/datasets/rayeedaabir/lag-database-part1-uk/LAG_database_part1_UK/non_glaucoma/image/3880.jpg,Normal,5,train,94e96994b46b4bb4
T3_LAG,/kaggle/input/datasets/rayeedaabir/lag-database-part1-uk/LAG_database_part1_UK/non_glaucoma/image/3884.jpg,Normal,5,train,940d66fe01ff085e
T3_LAG,/kaggle/input/datasets/rayeedaabir/lag-database-part1-uk/LAG_database_part1_UK/non_glaucoma/image/3888.jpg,Normal,5,test,966d699612c26b3b
T3_LAG,/kaggle/input/datasets/rayeedaabir/lag-database-part1-uk/LAG_database_part1_UK/non_glaucoma/image/3891.jpg,Normal,5,train,8159387e4367387e
T3_LAG,/kaggle/input/datasets/rayeedaabir/lag-database-part1-uk/LAG_database_part1_UK/non_glaucoma/image/3892.jpg,Normal,5,val,9545575a3db94658
T3_LAG,/kaggle/input/datasets/rayeedaabir/lag-database-part1-uk/LAG_database_part1_UK/non_glaucoma/image/3894.jpg,Normal,5,test,953e45db55954469
T3_LAG,/kaggle/input/datasets/rayeedaabir/lag-database-part1-uk/LAG_database_part1_UK/non_glaucoma/image/3895.jpg,Normal,5,train,95a6750a176e7531
T3_LAG,/kaggle/input/datasets/rayeedaabir/lag-database-part1-uk/LAG_database_part1_UK/non_glaucoma/image/3900.jpg,Normal,5,train,855a25c21dd95737
T3_LAG,/kaggle/input/datasets/rayeedaabir/lag-database-part1-uk/LAG_database_part1_UK/non_glaucoma/image/3902.jpg,Normal,5,val,d5e3648d12956a67
T3_LAG,/kaggle/input/datasets/rayeedaabir/lag-database-part1-uk/LAG_database_part1_UK/non_glaucoma/image/3904.jpg,Normal,5,train,9065659712d64b7e
T3_LAG,/kaggle/input/datasets/rayeedaabir/lag-database-part1-uk/LAG_database_part1_UK/non_glaucoma/image/3906.jpg,Normal,5,test,86a4387867b73c78
T3_LAG,/kaggle/input/datasets/rayeedaabir/lag-database-part1-uk/LAG_database_part1_UK/non_glaucoma/image/3908.jpg,Normal,5,train,95f44a4e1db2cc4b
T3_LAG,/kaggle/input/datasets/rayeedaabir/lag-database-part1-uk/LAG_database_part1_UK/non_glaucoma/image/3909.jpg,Normal,5,train,d5d5694b3790614d
T3_LAG,/kaggle/input/datasets/rayeedaabir/lag-database-part1-uk/LAG_database_part1_UK/non_glaucoma/image/3911.jpg,Normal,5,train,9546686a35bb616b
T3_LAG,/kaggle/input/datasets/rayeedaabir/lag-database-part1-uk/LAG_database_part1_UK/non_glaucoma/image/3912.jpg,Normal,5,train,d4d5696b369a6126
T3_LAG,/kaggle/input/datasets/rayeedaabir/lag-database-part1-uk/LAG_database_part1_UK/non_glaucoma/image/3913.jpg,Normal,5,train,ddf732c848b222cd
T3_LAG,/kaggle/input/datasets/rayeedaabir/lag-database-part1-uk/LAG_database_part1_UK/non_glaucoma/image/3917.jpg,Normal,5,test,95cf4235157a4ab5
T3_LAG,/kaggle/input/datasets/rayeedaabir/lag-database-part1-uk/LAG_database_part1_UK/non_glaucoma/image/3918.jpg,Normal,5,train,c3d83c4743bc3cc3
T3_LAG,/kaggle/input/datasets/rayeedaabir/lag-database-part1-uk/LAG_database_part1_UK/non_glaucoma/image/3920.jpg,Normal,5,train,8d8867e71dd85722
T3_LAG,/kaggle/input/datasets/rayeedaabir/lag-database-part1-uk/LAG_database_part1_UK/non_glaucoma/image/3921.jpg,Normal,5,train,94d2692c364b69f6
T3_LAG,/kaggle/input/datasets/rayeedaabir/lag-database-part1-uk/LAG_database_part1_UK/non_glaucoma/image/3933.jpg,Normal,5,train,94ff49b412d34b1a
T3_LAG,/kaggle/input/datasets/rayeedaabir/lag-database-part1-uk/LAG_database_part1_UK/non_glaucoma/image/3935.jpg,Normal,5,train,96d6694f1592456d
T3_LAG,/kaggle/input/datasets/rayeedaabir/lag-database-part1-uk/LAG_database_part1_UK/non_glaucoma/image/3942.jpg,Normal,5,train,c15f387a43e6307a
T3_LAG,/kaggle/input/datasets/rayeedaabir/lag-database-part1-uk/LAG_database_part1_UK/non_glaucoma/image/3943.jpg,Normal,5,train,c21d3c7b406f207f
T3_LAG,/kaggle/input/datasets/rayeedaabir/lag-database-part1-uk/LAG_database_part1_UK/non_glaucoma/image/3954.jpg,Normal,5,val,d53974f342860add
T3_LAG,/kaggle/input/datasets/rayeedaabir/lag-database-part1-uk/LAG_database_part1_UK/non_glaucoma/image/3956.jpg,Normal,5,train,d78a652d16b16a2d
T3_LAG,/kaggle/input/datasets/rayeedaabir/lag-database-part1-uk/LAG_database_part1_UK/non_glaucoma/image/3957.jpg,Normal,5,val,d5e555b355c15491
T3_LAG,/kaggle/input/datasets/rayeedaabir/lag-database-part1-uk/LAG_database_part1_UK/non_glaucoma/image/3960.jpg,Normal,5,val,9544753d353b5519
T3_LAG,/kaggle/input/datasets/rayeedaabir/lag-database-part1-uk/LAG_database_part1_UK/non_glaucoma/image/3962.jpg,Normal,5,val,8d6063b71d887733
T3_LAG,/kaggle/input/datasets/rayeedaabir/lag-database-part1-uk/LAG_database_part1_UK/non_glaucoma/image/3965.jpg,Normal,5,train,8a2a652b157b552f
T3_LAG,/kaggle/input/datasets/rayeedaabir/lag-database-part1-uk/LAG_database_part1_UK/non_glaucoma/image/3966.jpg,Normal,5,val,964a692d3696696b
T3_LAG,/kaggle/input/datasets/rayeedaabir/lag-database-part1-uk/LAG_database_part1_UK/non_glaucoma/image/3967.jpg,Normal,5,train,d5e7616917b46849
T3_LAG,/kaggle/input/datasets/rayeedaabir/lag-database-part1-uk/LAG_database_part1_UK/non_glaucoma/image/3969.jpg,Normal,5,train,8173348547957f63
T3_LAG,/kaggle/input/datasets/rayeedaabir/lag-database-part1-uk/LAG_database_part1_UK/non_glaucoma/image/3970.jpg,Normal,5,val,8ada6969169a656d
T3_LAG,/kaggle/input/datasets/rayeedaabir/lag-database-part1-uk/LAG_database_part1_UK/non_glaucoma/image/3973.jpg,Normal,5,train,94b561d716d24b6a
T3_LAG,/kaggle/input/datasets/rayeedaabir/lag-database-part1-uk/LAG_database_part1_UK/non_glaucoma/image/3975.jpg,Normal,5,train,888927b35dcc5733
T3_LAG,/kaggle/input/datasets/rayeedaabir/lag-database-part1-uk/LAG_database_part1_UK/non_glaucoma/image/3976.jpg,Normal,5,train,d93d36d748e30a64
T3_LAG,/kaggle/input/datasets/rayeedaabir/lag-database-part1-uk/LAG_database_part1_UK/non_glaucoma/image/3978.jpg,Normal,5,test,d5c974345af96226
T3_LAG,/kaggle/input/datasets/rayeedaabir/lag-database-part1-uk/LAG_database_part1_UK/non_glaucoma/image/3981.jpg,Normal,5,train,c1c73c1e611f1679
T3_LAG,/kaggle/input/datasets/rayeedaabir/lag-database-part1-uk/LAG_database_part1_UK/non_glaucoma/image/3982.jpg,Normal,5,train,95686a2d35d346bc
T3_LAG,/kaggle/input/datasets/rayeedaabir/lag-database-part1-uk/LAG_database_part1_UK/non_glaucoma/image/3983.jpg,Normal,5,test,c1c13e3f61e1263e
T3_LAG,/kaggle/input/datasets/rayeedaabir/lag-database-part1-uk/LAG_database_part1_UK/non_glaucoma/image/3985.jpg,Normal,5,train,c05f1c3f107f207e
T3_LAG,/kaggle/input/datasets/rayeedaabir/lag-database-part1-uk/LAG_database_part1_UK/non_glaucoma/image/3986.jpg,Normal,5,train,c17f3c6843b4383b
T3_LAG,/kaggle/input/datasets/rayeedaabir/lag-database-part1-uk/LAG_database_part1_UK/non_glaucoma/image/3987.jpg,Normal,5,train,99996666d9992936
T3_LAG,/kaggle/input/datasets/rayeedaabir/lag-database-part1-uk/LAG_database_part1_UK/non_glaucoma/image/3988.jpg,Normal,5,train,906569b632c36a3f
T3_LAG,/kaggle/input/datasets/rayeedaabir/lag-database-part1-uk/LAG_database_part1_UK/non_glaucoma/image/3989.jpg,Normal,5,train,96f269493592556d
T3_LAG,/kaggle/input/datasets/rayeedaabir/lag-database-part1-uk/LAG_database_part1_UK/non_glaucoma/image/3990.jpg,Normal,5,val,c3c3391c63c7a63c
T3_LAG,/kaggle/input/datasets/rayeedaabir/lag-database-part1-uk/LAG_database_part1_UK/non_glaucoma/image/3992.jpg,Normal,5,train,d5e4499d34c54a3d
T3_LAG,/kaggle/input/datasets/rayeedaabir/lag-database-part1-uk/LAG_database_part1_UK/non_glaucoma/image/3994.jpg,Normal,5,train,94e7659512d64a5e
T3_LAG,/kaggle/input/datasets/rayeedaabir/lag-database-part1-uk/LAG_database_part1_UK/non_glaucoma/image/3995.jpg,Normal,5,train,88a3658d1d57575c
T3_LAG,/kaggle/input/datasets/rayeedaabir/lag-database-part1-uk/LAG_database_part1_UK/non_glaucoma/image/3999.jpg,Normal,5,train,d5a555c55295ca65
T3_LAG,/kaggle/input/datasets/rayeedaabir/lag-database-part1-uk/LAG_database_part1_UK/non_glaucoma/image/4000.jpg,Normal,5,train,c3d33c1e42e7a13c
T3_LAG,/kaggle/input/datasets/rayeedaabir/lag-database-part1-uk/LAG_database_part1_UK/non_glaucoma/image/4002.jpg,Normal,5,train,812f679515c55717
T3_LAG,/kaggle/input/datasets/rayeedaabir/lag-database-part1-uk/LAG_database_part1_UK/non_glaucoma/image/4004.jpg,Normal,5,test,c0f01f8765931f6c
T3_LAG,/kaggle/input/datasets/rayeedaabir/lag-database-part1-uk/LAG_database_part1_UK/non_glaucoma/image/4006.jpg,Normal,5,val,dc6736d948b322c3
T3_LAG,/kaggle/input/datasets/rayeedaabir/lag-database-part1-uk/LAG_database_part1_UK/non_glaucoma/image/4007.jpg,Normal,5,train,96c279695596d169
T3_LAG,/kaggle/input/datasets/rayeedaabir/lag-database-part1-uk/LAG_database_part1_UK/non_glaucoma/image/4008.jpg,Normal,5,val,c3e13c3c63c33c3c
T3_LAG,/kaggle/input/datasets/rayeedaabir/lag-database-part1-uk/LAG_database_part1_UK/non_glaucoma/image/4010.jpg,Normal,5,test,95c6427915b6746d
T3_LAG,/kaggle/input/datasets/rayeedaabir/lag-database-part1-uk/LAG_database_part1_UK/non_glaucoma/image/4012.jpg,Normal,5,train,c0e31d1f62e1b51e
T3_LAG,/kaggle/input/datasets/rayeedaabir/lag-database-part1-uk/LAG_database_part1_UK/non_glaucoma/image/4023.jpg,Normal,5,test,970a65ed1297686d
T3_LAG,/kaggle/input/datasets/rayeedaabir/lag-database-part1-uk/LAG_database_part1_UK/non_glaucoma/image/4024.jpg,Normal,5,train,c3f33c2f41811d3e
T3_LAG,/kaggle/input/datasets/rayeedaabir/lag-database-part1-uk/LAG_database_part1_UK/non_glaucoma/image/4026.jpg,Normal,5,train,c0df1e7f00f3101f
T3_LAG,/kaggle/input/datasets/rayeedaabir/lag-database-part1-uk/LAG_database_part1_UK/non_glaucoma/image/4027.jpg,Normal,5,val,c563348647875f78
T3_LAG,/kaggle/input/datasets/rayeedaabir/lag-database-part1-uk/LAG_database_part1_UK/non_glaucoma/image/4030.jpg,Normal,5,val,d43736d948a70ad9
T3_LAG,/kaggle/input/datasets/rayeedaabir/lag-database-part1-uk/LAG_database_part1_UK/non_glaucoma/image/4034.jpg,Normal,5,val,c2c1387e47bd384e
T3_LAG,/kaggle/input/datasets/rayeedaabir/lag-database-part1-uk/LAG_database_part1_UK/non_glaucoma/image/4036.jpg,Normal,5,train,d17f207f017a056b
T3_LAG,/kaggle/input/datasets/rayeedaabir/lag-database-part1-uk/LAG_database_part1_UK/non_glaucoma/image/4039.jpg,Normal,5,test,c1e03e1f61d91e39
T3_LAG,/kaggle/input/datasets/rayeedaabir/lag-database-part1-uk/LAG_database_part1_UK/non_glaucoma/image/4041.jpg,Normal,5,train,d7ff69681490416d
T3_LAG,/kaggle/input/datasets/rayeedaabir/lag-database-part1-uk/LAG_database_part1_UK/non_glaucoma/image/4042.jpg,Normal,5,val,80c63dde723d306e
T3_LAG,/kaggle/input/datasets/rayeedaabir/lag-database-part1-uk/LAG_database_part1_UK/non_glaucoma/image/4046.jpg,Normal,5,train,94e7419312ce4a7f
T3_LAG,/kaggle/input/datasets/rayeedaabir/lag-database-part1-uk/LAG_database_part1_UK/non_glaucoma/image/4049.jpg,Normal,5,test,94ea6bac1696694b
T3_LAG,/kaggle/input/datasets/rayeedaabir/lag-database-part1-uk/LAG_database_part1_UK/non_glaucoma/image/4050.jpg,Normal,5,val,88a9258555d75757
T3_LAG,/kaggle/input/datasets/rayeedaabir/lag-database-part1-uk/LAG_database_part1_UK/non_glaucoma/image/4052.jpg,Normal,5,train,83e33c3c5ac783b4
T3_LAG,/kaggle/input/datasets/rayeedaabir/lag-database-part1-uk/LAG_database_part1_UK/non_glaucoma/image/4053.jpg,Normal,5,test,80c73cbc62e704fe
T3_LAG,/kaggle/input/datasets/rayeedaabir/lag-database-part1-uk/LAG_database_part1_UK/non_glaucoma/image/4054.jpg,Normal,5,train,9692696d1793656c
T3_LAG,/kaggle/input/datasets/rayeedaabir/lag-database-part1-uk/LAG_database_part1_UK/non_glaucoma/image/4059.jpg,Normal,5,train,94df1b74609b2de0
T3_LAG,/kaggle/input/datasets/rayeedaabir/lag-database-part1-uk/LAG_database_part1_UK/non_glaucoma/image/4060.jpg,Normal,5,test,8aea29ad96b169cc
T3_LAG,/kaggle/input/datasets/rayeedaabir/lag-database-part1-uk/LAG_database_part1_UK/non_glaucoma/image/4061.jpg,Normal,5,val,954b552d56355a35
T3_LAG,/kaggle/input/datasets/rayeedaabir/lag-database-part1-uk/LAG_database_part1_UK/non_glaucoma/image/4065.jpg,Normal,5,val,c17f3c7e00ef003e
T3_LAG,/kaggle/input/datasets/rayeedaabir/lag-database-part1-uk/LAG_database_part1_UK/non_glaucoma/image/4067.jpg,Normal,5,train,df83303f40db20ee
T3_LAG,/kaggle/input/datasets/rayeedaabir/lag-database-part1-uk/LAG_database_part1_UK/non_glaucoma/image/4068.jpg,Normal,5,test,87c73c3862c73879
T3_LAG,/kaggle/input/datasets/rayeedaabir/lag-database-part1-uk/LAG_database_part1_UK/non_glaucoma/image/4069.jpg,Normal,5,train,96d6696d2592706d
T3_LAG,/kaggle/input/datasets/rayeedaabir/lag-database-part1-uk/LAG_database_part1_UK/non_glaucoma/image/4070.jpg,Normal,5,train,96626d9992c56a3d
T3_LAG,/kaggle/input/datasets/rayeedaabir/lag-database-part1-uk/LAG_database_part1_UK/non_glaucoma/image/4073.jpg,Normal,5,test,ddff72d0408302cf
T3_LAG,/kaggle/input/datasets/rayeedaabir/lag-database-part1-uk/LAG_database_part1_UK/non_glaucoma/image/4074.jpg,Normal,5,train,df873c3840c7c07b
T3_LAG,/kaggle/input/datasets/rayeedaabir/lag-database-part1-uk/LAG_database_part1_UK/non_glaucoma/image/4078.jpg,Normal,5,val,946f41b712db4a6c
T3_LAG,/kaggle/input/datasets/rayeedaabir/lag-database-part1-uk/LAG_database_part1_UK/non_glaucoma/image/4085.jpg,Normal,5,val,d43f45f112c30a5f
T3_LAG,/kaggle/input/datasets/rayeedaabir/lag-database-part1-uk/LAG_database_part1_UK/non_glaucoma/image/4086.jpg,Normal,5,val,892667981d677798
T3_LAG,/kaggle/input/datasets/rayeedaabir/lag-database-part1-uk/LAG_database_part1_UK/non_glaucoma/image/4088.jpg,Normal,5,train,952a75895585769d
T3_LAG,/kaggle/input/datasets/rayeedaabir/lag-database-part1-uk/LAG_database_part1_UK/non_glaucoma/image/4089.jpg,Normal,5,test,87c73c3843e73c58
T3_LAG,/kaggle/input/datasets/rayeedaabir/lag-database-part1-uk/LAG_database_part1_UK/non_glaucoma/image/4096.jpg,Normal,5,test,c85b343f80ff007e
T3_LAG,/kaggle/input/datasets/rayeedaabir/lag-database-part1-uk/LAG_database_part1_UK/non_glaucoma/image/4097.jpg,Normal,5,train,c52d32db48ba2a76
T3_LAG,/kaggle/input/datasets/rayeedaabir/lag-database-part1-uk/LAG_database_part1_UK/non_glaucoma/image/4099.jpg,Normal,5,train,942d73b758cd2272
T3_LAG,/kaggle/input/datasets/rayeedaabir/lag-database-part1-uk/LAG_database_part1_UK/non_glaucoma/image/4101.jpg,Normal,5,train,c17834c3479c3e6b
T3_LAG,/kaggle/input/datasets/rayeedaabir/lag-database-part1-uk/LAG_database_part1_UK/non_glaucoma/image/4104.jpg,Normal,5,train,8c63638c5537555e
T3_LAG,/kaggle/input/datasets/rayeedaabir/lag-database-part1-uk/LAG_database_part1_UK/non_glaucoma/image/4106.jpg,Normal,5,train,d5cf4ab130ce4a33
T3_LAG,/kaggle/input/datasets/rayeedaabir/lag-database-part1-uk/LAG_database_part1_UK/non_glaucoma/image/4109.jpg,Normal,5,train,96d0690f16936d7c
T3_LAG,/kaggle/input/datasets/rayeedaabir/lag-database-part1-uk/LAG_database_part1_UK/non_glaucoma/image/4110.jpg,Normal,5,test,d5d4490b1fb27549
T3_LAG,/kaggle/input/datasets/rayeedaabir/lag-database-part1-uk/LAG_database_part1_UK/non_glaucoma/image/4112.jpg,Normal,5,train,80fd3d4740ad3c5d
T3_LAG,/kaggle/input/datasets/rayeedaabir/lag-database-part1-uk/LAG_database_part1_UK/non_glaucoma/image/4113.jpg,Normal,5,train,9752648a5be06d6d
T3_LAG,/kaggle/input/datasets/rayeedaabir/lag-database-part1-uk/LAG_database_part1_UK/non_glaucoma/image/4114.jpg,Normal,5,train,d56d76d948b62245
T3_LAG,/kaggle/input/datasets/rayeedaabir/lag-database-part1-uk/LAG_database_part1_UK/non_glaucoma/image/4115.jpg,Normal,5,train,969a696e9691656c
T3_LAG,/kaggle/input/datasets/rayeedaabir/lag-database-part1-uk/LAG_database_part1_UK/non_glaucoma/image/4116.jpg,Normal,5,train,c13c1ef1e1d21c4f
T3_LAG,/kaggle/input/datasets/rayeedaabir/lag-database-part1-uk/LAG_database_part1_UK/non_glaucoma/image/4119.jpg,Normal,5,train,d12f36d948a622dd
T3_LAG,/kaggle/input/datasets/rayeedaabir/lag-database-part1-uk/LAG_database_part1_UK/non_glaucoma/image/4121.jpg,Normal,5,train,cd3736cd49a72251
T3_LAG,/kaggle/input/datasets/rayeedaabir/lag-database-part1-uk/LAG_database_part1_UK/non_glaucoma/image/4124.jpg,Normal,5,train,c0fd1f1f3c70300f
T3_LAG,/kaggle/input/datasets/rayeedaabir/lag-database-part1-uk/LAG_database_part1_UK/non_glaucoma/image/4125.jpg,Normal,5,train,95a84bda2dbc714a
T3_LAG,/kaggle/input/datasets/rayeedaabir/lag-database-part1-uk/LAG_database_part1_UK/non_glaucoma/image/4130.jpg,Normal,5,val,9472638d17c67719
T3_LAG,/kaggle/input/datasets/rayeedaabir/lag-database-part1-uk/LAG_database_part1_UK/non_glaucoma/image/4133.jpg,Normal,5,train,9c7867821dcc7723
T3_LAG,/kaggle/input/datasets/rayeedaabir/lag-database-part1-uk/LAG_database_part1_UK/non_glaucoma/image/4138.jpg,Normal,5,train,d5b1650517d2696d
T3_LAG,/kaggle/input/datasets/rayeedaabir/lag-database-part1-uk/LAG_database_part1_UK/non_glaucoma/image/4140.jpg,Normal,5,val,d582752d57916a2d
T3_LAG,/kaggle/input/datasets/rayeedaabir/lag-database-part1-uk/LAG_database_part1_UK/non_glaucoma/image/4141.jpg,Normal,5,train,c0733ebee0e0143f
T3_LAG,/kaggle/input/datasets/rayeedaabir/lag-database-part1-uk/LAG_database_part1_UK/non_glaucoma/image/4142.jpg,Normal,5,val,80cc3f1f60d11e3f
T3_LAG,/kaggle/input/datasets/rayeedaabir/lag-database-part1-uk/LAG_database_part1_UK/non_glaucoma/image/4149.jpg,Normal,5,train,956e4ab530964a7b
T3_LAG,/kaggle/input/datasets/rayeedaabir/lag-database-part1-uk/LAG_database_part1_UK/non_glaucoma/image/4151.jpg,Normal,5,train,927a65eb128d4a6d
T3_LAG,/kaggle/input/datasets/rayeedaabir/lag-database-part1-uk/LAG_database_part1_UK/non_glaucoma/image/4153.jpg,Normal,5,train,91abc5a591b165b5
T3_LAG,/kaggle/input/datasets/rayeedaabir/lag-database-part1-uk/LAG_database_part1_UK/non_glaucoma/image/4157.jpg,Normal,5,train,9d4966a6529d0add
T3_LAG,/kaggle/input/datasets/rayeedaabir/lag-database-part1-uk/LAG_database_part1_UK/non_glaucoma/image/4159.jpg,Normal,5,test,d529751b55e55407
T3_LAG,/kaggle/input/datasets/rayeedaabir/lag-database-part1-uk/LAG_database_part1_UK/non_glaucoma/image/4165.jpg,Normal,5,test,83cb3e3e6ba63038
T3_LAG,/kaggle/input/datasets/rayeedaabir/lag-database-part1-uk/LAG_database_part1_UK/non_glaucoma/image/4166.jpg,Normal,5,train,94f76d0d12964a6d
T3_LAG,/kaggle/input/datasets/rayeedaabir/lag-database-part1-uk/LAG_database_part1_UK/non_glaucoma/image/4167.jpg,Normal,5,val,906d659712c76a6d
T3_LAG,/kaggle/input/datasets/rayeedaabir/lag-database-part1-uk/LAG_database_part1_UK/non_glaucoma/image/4168.jpg,Normal,5,train,d5a06d6c563274e5
T3_LAG,/kaggle/input/datasets/rayeedaabir/lag-database-part1-uk/LAG_database_part1_UK/non_glaucoma/image/4170.jpg,Normal,5,train,803b0e6117fe6793
T3_LAG,/kaggle/input/datasets/rayeedaabir/lag-database-part1-uk/LAG_database_part1_UK/non_glaucoma/image/4171.jpg,Normal,5,val,dd9b5532558c55a8
T3_LAG,/kaggle/input/datasets/rayeedaabir/lag-database-part1-uk/LAG_database_part1_UK/non_glaucoma/image/4173.jpg,Normal,5,train,952f74c55295caa6
T3_LAG,/kaggle/input/datasets/rayeedaabir/lag-database-part1-uk/LAG_database_part1_UK/non_glaucoma/image/4175.jpg,Normal,5,train,c2513c7342af317b
T3_LAG,/kaggle/input/datasets/rayeedaabir/lag-database-part1-uk/LAG_database_part1_UK/non_glaucoma/image/4176.jpg,Normal,5,train,d44a55ab52bd0ab5
T3_LAG,/kaggle/input/datasets/rayeedaabir/lag-database-part1-uk/LAG_database_part1_UK/non_glaucoma/image/4177.jpg,Normal,5,train,d1e476d948b62ac9
T3_LAG,/kaggle/input/datasets/rayeedaabir/lag-database-part1-uk/LAG_database_part1_UK/non_glaucoma/image/4179.jpg,Normal,5,train,dd6772c940a74ac9
T3_LAG,/kaggle/input/datasets/rayeedaabir/lag-database-part1-uk/LAG_database_part1_UK/non_glaucoma/image/4181.jpg,Normal,5,train,c1d13c1e61eb063f
T3_LAG,/kaggle/input/datasets/rayeedaabir/lag-database-part1-uk/LAG_database_part1_UK/non_glaucoma/image/4182.jpg,Normal,5,train,c0d7383e60ff00bb
T3_LAG,/kaggle/input/datasets/rayeedaabir/lag-database-part1-uk/LAG_database_part1_UK/non_glaucoma/image/4183.jpg,Normal,5,val,94d2694d166e692f
T3_LAG,/kaggle/input/datasets/rayeedaabir/lag-database-part1-uk/LAG_database_part1_UK/non_glaucoma/image/4185.jpg,Normal,5,val,958349bb55996a1d
T3_LAG,/kaggle/input/datasets/rayeedaabir/lag-database-part1-uk/LAG_database_part1_UK/non_glaucoma/image/4186.jpg,Normal,5,val,d52541f55a966a6c
T3_LAG,/kaggle/input/datasets/rayeedaabir/lag-database-part1-uk/LAG_database_part1_UK/non_glaucoma/image/4187.jpg,Normal,5,train,c07f086f60ff003f
T3_LAG,/kaggle/input/datasets/rayeedaabir/lag-database-part1-uk/LAG_database_part1_UK/non_glaucoma/image/4188.jpg,Normal,5,val,946765b612954a7e
T3_LAG,/kaggle/input/datasets/rayeedaabir/lag-database-part1-uk/LAG_database_part1_UK/non_glaucoma/image/4189.jpg,Normal,5,train,94e5497b3758590d
T3_LAG,/kaggle/input/datasets/rayeedaabir/lag-database-part1-uk/LAG_database_part1_UK/non_glaucoma/image/4190.jpg,Normal,5,train,88a267911d57575d
T3_LAG,/kaggle/input/datasets/rayeedaabir/lag-database-part1-uk/LAG_database_part1_UK/non_glaucoma/image/4192.jpg,Normal,5,train,c09f007f25fe01fa
T3_LAG,/kaggle/input/datasets/rayeedaabir/lag-database-part1-uk/LAG_database_part1_UK/non_glaucoma/image/4193.jpg,Normal,5,train,c04b3cbf21ef003f
T3_LAG,/kaggle/input/datasets/rayeedaabir/lag-database-part1-uk/LAG_database_part1_UK/non_glaucoma/image/4194.jpg,Normal,5,train,c3c13e1e7ac1e19c
T3_LAG,/kaggle/input/datasets/rayeedaabir/lag-database-part1-uk/LAG_database_part1_UK/non_glaucoma/image/4195.jpg,Normal,5,val,c0573e1f60f1047f
T3_LAG,/kaggle/input/datasets/rayeedaabir/lag-database-part1-uk/LAG_database_part1_UK/non_glaucoma/image/4197.jpg,Normal,5,train,821f387f42ef3138
T3_LAG,/kaggle/input/datasets/rayeedaabir/lag-database-part1-uk/LAG_database_part1_UK/non_glaucoma/image/4200.jpg,Normal,5,train,d54d76d348972247
T3_LAG,/kaggle/input/datasets/rayeedaabir/lag-database-part1-uk/LAG_database_part1_UK/non_glaucoma/image/4201.jpg,Normal,5,train,c1633e9e61e1173c
T3_LAG,/kaggle/input/datasets/rayeedaabir/lag-database-part1-uk/LAG_database_part1_UK/non_glaucoma/image/4202.jpg,Normal,5,val,d4c46907367a6c1f
T3_LAG,/kaggle/input/datasets/rayeedaabir/lag-database-part1-uk/LAG_database_part1_UK/non_glaucoma/image/4205.jpg,Normal,5,val,d728653617e1641f
T3_LAG,/kaggle/input/datasets/rayeedaabir/lag-database-part1-uk/LAG_database_part1_UK/non_glaucoma/image/4208.jpg,Normal,5,train,c1c33c3e41ff143a
T3_LAG,/kaggle/input/datasets/rayeedaabir/lag-database-part1-uk/LAG_database_part1_UK/non_glaucoma/image/4211.jpg,Normal,5,val,d5f4494b35b4514b
T3_LAG,/kaggle/input/datasets/rayeedaabir/lag-database-part1-uk/LAG_database_part1_UK/non_glaucoma/image/4212.jpg,Normal,5,train,953f627d08db20ec
T3_LAG,/kaggle/input/datasets/rayeedaabir/lag-database-part1-uk/LAG_database_part1_UK/non_glaucoma/image/4217.jpg,Normal,5,train,d96936d949a226dc
T3_LAG,/kaggle/input/datasets/rayeedaabir/lag-database-part1-uk/LAG_database_part1_UK/non_glaucoma/image/4219.jpg,Normal,5,train,98e467851d87771c
T3_LAG,/kaggle/input/datasets/rayeedaabir/lag-database-part1-uk/LAG_database_part1_UK/non_glaucoma/image/4220.jpg,Normal,5,train,8b1e64649b972e69
T3_LAG,/kaggle/input/datasets/rayeedaabir/lag-database-part1-uk/LAG_database_part1_UK/non_glaucoma/image/4222.jpg,Normal,5,train,856330b947965f69
T3_LAG,/kaggle/input/datasets/rayeedaabir/lag-database-part1-uk/LAG_database_part1_UK/non_glaucoma/image/4227.jpg,Normal,5,train,939b6da415d17568
T3_LAG,/kaggle/input/datasets/rayeedaabir/lag-database-part1-uk/LAG_database_part1_UK/non_glaucoma/image/4230.jpg,Normal,5,train,8aba696a94bb694a
T3_LAG,/kaggle/input/datasets/rayeedaabir/lag-database-part1-uk/LAG_database_part1_UK/non_glaucoma/image/4232.jpg,Normal,5,train,813f14f847c31f3c
T3_LAG,/kaggle/input/datasets/rayeedaabir/lag-database-part1-uk/LAG_database_part1_UK/non_glaucoma/image/4233.jpg,Normal,5,train,c1973c5c63973c38
T3_LAG,/kaggle/input/datasets/rayeedaabir/lag-database-part1-uk/LAG_database_part1_UK/non_glaucoma/image/4236.jpg,Normal,5,train,802b65cd55d55756
T3_LAG,/kaggle/input/datasets/rayeedaabir/lag-database-part1-uk/LAG_database_part1_UK/non_glaucoma/image/4237.jpg,Normal,5,train,c1f334bf40e7007e
T3_LAG,/kaggle/input/datasets/rayeedaabir/lag-database-part1-uk/LAG_database_part1_UK/non_glaucoma/image/4239.jpg,Normal,5,train,c1633ce747871e38
T3_LAG,/kaggle/input/datasets/rayeedaabir/lag-database-part1-uk/LAG_database_part1_UK/non_glaucoma/image/4241.jpg,Normal,5,val,80fb00bf00f70f3f
T3_LAG,/kaggle/input/datasets/rayeedaabir/lag-database-part1-uk/LAG_database_part1_UK/non_glaucoma/image/4242.jpg,Normal,5,train,d1e13e1f60e3243e
T3_LAG,/kaggle/input/datasets/rayeedaabir/lag-database-part1-uk/LAG_database_part1_UK/non_glaucoma/image/4243.jpg,Normal,5,train,947f45e912b60a6d
T3_LAG,/kaggle/input/datasets/rayeedaabir/lag-database-part1-uk/LAG_database_part1_UK/non_glaucoma/image/4245.jpg,Normal,5,val,d13636d948b62a6d
T3_LAG,/kaggle/input/datasets/rayeedaabir/lag-database-part1-uk/LAG_database_part1_UK/non_glaucoma/image/4246.jpg,Normal,5,train,c1e33c3d40ef00fd
T3_LAG,/kaggle/input/datasets/rayeedaabir/lag-database-part1-uk/LAG_database_part1_UK/non_glaucoma/image/4247.jpg,Normal,5,train,947f678a1db05730
T3_LAG,/kaggle/input/datasets/rayeedaabir/lag-database-part1-uk/LAG_database_part1_UK/non_glaucoma/image/4250.jpg,Normal,5,train,c1d33c6d619c1c7a
T3_LAG,/kaggle/input/datasets/rayeedaabir/lag-database-part1-uk/LAG_database_part1_UK/non_glaucoma/image/4251.jpg,Normal,5,train,d568651b17e17417
T3_LAG,/kaggle/input/datasets/rayeedaabir/lag-database-part1-uk/LAG_database_part1_UK/non_glaucoma/image/4252.jpg,Normal,5,train,c3c13c1e63c3e63c
T3_LAG,/kaggle/input/datasets/rayeedaabir/lag-database-part1-uk/LAG_database_part1_UK/non_glaucoma/image/4254.jpg,Normal,5,train,80c135261f3e5f9e
T3_LAG,/kaggle/input/datasets/rayeedaabir/lag-database-part1-uk/LAG_database_part1_UK/non_glaucoma/image/4255.jpg,Normal,5,train,96a9692b34b4696b
T3_LAG,/kaggle/input/datasets/rayeedaabir/lag-database-part1-uk/LAG_database_part1_UK/non_glaucoma/image/4256.jpg,Normal,5,train,cdc53722dd993624
T3_LAG,/kaggle/input/datasets/rayeedaabir/lag-database-part1-uk/LAG_database_part1_UK/non_glaucoma/image/4260.jpg,Normal,5,train,943d6352d585667a
T3_LAG,/kaggle/input/datasets/rayeedaabir/lag-database-part1-uk/LAG_database_part1_UK/non_glaucoma/image/4261.jpg,Normal,5,train,86cf31314ccf6633
T3_LAG,/kaggle/input/datasets/rayeedaabir/lag-database-part1-uk/LAG_database_part1_UK/non_glaucoma/image/4264.jpg,Normal,5,train,94ed61b612d34a3d
T3_LAG,/kaggle/input/datasets/rayeedaabir/lag-database-part1-uk/LAG_database_part1_UK/non_glaucoma/image/4267.jpg,Normal,5,train,c1c93c7cc7e73038
T3_LAG,/kaggle/input/datasets/rayeedaabir/lag-database-part1-uk/LAG_database_part1_UK/non_glaucoma/image/4269.jpg,Normal,5,train,95097b3324de3237
T3_LAG,/kaggle/input/datasets/rayeedaabir/lag-database-part1-uk/LAG_database_part1_UK/non_glaucoma/image/4271.jpg,Normal,5,train,83573c3c42cf253b
T3_LAG,/kaggle/input/datasets/rayeedaabir/lag-database-part1-uk/LAG_database_part1_UK/non_glaucoma/image/4272.jpg,Normal,5,val,c1d7386f43a73078
T3_LAG,/kaggle/input/datasets/rayeedaabir/lag-database-part1-uk/LAG_database_part1_UK/non_glaucoma/image/4274.jpg,Normal,5,train,c0f53e6f60d1144f
T3_LAG,/kaggle/input/datasets/rayeedaabir/lag-database-part1-uk/LAG_database_part1_UK/non_glaucoma/image/4278.jpg,Normal,5,train,946f619512964b7e
T3_LAG,/kaggle/input/datasets/rayeedaabir/lag-database-part1-uk/LAG_database_part1_UK/non_glaucoma/image/4279.jpg,Normal,5,train,c662388dc29f3d39
T3_LAG,/kaggle/input/datasets/rayeedaabir/lag-database-part1-uk/LAG_database_part1_UK/non_glaucoma/image/4282.jpg,Normal,5,train,d52e652d1799640f
T3_LAG,/kaggle/input/datasets/rayeedaabir/lag-database-part1-uk/LAG_database_part1_UK/non_glaucoma/image/4286.jpg,Normal,5,train,c0df3c7e00e7103f
T3_LAG,/kaggle/input/datasets/rayeedaabir/lag-database-part1-uk/LAG_database_part1_UK/non_glaucoma/image/4288.jpg,Normal,5,val,87c7383c62e72179
T3_LAG,/kaggle/input/datasets/rayeedaabir/lag-database-part1-uk/LAG_database_part1_UK/non_glaucoma/image/4289.jpg,Normal,5,val,d5fe72c340d90267
T3_LAG,/kaggle/input/datasets/rayeedaabir/lag-database-part1-uk/LAG_database_part1_UK/non_glaucoma/image/4291.jpg,Normal,5,train,c47b739e0ac70a1b
T3_LAG,/kaggle/input/datasets/rayeedaabir/lag-database-part1-uk/LAG_database_part1_UK/non_glaucoma/image/4293.jpg,Normal,5,train,d5f532f348c42267
T3_LAG,/kaggle/input/datasets/rayeedaabir/lag-database-part1-uk/LAG_database_part1_UK/non_glaucoma/image/4294.jpg,Normal,5,train,8c63238c1dc37f9c
T3_LAG,/kaggle/input/datasets/rayeedaabir/lag-database-part1-uk/LAG_database_part1_UK/non_glaucoma/image/4295.jpg,Normal,5,val,95c565ed56964265
T3_LAG,/kaggle/input/datasets/rayeedaabir/lag-database-part1-uk/LAG_database_part1_UK/non_glaucoma/image/4297.jpg,Normal,5,train,c0fc0f077cfc900f
T3_LAG,/kaggle/input/datasets/rayeedaabir/lag-database-part1-uk/LAG_database_part1_UK/non_glaucoma/image/4298.jpg,Normal,5,test,d382646d5793f264
T3_LAG,/kaggle/input/datasets/rayeedaabir/lag-database-part1-uk/LAG_database_part1_UK/non_glaucoma/image/4299.jpg,Normal,5,train,d56f32f9489b22c4
T3_LAG,/kaggle/input/datasets/rayeedaabir/lag-database-part1-uk/LAG_database_part1_UK/non_glaucoma/image/4300.jpg,Normal,5,train,84a3259715dd5733
T3_LAG,/kaggle/input/datasets/rayeedaabir/lag-database-part1-uk/LAG_database_part1_UK/non_glaucoma/image/4301.jpg,Normal,5,train,956975ad56936225
T3_LAG,/kaggle/input/datasets/rayeedaabir/lag-database-part1-uk/LAG_database_part1_UK/non_glaucoma/image/4304.jpg,Normal,5,val,d2c8686c1fba652e
T3_LAG,/kaggle/input/datasets/rayeedaabir/lag-database-part1-uk/LAG_database_part1_UK/non_glaucoma/image/4306.jpg,Normal,5,val,c1c73c3c43ef143c
T3_LAG,/kaggle/input/datasets/rayeedaabir/lag-database-part1-uk/LAG_database_part1_UK/non_glaucoma/image/4308.jpg,Normal,5,train,9649691637696d96
T3_LAG,/kaggle/input/datasets/rayeedaabir/lag-database-part1-uk/LAG_database_part1_UK/non_glaucoma/image/4309.jpg,Normal,5,train,97ef653d11916415
T3_LAG,/kaggle/input/datasets/rayeedaabir/lag-database-part1-uk/LAG_database_part1_UK/non_glaucoma/image/4311.jpg,Normal,5,train,80b977a61dd57612
T3_LAG,/kaggle/input/datasets/rayeedaabir/lag-database-part1-uk/LAG_database_part1_UK/non_glaucoma/image/4312.jpg,Normal,5,train,87cc34a147873f39
T3_LAG,/kaggle/input/datasets/rayeedaabir/lag-database-part1-uk/LAG_database_part1_UK/non_glaucoma/image/4315.jpg,Normal,5,train,95b449692d96d64b
T3_LAG,/kaggle/input/datasets/rayeedaabir/lag-database-part1-uk/LAG_database_part1_UK/non_glaucoma/image/4317.jpg,Normal,5,val,c1d13e3e61e3313c
T3_LAG,/kaggle/input/datasets/rayeedaabir/lag-database-part1-uk/LAG_database_part1_UK/non_glaucoma/image/4318.jpg,Normal,5,train,979769493592962d
T3_LAG,/kaggle/input/datasets/rayeedaabir/lag-database-part1-uk/LAG_database_part1_UK/non_glaucoma/image/4324.jpg,Normal,5,train,c1c73cce688f307c
T3_LAG,/kaggle/input/datasets/rayeedaabir/lag-database-part1-uk/LAG_database_part1_UK/non_glaucoma/image/4326.jpg,Normal,5,val,dc6f73d948892236
T3_LAG,/kaggle/input/datasets/rayeedaabir/lag-database-part1-uk/LAG_database_part1_UK/non_glaucoma/image/4328.jpg,Normal,5,train,88c367941dd7570d
T3_LAG,/kaggle/input/datasets/rayeedaabir/lag-database-part1-uk/LAG_database_part1_UK/non_glaucoma/image/4329.jpg,Normal,5,val,c1423ced47963e6c
T3_LAG,/kaggle/input/datasets/rayeedaabir/lag-database-part1-uk/LAG_database_part1_UK/non_glaucoma/image/4330.jpg,Normal,5,test,c33c3ce7471c3cc1
T3_LAG,/kaggle/input/datasets/rayeedaabir/lag-database-part1-uk/LAG_database_part1_UK/non_glaucoma/image/4334.jpg,Normal,5,train,8c63738c1dd37714
T3_LAG,/kaggle/input/datasets/rayeedaabir/lag-database-part1-uk/LAG_database_part1_UK/non_glaucoma/image/4344.jpg,Normal,5,val,c17f3c6e411e3878
T3_LAG,/kaggle/input/datasets/rayeedaabir/lag-database-part1-uk/LAG_database_part1_UK/non_glaucoma/image/4346.jpg,Normal,5,train,c3c33c3c6bc79268
T3_LAG,/kaggle/input/datasets/rayeedaabir/lag-database-part1-uk/LAG_database_part1_UK/non_glaucoma/image/4347.jpg,Normal,5,train,8566308d67963d79
T3_LAG,/kaggle/input/datasets/rayeedaabir/lag-database-part1-uk/LAG_database_part1_UK/non_glaucoma/image/4349.jpg,Normal,5,test,ddf762c0408723cf
T3_LAG,/kaggle/input/datasets/rayeedaabir/lag-database-part1-uk/LAG_database_part1_UK/non_glaucoma/image/4352.jpg,Normal,5,test,956f52b5215a4ab5
T3_LAG,/kaggle/input/datasets/rayeedaabir/lag-database-part1-uk/LAG_database_part1_UK/non_glaucoma/image/4354.jpg,Normal,5,test,c7c73d38668e3470
T3_LAG,/kaggle/input/datasets/rayeedaabir/lag-database-part1-uk/LAG_database_part1_UK/non_glaucoma/image/4356.jpg,Normal,5,test,80b6379755945733
T3_LAG,/kaggle/input/datasets/rayeedaabir/lag-database-part1-uk/LAG_database_part1_UK/non_glaucoma/image/4357.jpg,Normal,5,test,943d41f512d30a7f
T3_LAG,/kaggle/input/datasets/rayeedaabir/lag-database-part1-uk/LAG_database_part1_UK/non_glaucoma/image/4358.jpg,Normal,5,val,941a6b6934b56b6a
T3_LAG,/kaggle/input/datasets/rayeedaabir/lag-database-part1-uk/LAG_database_part1_UK/non_glaucoma/image/4359.jpg,Normal,5,train,d7ce783940cfa033
T3_LAG,/kaggle/input/datasets/rayeedaabir/lag-database-part1-uk/LAG_database_part1_UK/non_glaucoma/image/4361.jpg,Normal,5,train,c1c73c3e63e7013c
T3_LAG,/kaggle/input/datasets/rayeedaabir/lag-database-part1-uk/LAG_database_part1_UK/non_glaucoma/image/4362.jpg,Normal,5,train,c0d73d7a40a51e5b
T3_LAG,/kaggle/input/datasets/rayeedaabir/lag-database-part1-uk/LAG_database_part1_UK/non_glaucoma/image/4363.jpg,Normal,5,train,c09b07e05f1f1e74
T3_LAG,/kaggle/input/datasets/rayeedaabir/lag-database-part1-uk/LAG_database_part1_UK/non_glaucoma/image/4375.jpg,Normal,5,test,c16a14ab47a3177b
T3_LAG,/kaggle/input/datasets/rayeedaabir/lag-database-part1-uk/LAG_database_part1_UK/non_glaucoma/image/4378.jpg,Normal,5,train,946f419612eb6ab6
T3_LAG,/kaggle/input/datasets/rayeedaabir/lag-database-part1-uk/LAG_database_part1_UK/non_glaucoma/image/4379.jpg,Normal,5,val,dc6336d948a62a5d
T3_LAG,/kaggle/input/datasets/rayeedaabir/lag-database-part1-uk/LAG_database_part1_UK/non_glaucoma/image/4382.jpg,Normal,5,train,d9ff76c1c9812245
T3_LAG,/kaggle/input/datasets/rayeedaabir/lag-database-part1-uk/LAG_database_part1_UK/non_glaucoma/image/4385.jpg,Normal,5,train,94c4696b36b66569
T3_LAG,/kaggle/input/datasets/rayeedaabir/lag-database-part1-uk/LAG_database_part1_UK/non_glaucoma/image/4386.jpg,Normal,5,train,c17e3ce341bc14e3
T3_LAG,/kaggle/input/datasets/rayeedaabir/lag-database-part1-uk/LAG_database_part1_UK/non_glaucoma/image/4388.jpg,Normal,5,train,996267991dc77710
T3_LAG,/kaggle/input/datasets/rayeedaabir/lag-database-part1-uk/LAG_database_part1_UK/non_glaucoma/image/4389.jpg,Normal,5,val,d5ff72d048a322cc
T3_LAG,/kaggle/input/datasets/rayeedaabir/lag-database-part1-uk/LAG_database_part1_UK/non_glaucoma/image/4390.jpg,Normal,5,train,d56732d944b60a5d
T3_LAG,/kaggle/input/datasets/rayeedaabir/lag-database-part1-uk/LAG_database_part1_UK/non_glaucoma/image/4392.jpg,Normal,5,train,d7c46d2d1692626d
T3_LAG,/kaggle/input/datasets/rayeedaabir/lag-database-part1-uk/LAG_database_part1_UK/non_glaucoma/image/4395.jpg,Normal,5,test,84c73978668f3179
T3_LAG,/kaggle/input/datasets/rayeedaabir/lag-database-part1-uk/LAG_database_part1_UK/non_glaucoma/image/4398.jpg,Normal,5,train,88e127895d97770d
T3_LAG,/kaggle/input/datasets/rayeedaabir/lag-database-part1-uk/LAG_database_part1_UK/non_glaucoma/image/4402.jpg,Normal,5,train,9652690b169e756d
T3_LAG,/kaggle/input/datasets/rayeedaabir/lag-database-part1-uk/LAG_database_part1_UK/non_glaucoma/image/4403.jpg,Normal,5,train,83c53c5b43873c3b
T3_LAG,/kaggle/input/datasets/rayeedaabir/lag-database-part1-uk/LAG_database_part1_UK/non_glaucoma/image/4404.jpg,Normal,5,val,ddd832e6ccc87261
T3_LAG,/kaggle/input/datasets/rayeedaabir/lag-database-part1-uk/LAG_database_part1_UK/non_glaucoma/image/4406.jpg,Normal,5,val,978b652d5296686d
T3_LAG,/kaggle/input/datasets/rayeedaabir/lag-database-part1-uk/LAG_database_part1_UK/non_glaucoma/image/4407.jpg,Normal,5,test,953365ad57d0514d
T3_LAG,/kaggle/input/datasets/rayeedaabir/lag-database-part1-uk/LAG_database_part1_UK/non_glaucoma/image/4409.jpg,Normal,5,test,8c63639e9c8c7723
T3_LAG,/kaggle/input/datasets/rayeedaabir/lag-database-part1-uk/LAG_database_part1_UK/non_glaucoma/image/4416.jpg,Normal,5,train,95e5459312cb4a3f
T3_LAG,/kaggle/input/datasets/rayeedaabir/lag-database-part1-uk/LAG_database_part1_UK/non_glaucoma/image/4417.jpg,Normal,5,test,c07f076101873f6f
T3_LAG,/kaggle/input/datasets/rayeedaabir/lag-database-part1-uk/LAG_database_part1_UK/non_glaucoma/image/4419.jpg,Normal,5,train,97c2613d133b6d2c
T3_LAG,/kaggle/input/datasets/rayeedaabir/lag-database-part1-uk/LAG_database_part1_UK/non_glaucoma/image/4420.jpg,Normal,5,val,c2032d1e107f3c7f
T3_LAG,/kaggle/input/datasets/rayeedaabir/lag-database-part1-uk/LAG_database_part1_UK/non_glaucoma/image/4423.jpg,Normal,5,test,986367881df3578c
T3_LAG,/kaggle/input/datasets/rayeedaabir/lag-database-part1-uk/LAG_database_part1_UK/non_glaucoma/image/4424.jpg,Normal,5,train,9199d1ad55a674a6
T3_LAG,/kaggle/input/datasets/rayeedaabir/lag-database-part1-uk/LAG_database_part1_UK/non_glaucoma/image/4425.jpg,Normal,5,train,c4ceb1b1c6c630f9
T3_LAG,/kaggle/input/datasets/rayeedaabir/lag-database-part1-uk/LAG_database_part1_UK/non_glaucoma/image/4426.jpg,Normal,5,train,956f50b302ad4a5f
T3_LAG,/kaggle/input/datasets/rayeedaabir/lag-database-part1-uk/LAG_database_part1_UK/non_glaucoma/image/4427.jpg,Normal,5,train,c0e11f1f3e65e0f0
T3_LAG,/kaggle/input/datasets/rayeedaabir/lag-database-part1-uk/LAG_database_part1_UK/non_glaucoma/image/4430.jpg,Normal,5,train,95d1691d34636b36
T3_LAG,/kaggle/input/datasets/rayeedaabir/lag-database-part1-uk/LAG_database_part1_UK/non_glaucoma/image/4431.jpg,Normal,5,train,94cd4b3635cb4b0d
T3_LAG,/kaggle/input/datasets/rayeedaabir/lag-database-part1-uk/LAG_database_part1_UK/non_glaucoma/image/4432.jpg,Normal,5,val,c0b01f0f70e0779f
T3_LAG,/kaggle/input/datasets/rayeedaabir/lag-database-part1-uk/LAG_database_part1_UK/non_glaucoma/image/4433.jpg,Normal,5,train,9792591a4d5b692d
T3_LAG,/kaggle/input/datasets/rayeedaabir/lag-database-part1-uk/LAG_database_part1_UK/non_glaucoma/image/4435.jpg,Normal,5,train,c1e3343c47875f38
T3_LAG,/kaggle/input/datasets/rayeedaabir/lag-database-part1-uk/LAG_database_part1_UK/non_glaucoma/image/4438.jpg,Normal,5,val,9362656a159b556d
T3_LAG,/kaggle/input/datasets/rayeedaabir/lag-database-part1-uk/LAG_database_part1_UK/non_glaucoma/image/4440.jpg,Normal,5,test,80666787159d571f
T3_LAG,/kaggle/input/datasets/rayeedaabir/lag-database-part1-uk/LAG_database_part1_UK/non_glaucoma/image/4441.jpg,Normal,5,train,d5b550d342ba0acf
T3_LAG,/kaggle/input/datasets/rayeedaabir/lag-database-part1-uk/LAG_database_part1_UK/non_glaucoma/image/4442.jpg,Normal,5,train,c07b0b6478db247b
T3_LAG,/kaggle/input/datasets/rayeedaabir/lag-database-part1-uk/LAG_database_part1_UK/non_glaucoma/image/4443.jpg,Normal,5,test,95d5694b36966949
T3_LAG,/kaggle/input/datasets/rayeedaabir/lag-database-part1-uk/LAG_database_part1_UK/non_glaucoma/image/4444.jpg,Normal,5,train,c16f34ff40ce103e
T3_LAG,/kaggle/input/datasets/rayeedaabir/lag-database-part1-uk/LAG_database_part1_UK/non_glaucoma/image/4446.jpg,Normal,5,train,946b5595429f2acd
T3_LAG,/kaggle/input/datasets/rayeedaabir/lag-database-part1-uk/LAG_database_part1_UK/non_glaucoma/image/4451.jpg,Normal,5,train,c1c73c3e40e7983d
T3_LAG,/kaggle/input/datasets/rayeedaabir/lag-database-part1-uk/LAG_database_part1_UK/non_glaucoma/image/4452.jpg,Normal,5,train,9595534b54b57a4a
T3_LAG,/kaggle/input/datasets/rayeedaabir/lag-database-part1-uk/LAG_database_part1_UK/non_glaucoma/image/4454.jpg,Normal,5,val,d53736d948d6025d
T3_LAG,/kaggle/input/datasets/rayeedaabir/lag-database-part1-uk/LAG_database_part1_UK/non_glaucoma/image/4456.jpg,Normal,5,train,d5c6652d1673f205
T3_LAG,/kaggle/input/datasets/rayeedaabir/lag-database-part1-uk/LAG_database_part1_UK/non_glaucoma/image/4458.jpg,Normal,5,val,d56f449212cf0a9f
T3_LAG,/kaggle/input/datasets/rayeedaabir/lag-database-part1-uk/LAG_database_part1_UK/non_glaucoma/image/4462.jpg,Normal,5,train,9a576c553351256d
T3_LAG,/kaggle/input/datasets/rayeedaabir/lag-database-part1-uk/LAG_database_part1_UK/non_glaucoma/image/4463.jpg,Normal,5,train,9463699636c96b36
T3_LAG,/kaggle/input/datasets/rayeedaabir/lag-database-part1-uk/LAG_database_part1_UK/non_glaucoma/image/4466.jpg,Normal,5,train,d5b9658d57915425
T3_LAG,/kaggle/input/datasets/rayeedaabir/lag-database-part1-uk/LAG_database_part1_UK/non_glaucoma/image/4468.jpg,Normal,5,train,c3d33c784667307c
T3_LAG,/kaggle/input/datasets/rayeedaabir/lag-database-part1-uk/LAG_database_part1_UK/non_glaucoma/image/4469.jpg,Normal,5,train,97b26d6916165569
T3_LAG,/kaggle/input/datasets/rayeedaabir/lag-database-part1-uk/LAG_database_part1_UK/non_glaucoma/image/4472.jpg,Normal,5,train,952e6b6a35344b6a
T3_LAG,/kaggle/input/datasets/rayeedaabir/lag-database-part1-uk/LAG_database_part1_UK/non_glaucoma/image/4477.jpg,Normal,5,train,8447393b50cf227f
T3_LAG,/kaggle/input/datasets/rayeedaabir/lag-database-part1-uk/LAG_database_part1_UK/non_glaucoma/image/4479.jpg,Normal,5,test,86c738394fce3139
T3_LAG,/kaggle/input/datasets/rayeedaabir/lag-database-part1-uk/LAG_database_part1_UK/non_glaucoma/image/4481.jpg,Normal,5,val,c1773c7e61e62078
T3_LAG,/kaggle/input/datasets/rayeedaabir/lag-database-part1-uk/LAG_database_part1_UK/non_glaucoma/image/4482.jpg,Normal,5,train,95e54ad334964a7a
T3_LAG,/kaggle/input/datasets/rayeedaabir/lag-database-part1-uk/LAG_database_part1_UK/non_glaucoma/image/4484.jpg,Normal,5,train,853134cc47973f69
T3_LAG,/kaggle/input/datasets/rayeedaabir/lag-database-part1-uk/LAG_database_part1_UK/non_glaucoma/image/4491.jpg,Normal,5,train,c77a30c247963c79
T3_LAG,/kaggle/input/datasets/rayeedaabir/lag-database-part1-uk/LAG_database_part1_UK/non_glaucoma/image/4492.jpg,Normal,5,val,946765b512d62a79
T3_LAG,/kaggle/input/datasets/rayeedaabir/lag-database-part1-uk/LAG_database_part1_UK/non_glaucoma/image/4495.jpg,Normal,5,val,81e33c85479f1e4b
T3_LAG,/kaggle/input/datasets/rayeedaabir/lag-database-part1-uk/LAG_database_part1_UK/non_glaucoma/image/4497.jpg,Normal,5,train,95554e5a353d954a
T3_LAG,/kaggle/input/datasets/rayeedaabir/lag-database-part1-uk/LAG_database_part1_UK/non_glaucoma/image/4498.jpg,Normal,5,test,94f46b0a16b6696b
T3_LAG,/kaggle/input/datasets/rayeedaabir/lag-database-part1-uk/LAG_database_part1_UK/non_glaucoma/image/4499.jpg,Normal,5,val,c07f010f20fe1f1f
T3_LAG,/kaggle/input/datasets/rayeedaabir/lag-database-part1-uk/LAG_database_part1_UK/non_glaucoma/image/4502.jpg,Normal,5,train,d12b65ad57926465
T3_LAG,/kaggle/input/datasets/rayeedaabir/lag-database-part1-uk/LAG_database_part1_UK/non_glaucoma/image/4503.jpg,Normal,5,train,c167387e41e7107b
T3_LAG,/kaggle/input/datasets/rayeedaabir/lag-database-part1-uk/LAG_database_part1_UK/non_glaucoma/image/4505.jpg,Normal,5,train,c3c5393d46c7303b
T3_LAG,/kaggle/input/datasets/rayeedaabir/lag-database-part1-uk/LAG_database_part1_UK/non_glaucoma/image/4508.jpg,Normal,5,train,c1633c9c47873e3c
T3_LAG,/kaggle/input/datasets/rayeedaabir/lag-database-part1-uk/LAG_database_part1_UK/non_glaucoma/image/4514.jpg,Normal,5,test,c19f3c6941f31c2e
T3_LAG,/kaggle/input/datasets/rayeedaabir/lag-database-part1-uk/LAG_database_part1_UK/non_glaucoma/image/4515.jpg,Normal,5,val,d4d7614954b7424f
T3_LAG,/kaggle/input/datasets/rayeedaabir/lag-database-part1-uk/LAG_database_part1_UK/non_glaucoma/image/4517.jpg,Normal,5,train,94f6491a35da652d
T3_LAG,/kaggle/input/datasets/rayeedaabir/lag-database-part1-uk/LAG_database_part1_UK/non_glaucoma/image/4520.jpg,Normal,5,train,d5ed76d3428b0a46
T3_LAG,/kaggle/input/datasets/rayeedaabir/lag-database-part1-uk/LAG_database_part1_UK/non_glaucoma/image/4523.jpg,Normal,5,train,92556d1d17556d45
T3_LAG,/kaggle/input/datasets/rayeedaabir/lag-database-part1-uk/LAG_database_part1_UK/non_glaucoma/image/4524.jpg,Normal,5,train,c18d3e71613f1ce1
T3_LAG,/kaggle/input/datasets/rayeedaabir/lag-database-part1-uk/LAG_database_part1_UK/non_glaucoma/image/4525.jpg,Normal,5,train,cfc73c3872c6a438
T3_LAG,/kaggle/input/datasets/rayeedaabir/lag-database-part1-uk/LAG_database_part1_UK/non_glaucoma/image/4526.jpg,Normal,5,train,8d8d696b179664ca
T3_LAG,/kaggle/input/datasets/rayeedaabir/lag-database-part1-uk/LAG_database_part1_UK/non_glaucoma/image/4530.jpg,Normal,5,train,c0eb1c9e41e01f3f
T3_LAG,/kaggle/input/datasets/rayeedaabir/lag-database-part1-uk/LAG_database_part1_UK/non_glaucoma/image/4531.jpg,Normal,5,train,96e2694916b16d2f
T3_LAG,/kaggle/input/datasets/rayeedaabir/lag-database-part1-uk/LAG_database_part1_UK/non_glaucoma/image/4533.jpg,Normal,5,test,87c7383c4acfb039
T3_LAG,/kaggle/input/datasets/rayeedaabir/lag-database-part1-uk/LAG_database_part1_UK/non_glaucoma/image/4535.jpg,Normal,5,train,83c73c3818c7c7b9
T3_LAG,/kaggle/input/datasets/rayeedaabir/lag-database-part1-uk/LAG_database_part1_UK/non_glaucoma/image/4536.jpg,Normal,5,train,882a27955dd57716
T3_LAG,/kaggle/input/datasets/rayeedaabir/lag-database-part1-uk/LAG_database_part1_UK/non_glaucoma/image/4537.jpg,Normal,5,train,94ef41f952960a6b
T3_LAG,/kaggle/input/datasets/rayeedaabir/lag-database-part1-uk/LAG_database_part1_UK/non_glaucoma/image/4538.jpg,Normal,5,test,c1cf343e03e7017e
T3_LAG,/kaggle/input/datasets/rayeedaabir/lag-database-part1-uk/LAG_database_part1_UK/non_glaucoma/image/4540.jpg,Normal,5,train,d58955ad56954a65
T3_LAG,/kaggle/input/datasets/rayeedaabir/lag-database-part1-uk/LAG_database_part1_UK/non_glaucoma/image/4541.jpg,Normal,5,train,d16e76d94aa60a59
T3_LAG,/kaggle/input/datasets/rayeedaabir/lag-database-part1-uk/LAG_database_part1_UK/non_glaucoma/image/4543.jpg,Normal,5,val,947661f912966a6b
T3_LAG,/kaggle/input/datasets/rayeedaabir/lag-database-part1-uk/LAG_database_part1_UK/non_glaucoma/image/4545.jpg,Normal,5,train,866e313347ce5539
T3_LAG,/kaggle/input/datasets/rayeedaabir/lag-database-part1-uk/LAG_database_part1_UK/non_glaucoma/image/4554.jpg,Normal,5,train,886873831dcd7733
T3_LAG,/kaggle/input/datasets/rayeedaabir/lag-database-part1-uk/LAG_database_part1_UK/non_glaucoma/image/4557.jpg,Normal,5,train,8217387d42e7287f
T3_LAG,/kaggle/input/datasets/rayeedaabir/lag-database-part1-uk/LAG_database_part1_UK/non_glaucoma/image/4558.jpg,Normal,5,train,86c739384bcd3173
T3_LAG,/kaggle/input/datasets/rayeedaabir/lag-database-part1-uk/LAG_database_part1_UK/non_glaucoma/image/4559.jpg,Normal,5,val,946e69b912d44b6d
T3_LAG,/kaggle/input/datasets/rayeedaabir/lag-database-part1-uk/LAG_database_part1_UK/non_glaucoma/image/4560.jpg,Normal,5,train,d529653d12b56a35
T3_LAG,/kaggle/input/datasets/rayeedaabir/lag-database-part1-uk/LAG_database_part1_UK/non_glaucoma/image/4561.jpg,Normal,5,train,cd3630c147c71f39
T3_LAG,/kaggle/input/datasets/rayeedaabir/lag-database-part1-uk/LAG_database_part1_UK/non_glaucoma/image/4562.jpg,Normal,5,train,c21f387d026f207f
T3_LAG,/kaggle/input/datasets/rayeedaabir/lag-database-part1-uk/LAG_database_part1_UK/non_glaucoma/image/4565.jpg,Normal,5,train,93f8656c559a5564
T3_LAG,/kaggle/input/datasets/rayeedaabir/lag-database-part1-uk/LAG_database_part1_UK/non_glaucoma/image/4567.jpg,Normal,5,test,d0e03f0fe0e09e1f
T3_LAG,/kaggle/input/datasets/rayeedaabir/lag-database-part1-uk/LAG_database_part1_UK/non_glaucoma/image/4568.jpg,Normal,5,train,806b27bf60c3172f
T3_LAG,/kaggle/input/datasets/rayeedaabir/lag-database-part1-uk/LAG_database_part1_UK/non_glaucoma/image/4576.jpg,Normal,5,test,d527453d56b3422d
T3_LAG,/kaggle/input/datasets/rayeedaabir/lag-database-part1-uk/LAG_database_part1_UK/non_glaucoma/image/4578.jpg,Normal,5,train,c7b139473839ce19
T3_LAG,/kaggle/input/datasets/rayeedaabir/lag-database-part1-uk/LAG_database_part1_UK/non_glaucoma/image/4580.jpg,Normal,5,train,c7c73c3862cf0639
T3_LAG,/kaggle/input/datasets/rayeedaabir/lag-database-part1-uk/LAG_database_part1_UK/non_glaucoma/image/4581.jpg,Normal,5,train,c17e3c6f41a7146a
T3_LAG,/kaggle/input/datasets/rayeedaabir/lag-database-part1-uk/LAG_database_part1_UK/non_glaucoma/image/4585.jpg,Normal,5,train,c160369f4fe1b04f
T3_LAG,/kaggle/input/datasets/rayeedaabir/lag-database-part1-uk/LAG_database_part1_UK/non_glaucoma/image/4586.jpg,Normal,5,val,c7be3cdcc2933038
T3_LAG,/kaggle/input/datasets/rayeedaabir/lag-database-part1-uk/LAG_database_part1_UK/non_glaucoma/image/4589.jpg,Normal,5,train,c1ef30be01e7153a
T3_LAG,/kaggle/input/datasets/rayeedaabir/lag-database-part1-uk/LAG_database_part1_UK/non_glaucoma/image/4590.jpg,Normal,5,train,d56f4a3521ca2bb4
T3_LAG,/kaggle/input/datasets/rayeedaabir/lag-database-part1-uk/LAG_database_part1_UK/non_glaucoma/image/4594.jpg,Normal,5,train,d56966ba58a52276
T3_LAG,/kaggle/input/datasets/rayeedaabir/lag-database-part1-uk/LAG_database_part1_UK/non_glaucoma/image/4595.jpg,Normal,5,train,c3cd3c3263e11e3c
T3_LAG,/kaggle/input/datasets/rayeedaabir/lag-database-part1-uk/LAG_database_part1_UK/non_glaucoma/image/4600.jpg,Normal,5,test,952d56d254b5a6c3
T3_LAG,/kaggle/input/datasets/rayeedaabir/lag-database-part1-uk/LAG_database_part1_UK/non_glaucoma/image/4601.jpg,Normal,5,train,86b5684b3694a96f
T3_LAG,/kaggle/input/datasets/rayeedaabir/lag-database-part1-uk/LAG_database_part1_UK/non_glaucoma/image/4603.jpg,Normal,5,test,9589753d55255635
T3_LAG,/kaggle/input/datasets/rayeedaabir/lag-database-part1-uk/LAG_database_part1_UK/non_glaucoma/image/4604.jpg,Normal,5,train,947665dd12934a6d
T3_LAG,/kaggle/input/datasets/rayeedaabir/lag-database-part1-uk/LAG_database_part1_UK/non_glaucoma/image/4606.jpg,Normal,5,val,d5f772d74293024a
T3_LAG,/kaggle/input/datasets/rayeedaabir/lag-database-part1-uk/LAG_database_part1_UK/non_glaucoma/image/4607.jpg,Normal,5,train,c19f3e6112be60f1
T3_LAG,/kaggle/input/datasets/rayeedaabir/lag-database-part1-uk/LAG_database_part1_UK/non_glaucoma/image/4611.jpg,Normal,5,val,8de9752555957225
T3_LAG,/kaggle/input/datasets/rayeedaabir/lag-database-part1-uk/LAG_database_part1_UK/non_glaucoma/image/4614.jpg,Normal,5,train,c17b3ce3419e18e3
T3_LAG,/kaggle/input/datasets/rayeedaabir/lag-database-part1-uk/LAG_database_part1_UK/non_glaucoma/image/4616.jpg,Normal,5,train,95ca5aa5555a3596
T3_LAG,/kaggle/input/datasets/rayeedaabir/lag-database-part1-uk/LAG_database_part1_UK/non_glaucoma/image/4618.jpg,Normal,5,train,dfc4783c63c7a430
T3_LAG,/kaggle/input/datasets/rayeedaabir/lag-database-part1-uk/LAG_database_part1_UK/non_glaucoma/image/4622.jpg,Normal,5,train,c0771e4f60d0173f
T3_LAG,/kaggle/input/datasets/rayeedaabir/lag-database-part1-uk/LAG_database_part1_UK/non_glaucoma/image/4625.jpg,Normal,5,train,d6c66d2916b1626d
T3_LAG,/kaggle/input/datasets/rayeedaabir/lag-database-part1-uk/LAG_database_part1_UK/non_glaucoma/image/4626.jpg,Normal,5,test,c0573c6a43b73c6a
T3_LAG,/kaggle/input/datasets/rayeedaabir/lag-database-part1-uk/LAG_database_part1_UK/non_glaucoma/image/4629.jpg,Normal,5,train,d17f207f00ef007e
T3_LAG,/kaggle/input/datasets/rayeedaabir/lag-database-part1-uk/LAG_database_part1_UK/non_glaucoma/image/4632.jpg,Normal,5,test,c163349c47c31f3d
T3_LAG,/kaggle/input/datasets/rayeedaabir/lag-database-part1-uk/LAG_database_part1_UK/non_glaucoma/image/4633.jpg,Normal,5,train,898366661d997766
T3_LAG,/kaggle/input/datasets/rayeedaabir/lag-database-part1-uk/LAG_database_part1_UK/non_glaucoma/image/4635.jpg,Normal,5,train,c1de307f03bf103a
T3_LAG,/kaggle/input/datasets/rayeedaabir/lag-database-part1-uk/LAG_database_part1_UK/non_glaucoma/image/4640.jpg,Normal,5,train,882b659515d75759
T3_LAG,/kaggle/input/datasets/rayeedaabir/lag-database-part1-uk/LAG_database_part1_UK/non_glaucoma/image/4645.jpg,Normal,5,train,d57f74d04093027f
T3_LAG,/kaggle/input/datasets/rayeedaabir/lag-database-part1-uk/LAG_database_part1_UK/non_glaucoma/image/4662.jpg,Normal,5,test,856334ac47975f68
T3_LAG,/kaggle/input/datasets/rayeedaabir/lag-database-part1-uk/LAG_database_part1_UK/non_glaucoma/image/4665.jpg,Normal,5,val,82c63c3d42f9383f
T3_LAG,/kaggle/input/datasets/rayeedaabir/lag-database-part1-uk/LAG_database_part1_UK/non_glaucoma/image/4666.jpg,Normal,5,val,84963131cfd66ec6
T3_LAG,/kaggle/input/datasets/rayeedaabir/lag-database-part1-uk/LAG_database_part1_UK/non_glaucoma/image/4667.jpg,Normal,5,test,959669693696694b
T3_LAG,/kaggle/input/datasets/rayeedaabir/lag-database-part1-uk/LAG_database_part1_UK/non_glaucoma/image/4670.jpg,Normal,5,test,94cd691f34496ba6
T3_LAG,/kaggle/input/datasets/rayeedaabir/lag-database-part1-uk/LAG_database_part1_UK/non_glaucoma/image/4672.jpg,Normal,5,test,c3e73c1c43c7383c
T3_LAG,/kaggle/input/datasets/rayeedaabir/lag-database-part1-uk/LAG_database_part1_UK/non_glaucoma/image/4673.jpg,Normal,5,train,dd913f14e2b6e80c
T3_LAG,/kaggle/input/datasets/rayeedaabir/lag-database-part1-uk/LAG_database_part1_UK/non_glaucoma/image/4676.jpg,Normal,5,train,c2a3384f43dc34d7
T3_LAG,/kaggle/input/datasets/rayeedaabir/lag-database-part1-uk/LAG_database_part1_UK/non_glaucoma/image/4684.jpg,Normal,5,test,9b8e64659b936469
T3_LAG,/kaggle/input/datasets/rayeedaabir/lag-database-part1-uk/LAG_database_part1_UK/non_glaucoma/image/4685.jpg,Normal,5,train,886367981d76778c
T3_LAG,/kaggle/input/datasets/rayeedaabir/lag-database-part1-uk/LAG_database_part1_UK/non_glaucoma/image/4686.jpg,Normal,5,train,dd6f32d548992266
T3_LAG,/kaggle/input/datasets/rayeedaabir/lag-database-part1-uk/LAG_database_part1_UK/non_glaucoma/image/4687.jpg,Normal,5,train,83c33d3d43cf3039
T3_LAG,/kaggle/input/datasets/rayeedaabir/lag-database-part1-uk/LAG_database_part1_UK/non_glaucoma/image/4688.jpg,Normal,5,train,816b67e21dcc5723
T3_LAG,/kaggle/input/datasets/rayeedaabir/lag-database-part1-uk/LAG_database_part1_UK/non_glaucoma/image/4689.jpg,Normal,5,train,c1f81120478b7f7b
T3_LAG,/kaggle/input/datasets/rayeedaabir/lag-database-part1-uk/LAG_database_part1_UK/non_glaucoma/image/4695.jpg,Normal,5,train,d57c76d140c7025f
T3_LAG,/kaggle/input/datasets/rayeedaabir/lag-database-part1-uk/LAG_database_part1_UK/non_glaucoma/image/4696.jpg,Normal,5,train,886c27931ddc5733
T3_LAG,/kaggle/input/datasets/rayeedaabir/lag-database-part1-uk/LAG_database_part1_UK/non_glaucoma/image/4698.jpg,Normal,5,train,dd6e6691c8b62259
T3_LAG,/kaggle/input/datasets/rayeedaabir/lag-database-part1-uk/LAG_database_part1_UK/non_glaucoma/image/4703.jpg,Normal,5,train,c7c73c3ce3c74038
T3_LAG,/kaggle/input/datasets/rayeedaabir/lag-database-part1-uk/LAG_database_part1_UK/non_glaucoma/image/4704.jpg,Normal,5,train,d749552d52256ab5
T3_LAG,/kaggle/input/datasets/rayeedaabir/lag-database-part1-uk/LAG_database_part1_UK/non_glaucoma/image/4705.jpg,Normal,5,val,d54a692d1fb06c1e
T3_LAG,/kaggle/input/datasets/rayeedaabir/lag-database-part1-uk/LAG_database_part1_UK/non_glaucoma/image/4711.jpg,Normal,5,train,95b46b4b35b4684b
T3_LAG,/kaggle/input/datasets/rayeedaabir/lag-database-part1-uk/LAG_database_part1_UK/non_glaucoma/image/4715.jpg,Normal,5,train,c47bd18e638954ba
T3_LAG,/kaggle/input/datasets/rayeedaabir/lag-database-part1-uk/LAG_database_part1_UK/non_glaucoma/image/4719.jpg,Normal,5,train,96b4694bb694694d
T3_LAG,/kaggle/input/datasets/rayeedaabir/lag-database-part1-uk/LAG_database_part1_UK/non_glaucoma/image/4720.jpg,Normal,5,train,c1c11e1e68e1f53e
T3_LAG,/kaggle/input/datasets/rayeedaabir/lag-database-part1-uk/LAG_database_part1_UK/non_glaucoma/image/4721.jpg,Normal,5,train,96d5694616ca656d
T3_LAG,/kaggle/input/datasets/rayeedaabir/lag-database-part1-uk/LAG_database_part1_UK/non_glaucoma/image/4722.jpg,Normal,5,train,c1da3c6b413e1ce9
T3_LAG,/kaggle/input/datasets/rayeedaabir/lag-database-part1-uk/LAG_database_part1_UK/non_glaucoma/image/4724.jpg,Normal,5,train,856b30c747901fcf
T3_LAG,/kaggle/input/datasets/rayeedaabir/lag-database-part1-uk/LAG_database_part1_UK/non_glaucoma/image/4725.jpg,Normal,5,train,9525559dd594d549
T3_LAG,/kaggle/input/datasets/rayeedaabir/lag-database-part1-uk/LAG_database_part1_UK/non_glaucoma/image/4728.jpg,Normal,5,train,96dc6986b64d4936
T3_LAG,/kaggle/input/datasets/rayeedaabir/lag-database-part1-uk/LAG_database_part1_UK/non_glaucoma/image/4729.jpg,Normal,5,train,c611387946ef107f
T3_LAG,/kaggle/input/datasets/rayeedaabir/lag-database-part1-uk/LAG_database_part1_UK/non_glaucoma/image/4731.jpg,Normal,5,val,95956a4ab5b4646d
T3_LAG,/kaggle/input/datasets/rayeedaabir/lag-database-part1-uk/LAG_database_part1_UK/non_glaucoma/image/4735.jpg,Normal,5,train,ddfc32d14893026f
T3_LAG,/kaggle/input/datasets/rayeedaabir/lag-database-part1-uk/LAG_database_part1_UK/non_glaucoma/image/4737.jpg,Normal,5,train,946f419716cb4a3d
T3_LAG,/kaggle/input/datasets/rayeedaabir/lag-database-part1-uk/LAG_database_part1_UK/non_glaucoma/image/4739.jpg,Normal,5,train,c2be3c58431cb4f3
T3_LAG,/kaggle/input/datasets/rayeedaabir/lag-database-part1-uk/LAG_database_part1_UK/non_glaucoma/image/4741.jpg,Normal,5,train,d6d9616d16f66061
T3_LAG,/kaggle/input/datasets/rayeedaabir/lag-database-part1-uk/LAG_database_part1_UK/non_glaucoma/image/4743.jpg,Normal,5,train,95c4696936926d6d
T3_LAG,/kaggle/input/datasets/rayeedaabir/lag-database-part1-uk/LAG_database_part1_UK/non_glaucoma/image/4746.jpg,Normal,5,val,c0c61f1f78f0161f
T3_LAG,/kaggle/input/datasets/rayeedaabir/lag-database-part1-uk/LAG_database_part1_UK/non_glaucoma/image/4748.jpg,Normal,5,train,83c33c3e43af3278
T3_LAG,/kaggle/input/datasets/rayeedaabir/lag-database-part1-uk/LAG_database_part1_UK/non_glaucoma/image/4751.jpg,Normal,5,train,c3c8752dc1f62c93
T3_LAG,/kaggle/input/datasets/rayeedaabir/lag-database-part1-uk/LAG_database_part1_UK/non_glaucoma/image/4752.jpg,Normal,5,train,d5b555d557916025
T3_LAG,/kaggle/input/datasets/rayeedaabir/lag-database-part1-uk/LAG_database_part1_UK/non_glaucoma/image/4754.jpg,Normal,5,train,87c3383e42cf307b
T3_LAG,/kaggle/input/datasets/rayeedaabir/lag-database-part1-uk/LAG_database_part1_UK/non_glaucoma/image/4755.jpg,Normal,5,train,81e3348747975e78
T3_LAG,/kaggle/input/datasets/rayeedaabir/lag-database-part1-uk/LAG_database_part1_UK/non_glaucoma/image/4758.jpg,Normal,5,train,86c7383940ff00ff
T3_LAG,/kaggle/input/datasets/rayeedaabir/lag-database-part1-uk/LAG_database_part1_UK/non_glaucoma/image/4760.jpg,Normal,5,train,876e30c3479c3d1b
T3_LAG,/kaggle/input/datasets/rayeedaabir/lag-database-part1-uk/LAG_database_part1_UK/non_glaucoma/image/4762.jpg,Normal,5,val,c3e13c47433c38cf
T3_LAG,/kaggle/input/datasets/rayeedaabir/lag-database-part1-uk/LAG_database_part1_UK/non_glaucoma/image/4764.jpg,Normal,5,train,c19e3e61609f1fe0
T3_LAG,/kaggle/input/datasets/rayeedaabir/lag-database-part1-uk/LAG_database_part1_UK/non_glaucoma/image/4765.jpg,Normal,5,train,94946b4b3e94336b
T3_LAG,/kaggle/input/datasets/rayeedaabir/lag-database-part1-uk/LAG_database_part1_UK/non_glaucoma/image/4766.jpg,Normal,5,train,9446693e34fa651b
T3_LAG,/kaggle/input/datasets/rayeedaabir/lag-database-part1-uk/LAG_database_part1_UK/non_glaucoma/image/4768.jpg,Normal,5,train,d96236f7c8882637
T3_LAG,/kaggle/input/datasets/rayeedaabir/lag-database-part1-uk/LAG_database_part1_UK/non_glaucoma/image/4789.jpg,Normal,5,train,95d24b9334c96b2d
T3_LAG,/kaggle/input/datasets/rayeedaabir/lag-database-part1-uk/LAG_database_part1_UK/non_glaucoma/image/4791.jpg,Normal,5,train,c6c5381f42db3077
T3_LAG,/kaggle/input/datasets/rayeedaabir/lag-database-part1-uk/LAG_database_part1_UK/non_glaucoma/image/4793.jpg,Normal,5,train,c01f22ff09bc30e7
T3_LAG,/kaggle/input/datasets/rayeedaabir/lag-database-part1-uk/LAG_database_part1_UK/non_glaucoma/image/4794.jpg,Normal,5,train,94e6696b16966d49
T3_LAG,/kaggle/input/datasets/rayeedaabir/lag-database-part1-uk/LAG_database_part1_UK/non_glaucoma/image/4799.jpg,Normal,5,train,94c4691f3dc94e36
T3_LAG,/kaggle/input/datasets/rayeedaabir/lag-database-part1-uk/LAG_database_part1_UK/non_glaucoma/image/4800.jpg,Normal,5,train,c3e33c3fc3c7003c
T3_LAG,/kaggle/input/datasets/rayeedaabir/lag-database-part1-uk/LAG_database_part1_UK/non_glaucoma/image/4801.jpg,Normal,5,train,d52f36d948b322cc
T3_LAG,/kaggle/input/datasets/rayeedaabir/lag-database-part1-uk/LAG_database_part1_UK/non_glaucoma/image/4805.jpg,Normal,5,train,95c4572a55a55a5b
T3_LAG,/kaggle/input/datasets/rayeedaabir/lag-database-part1-uk/LAG_database_part1_UK/non_glaucoma/image/4806.jpg,Normal,5,train,d52d553556d16a0d
T3_LAG,/kaggle/input/datasets/rayeedaabir/lag-database-part1-uk/LAG_database_part1_UK/non_glaucoma/image/4807.jpg,Normal,5,train,95ca752d55b56605
T3_LAG,/kaggle/input/datasets/rayeedaabir/lag-database-part1-uk/LAG_database_part1_UK/non_glaucoma/image/4809.jpg,Normal,5,train,85c6153157c65f39
T3_LAG,/kaggle/input/datasets/rayeedaabir/lag-database-part1-uk/LAG_database_part1_UK/non_glaucoma/image/4810.jpg,Normal,5,train,906d459712cf4a9f
T3_LAG,/kaggle/input/datasets/rayeedaabir/lag-database-part1-uk/LAG_database_part1_UK/non_glaucoma/image/4811.jpg,Normal,5,train,94d56b6a6495656a
T3_LAG,/kaggle/input/datasets/rayeedaabir/lag-database-part1-uk/LAG_database_part1_UK/non_glaucoma/image/4813.jpg,Normal,5,train,96f26969158f1396
T3_LAG,/kaggle/input/datasets/rayeedaabir/lag-database-part1-uk/LAG_database_part1_UK/non_glaucoma/image/4822.jpg,Normal,5,train,96ba696995926569
T3_LAG,/kaggle/input/datasets/rayeedaabir/lag-database-part1-uk/LAG_database_part1_UK/non_glaucoma/image/4827.jpg,Normal,5,test,d5947f4b5ca4b484
T3_LAG,/kaggle/input/datasets/rayeedaabir/lag-database-part1-uk/LAG_database_part1_UK/non_glaucoma/image/4830.jpg,Normal,5,test,d3cc656712916c6d
T3_LAG,/kaggle/input/datasets/rayeedaabir/lag-database-part1-uk/LAG_database_part1_UK/non_glaucoma/image/4831.jpg,Normal,5,train,95d5491b35d5494d
T3_LAG,/kaggle/input/datasets/rayeedaabir/lag-database-part1-uk/LAG_database_part1_UK/non_glaucoma/image/4832.jpg,Normal,5,train,94ba4bb494cb4bb4
T3_LAG,/kaggle/input/datasets/rayeedaabir/lag-database-part1-uk/LAG_database_part1_UK/non_glaucoma/image/4834.jpg,Normal,5,train,d5cb75355691601d
T3_LAG,/kaggle/input/datasets/rayeedaabir/lag-database-part1-uk/LAG_database_part1_UK/non_glaucoma/image/4835.jpg,Normal,5,val,91a065a7559d5772
T3_LAG,/kaggle/input/datasets/rayeedaabir/lag-database-part1-uk/LAG_database_part1_UK/non_glaucoma/image/4840.jpg,Normal,5,test,87c7313946c63d39
T3_LAG,/kaggle/input/datasets/rayeedaabir/lag-database-part1-uk/LAG_database_part1_UK/non_glaucoma/image/4842.jpg,Normal,5,train,c1433c3e63e3a43e
T3_LAG,/kaggle/input/datasets/rayeedaabir/lag-database-part1-uk/LAG_database_part1_UK/non_glaucoma/image/4843.jpg,Normal,5,train,cc2933971cc77711
T3_LAG,/kaggle/input/datasets/rayeedaabir/lag-database-part1-uk/LAG_database_part1_UK/non_glaucoma/image/4845.jpg,Normal,5,train,c787393c604b273d
T3_LAG,/kaggle/input/datasets/rayeedaabir/lag-database-part1-uk/LAG_database_part1_UK/non_glaucoma/image/4847.jpg,Normal,5,train,886b67841dc67733
T3_LAG,/kaggle/input/datasets/rayeedaabir/lag-database-part1-uk/LAG_database_part1_UK/non_glaucoma/image/4848.jpg,Normal,5,train,949651ed496f0a9e
T3_LAG,/kaggle/input/datasets/rayeedaabir/lag-database-part1-uk/LAG_database_part1_UK/non_glaucoma/image/4851.jpg,Normal,5,test,d582656d33937865
T3_LAG,/kaggle/input/datasets/rayeedaabir/lag-database-part1-uk/LAG_database_part1_UK/non_glaucoma/image/4852.jpg,Normal,5,test,9585491b55b6555b
T3_LAG,/kaggle/input/datasets/rayeedaabir/lag-database-part1-uk/LAG_database_part1_UK/non_glaucoma/image/4854.jpg,Normal,5,train,96d06d6e95925569
T3_LAG,/kaggle/input/datasets/rayeedaabir/lag-database-part1-uk/LAG_database_part1_UK/non_glaucoma/image/4855.jpg,Normal,5,train,d46d659612c74a3e
T3_LAG,/kaggle/input/datasets/rayeedaabir/lag-database-part1-uk/LAG_database_part1_UK/non_glaucoma/image/4857.jpg,Normal,5,val,86d269493696756d
T3_LAG,/kaggle/input/datasets/rayeedaabir/lag-database-part1-uk/LAG_database_part1_UK/non_glaucoma/image/4859.jpg,Normal,5,train,865a752e176c653a
T3_LAG,/kaggle/input/datasets/rayeedaabir/lag-database-part1-uk/LAG_database_part1_UK/non_glaucoma/image/4863.jpg,Normal,5,val,c3cf303c41ff103b
T3_LAG,/kaggle/input/datasets/rayeedaabir/lag-database-part1-uk/LAG_database_part1_UK/non_glaucoma/image/4865.jpg,Normal,5,val,d569563574a74a38
T3_LAG,/kaggle/input/datasets/rayeedaabir/lag-database-part1-uk/LAG_database_part1_UK/non_glaucoma/image/4867.jpg,Normal,5,train,d45f0367a0df8067
T3_LAG,/kaggle/input/datasets/rayeedaabir/lag-database-part1-uk/LAG_database_part1_UK/non_glaucoma/image/4868.jpg,Normal,5,train,816834e9479c5f79
T3_LAG,/kaggle/input/datasets/rayeedaabir/lag-database-part1-uk/LAG_database_part1_UK/non_glaucoma/image/4870.jpg,Normal,5,test,93e8659292ec6d93
T3_LAG,/kaggle/input/datasets/rayeedaabir/lag-database-part1-uk/LAG_database_part1_UK/non_glaucoma/image/4875.jpg,Normal,5,train,de5329c7824c9b33
T3_LAG,/kaggle/input/datasets/rayeedaabir/lag-database-part1-uk/LAG_database_part1_UK/non_glaucoma/image/4876.jpg,Normal,5,train,d52d4b3934874a79
T3_LAG,/kaggle/input/datasets/rayeedaabir/lag-database-part1-uk/LAG_database_part1_UK/non_glaucoma/image/4878.jpg,Normal,5,train,d4ac69bd1694686d
T3_LAG,/kaggle/input/datasets/rayeedaabir/lag-database-part1-uk/LAG_database_part1_UK/non_glaucoma/image/4879.jpg,Normal,5,test,d52a552d56f0722d
T3_LAG,/kaggle/input/datasets/rayeedaabir/lag-database-part1-uk/LAG_database_part1_UK/non_glaucoma/image/4880.jpg,Normal,5,train,dc3736d948962a4b
T3_LAG,/kaggle/input/datasets/rayeedaabir/lag-database-part1-uk/LAG_database_part1_UK/non_glaucoma/image/4881.jpg,Normal,5,train,c0ef10be43ef14b8
T3_LAG,/kaggle/input/datasets/rayeedaabir/lag-database-part1-uk/LAG_database_part1_UK/non_glaucoma/image/4882.jpg,Normal,5,train,952075bd5599742d
T3_LAG,/kaggle/input/datasets/rayeedaabir/lag-database-part1-uk/LAG_database_part1_UK/non_glaucoma/image/4883.jpg,Normal,5,test,d16f36d948a72a58
T3_LAG,/kaggle/input/datasets/rayeedaabir/lag-database-part1-uk/LAG_database_part1_UK/non_glaucoma/image/4885.jpg,Normal,5,val,c2c73d3070cf07c7
T3_LAG,/kaggle/input/datasets/rayeedaabir/lag-database-part1-uk/LAG_database_part1_UK/non_glaucoma/image/4890.jpg,Normal,5,test,c3c73c3c43c7b438
T3_LAG,/kaggle/input/datasets/rayeedaabir/lag-database-part1-uk/LAG_database_part1_UK/non_glaucoma/image/4891.jpg,Normal,5,train,d74a652d16916c6d
T3_LAG,/kaggle/input/datasets/rayeedaabir/lag-database-part1-uk/LAG_database_part1_UK/non_glaucoma/image/4892.jpg,Normal,5,test,882a679915d75755
T3_LAG,/kaggle/input/datasets/rayeedaabir/lag-database-part1-uk/LAG_database_part1_UK/non_glaucoma/image/4893.jpg,Normal,5,train,c1de3c6b41f2153a
T3_LAG,/kaggle/input/datasets/rayeedaabir/lag-database-part1-uk/LAG_database_part1_UK/non_glaucoma/image/4894.jpg,Normal,5,train,959d636a15a5754a
T3_LAG,/kaggle/input/datasets/rayeedaabir/lag-database-part1-uk/LAG_database_part1_UK/non_glaucoma/image/4895.jpg,Normal,5,train,8fc9b83ce3c3883c
T3_LAG,/kaggle/input/datasets/rayeedaabir/lag-database-part1-uk/LAG_database_part1_UK/non_glaucoma/image/4896.jpg,Normal,5,train,86d6306f46b439cb
T3_LAG,/kaggle/input/datasets/rayeedaabir/lag-database-part1-uk/LAG_database_part1_UK/non_glaucoma/image/4897.jpg,Normal,5,train,813b34e347961e6b
T3_LAG,/kaggle/input/datasets/rayeedaabir/lag-database-part1-uk/LAG_database_part1_UK/non_glaucoma/image/4898.jpg,Normal,5,test,c191152157875f5f
T3_LAG,/kaggle/input/datasets/rayeedaabir/lag-database-part1-uk/LAG_database_part1_UK/non_glaucoma/image/4900.jpg,Normal,5,val,96cd691616ed6d06
T3_LAG,/kaggle/input/datasets/rayeedaabir/lag-database-part1-uk/LAG_database_part1_UK/non_glaucoma/image/4901.jpg,Normal,5,test,cccc73237188dcba
T3_LAG,/kaggle/input/datasets/rayeedaabir/lag-database-part1-uk/LAG_database_part1_UK/non_glaucoma/image/4903.jpg,Normal,5,train,c1c23e3e61e11d3e
T3_LAG,/kaggle/input/datasets/rayeedaabir/lag-database-part1-uk/LAG_database_part1_UK/non_glaucoma/image/4907.jpg,Normal,5,train,803f3c7e61ef2078
T3_LAG,/kaggle/input/datasets/rayeedaabir/lag-database-part1-uk/LAG_database_part1_UK/non_glaucoma/image/4908.jpg,Normal,5,train,d59575d554d542c4
T3_LAG,/kaggle/input/datasets/rayeedaabir/lag-database-part1-uk/LAG_database_part1_UK/non_glaucoma/image/4909.jpg,Normal,5,train,916924f417837f1d
T3_LAG,/kaggle/input/datasets/rayeedaabir/lag-database-part1-uk/LAG_database_part1_UK/non_glaucoma/image/4910.jpg,Normal,5,val,c0c03d3f60e33d3e
T3_LAG,/kaggle/input/datasets/rayeedaabir/lag-database-part1-uk/LAG_database_part1_UK/non_glaucoma/image/4917.jpg,Normal,5,test,96466936167a651f
T3_LAG,/kaggle/input/datasets/rayeedaabir/lag-database-part1-uk/LAG_database_part1_UK/non_glaucoma/image/4918.jpg,Normal,5,test,c7cf0804ffff8801
T3_LAG,/kaggle/input/datasets/rayeedaabir/lag-database-part1-uk/LAG_database_part1_UK/non_glaucoma/image/4923.jpg,Normal,5,train,d5e465b556e36405
T3_LAG,/kaggle/input/datasets/rayeedaabir/lag-database-part1-uk/LAG_database_part1_UK/non_glaucoma/image/4931.jpg,Normal,5,train,fffd78c1c3c03006
T3_LAG,/kaggle/input/datasets/rayeedaabir/lag-database-part1-uk/LAG_database_part1_UK/non_glaucoma/image/4934.jpg,Normal,5,train,c1ce3c3b416e13ea
T3_LAG,/kaggle/input/datasets/rayeedaabir/lag-database-part1-uk/LAG_database_part1_UK/non_glaucoma/image/4936.jpg,Normal,5,train,8c2555d556d22ade
T3_LAG,/kaggle/input/datasets/rayeedaabir/lag-database-part1-uk/LAG_database_part1_UK/non_glaucoma/image/4937.jpg,Normal,5,train,c2c03d3d62f33437
T3_LAG,/kaggle/input/datasets/rayeedaabir/lag-database-part1-uk/LAG_database_part1_UK/non_glaucoma/image/4939.jpg,Normal,5,test,d56c76d648992267
T3_LAG,/kaggle/input/datasets/rayeedaabir/lag-database-part1-uk/LAG_database_part1_UK/non_glaucoma/image/4941.jpg,Normal,5,train,c0db3f6f40e2107e
T3_LAG,/kaggle/input/datasets/rayeedaabir/lag-database-part1-uk/LAG_database_part1_UK/non_glaucoma/image/4946.jpg,Normal,5,train,dd6e269948a7225d
T3_LAG,/kaggle/input/datasets/rayeedaabir/lag-database-part1-uk/LAG_database_part1_UK/non_glaucoma/image/4948.jpg,Normal,5,train,80d367a617cc5f13
T3_LAG,/kaggle/input/datasets/rayeedaabir/lag-database-part1-uk/LAG_database_part1_UK/non_glaucoma/image/4950.jpg,Normal,5,train,80573c7f40ef087e
T3_LAG,/kaggle/input/datasets/rayeedaabir/lag-database-part1-uk/LAG_database_part1_UK/non_glaucoma/image/4951.jpg,Normal,5,train,c243393f622f307d
T3_LAG,/kaggle/input/datasets/rayeedaabir/lag-database-part1-uk/LAG_database_part1_UK/non_glaucoma/image/4952.jpg,Normal,5,train,c19c3e41319c7ee3
T3_LAG,/kaggle/input/datasets/rayeedaabir/lag-database-part1-uk/LAG_database_part1_UK/non_glaucoma/image/4953.jpg,Normal,5,val,d96f26d349992265
T3_LAG,/kaggle/input/datasets/rayeedaabir/lag-database-part1-uk/LAG_database_part1_UK/non_glaucoma/image/4954.jpg,Normal,5,train,c2c53c3866d7287b
T3_LAG,/kaggle/input/datasets/rayeedaabir/lag-database-part1-uk/LAG_database_part1_UK/non_glaucoma/image/4956.jpg,Normal,5,train,943741f512d74a7a
T3_LAG,/kaggle/input/datasets/rayeedaabir/lag-database-part1-uk/LAG_database_part1_UK/non_glaucoma/image/4957.jpg,Normal,5,train,882977961dd75711
T3_LAG,/kaggle/input/datasets/rayeedaabir/lag-database-part1-uk/LAG_database_part1_UK/non_glaucoma/image/4958.jpg,Normal,5,val,c1fc3e2361bc3863
T3_LAG,/kaggle/input/datasets/rayeedaabir/lag-database-part1-uk/LAG_database_part1_UK/non_glaucoma/image/4961.jpg,Normal,5,test,c0703f3f66e0e81b
T3_LAG,/kaggle/input/datasets/rayeedaabir/lag-database-part1-uk/LAG_database_part1_UK/non_glaucoma/image/4963.jpg,Normal,5,val,d96776d940a6229d
T3_LAG,/kaggle/input/datasets/rayeedaabir/lag-database-part1-uk/LAG_database_part1_UK/non_glaucoma/image/4965.jpg,Normal,5,test,96fd694b14b46949
T3_LAG,/kaggle/input/datasets/rayeedaabir/lag-database-part1-uk/LAG_database_part1_UK/non_glaucoma/image/4968.jpg,Normal,5,train,dd3c36e140d3226f
T3_LAG,/kaggle/input/datasets/rayeedaabir/lag-database-part1-uk/LAG_database_part1_UK/non_glaucoma/image/4969.jpg,Normal,5,train,d96636d948e62a59
T3_LAG,/kaggle/input/datasets/rayeedaabir/lag-database-part1-uk/LAG_database_part1_UK/non_glaucoma/image/4972.jpg,Normal,5,train,9255695d36766929
T3_LAG,/kaggle/input/datasets/rayeedaabir/lag-database-part1-uk/LAG_database_part1_UK/non_glaucoma/image/4974.jpg,Normal,5,train,c17d3c7b01a7307c
T3_LAG,/kaggle/input/datasets/rayeedaabir/lag-database-part1-uk/LAG_database_part1_UK/non_glaucoma/image/4977.jpg,Normal,5,train,9666693a17c8651f
T3_LAG,/kaggle/input/datasets/rayeedaabir/lag-database-part1-uk/LAG_database_part1_UK/non_glaucoma/image/4978.jpg,Normal,5,train,94c621ce57995f52
T3_LAG,/kaggle/input/datasets/rayeedaabir/lag-database-part1-uk/LAG_database_part1_UK/non_glaucoma/image/4979.jpg,Normal,5,val,d549552d17b34a65
T3_LAG,/kaggle/input/datasets/rayeedaabir/lag-database-part1-uk/LAG_database_part1_UK/non_glaucoma/image/4981.jpg,Normal,5,train,d13c76f6d8c92262
T3_LAG,/kaggle/input/datasets/rayeedaabir/lag-database-part1-uk/LAG_database_part1_UK/non_glaucoma/image/4982.jpg,Normal,5,test,c0e13e1f28e9c0bf
T3_LAG,/kaggle/input/datasets/rayeedaabir/lag-database-part1-uk/LAG_database_part1_UK/non_glaucoma/image/4983.jpg,Normal,5,train,d4f36ada29c90d19
T3_LAG,/kaggle/input/datasets/rayeedaabir/lag-database-part1-uk/LAG_database_part1_UK/non_glaucoma/image/4989.jpg,Normal,5,train,c647303d066f317b
T3_LAG,/kaggle/input/datasets/rayeedaabir/lag-database-part1-uk/LAG_database_part1_UK/non_glaucoma/image/4990.jpg,Normal,5,train,d92632cd4beb22d1
T3_LAG,/kaggle/input/datasets/rayeedaabir/lag-database-part1-uk/LAG_database_part1_UK/non_glaucoma/image/4991.jpg,Normal,5,train,811f103c43f73f78
T3_LAG,/kaggle/input/datasets/rayeedaabir/lag-database-part1-uk/LAG_database_part1_UK/non_glaucoma/image/4992.jpg,Normal,5,train,d5c564551ad26a7a
T3_LAG,/kaggle/input/datasets/rayeedaabir/lag-database-part1-uk/LAG_database_part1_UK/non_glaucoma/image/4993.jpg,Normal,5,train,c82537d518d672da
T3_LAG,/kaggle/input/datasets/rayeedaabir/lag-database-part1-uk/LAG_database_part1_UK/non_glaucoma/image/4994.jpg,Normal,5,train,955a656c55b2556c
T3_LAG,/kaggle/input/datasets/rayeedaabir/lag-database-part1-uk/LAG_database_part1_UK/non_glaucoma/image/4995.jpg,Normal,5,train,c16f309f80ff017a
T3_LAG,/kaggle/input/datasets/rayeedaabir/lag-database-part1-uk/LAG_database_part1_UK/non_glaucoma/image/4998.jpg,Normal,5,train,87d3387342bd30c7
T3_LAG,/kaggle/input/datasets/rayeedaabir/lag-database-part1-uk/LAG_database_part1_UK/non_glaucoma/image/5000.jpg,Normal,5,train,9496696ab6b4694b
T3_LAG,/kaggle/input/datasets/rayeedaabir/lag-database-part1-uk/LAG_database_part1_UK/non_glaucoma/image/5001.jpg,Normal,5,train,c09f3f62601d33f1
T3_LAG,/kaggle/input/datasets/rayeedaabir/lag-database-part1-uk/LAG_database_part1_UK/non_glaucoma/image/5002.jpg,Normal,5,train,d4e532d3409b4a7e
T3_LAG,/kaggle/input/datasets/rayeedaabir/lag-database-part1-uk/LAG_database_part1_UK/non_glaucoma/image/5006.jpg,Normal,5,train,94b5694b9594696b
T3_LAG,/kaggle/input/datasets/rayeedaabir/lag-database-part1-uk/LAG_database_part1_UK/non_glaucoma/image/5007.jpg,Normal,5,train,c0603f9f70f0171f
T3_LAG,/kaggle/input/datasets/rayeedaabir/lag-database-part1-uk/LAG_database_part1_UK/non_glaucoma/image/5009.jpg,Normal,5,test,dc3f32d948f22259
T3_LAG,/kaggle/input/datasets/rayeedaabir/lag-database-part1-uk/LAG_database_part1_UK/non_glaucoma/image/5010.jpg,Normal,5,test,c19f3e68e1e2352a
T3_LAG,/kaggle/input/datasets/rayeedaabir/lag-database-part1-uk/LAG_database_part1_UK/non_glaucoma/image/5019.jpg,Normal,5,train,cece713187ca386c
T3_LAG,/kaggle/input/datasets/rayeedaabir/lag-database-part1-uk/LAG_database_part1_UK/non_glaucoma/image/5020.jpg,Normal,5,test,94ed51d712cf4a92
T3_LAG,/kaggle/input/datasets/rayeedaabir/lag-database-part1-uk/LAG_database_part1_UK/non_glaucoma/image/5021.jpg,Normal,5,train,886b35ce15f2570e
T3_LAG,/kaggle/input/datasets/rayeedaabir/lag-database-part1-uk/LAG_database_part1_UK/non_glaucoma/image/5022.jpg,Normal,5,val,c1c13e3e3c69c3c3
T3_LAG,/kaggle/input/datasets/rayeedaabir/lag-database-part1-uk/LAG_database_part1_UK/non_glaucoma/image/5025.jpg,Normal,5,val,c1d23eaf63c03e1c
T3_LAG,/kaggle/input/datasets/rayeedaabir/lag-database-part1-uk/LAG_database_part1_UK/non_glaucoma/image/5026.jpg,Normal,5,val,d6e06d0d16d6616d
T3_LAG,/kaggle/input/datasets/rayeedaabir/lag-database-part1-uk/LAG_database_part1_UK/non_glaucoma/image/5027.jpg,Normal,5,train,81e7309847971e7d
T3_LAG,/kaggle/input/datasets/rayeedaabir/lag-database-part1-uk/LAG_database_part1_UK/non_glaucoma/image/5028.jpg,Normal,5,train,816434c757965f59
T3_LAG,/kaggle/input/datasets/rayeedaabir/lag-database-part1-uk/LAG_database_part1_UK/non_glaucoma/image/5029.jpg,Normal,5,train,c657383962e7203f
T3_LAG,/kaggle/input/datasets/rayeedaabir/lag-database-part1-uk/LAG_database_part1_UK/non_glaucoma/image/5030.jpg,Normal,5,test,95c5692b17b24d2b
T3_LAG,/kaggle/input/datasets/rayeedaabir/lag-database-part1-uk/LAG_database_part1_UK/non_glaucoma/image/5036.jpg,Normal,5,train,82473d384acfb539
T3_LAG,/kaggle/input/datasets/rayeedaabir/lag-database-part1-uk/LAG_database_part1_UK/non_glaucoma/image/5037.jpg,Normal,5,train,d595374d5c93628c
T3_LAG,/kaggle/input/datasets/rayeedaabir/lag-database-part1-uk/LAG_database_part1_UK/non_glaucoma/image/5039.jpg,Normal,5,train,c1cc3c2d61c73c7c
T3_LAG,/kaggle/input/datasets/rayeedaabir/lag-database-part1-uk/LAG_database_part1_UK/non_glaucoma/image/5040.jpg,Normal,5,val,d57574d340c602df
T3_LAG,/kaggle/input/datasets/rayeedaabir/lag-database-part1-uk/LAG_database_part1_UK/non_glaucoma/image/5045.jpg,Normal,5,train,964e693637686536
T3_LAG,/kaggle/input/datasets/rayeedaabir/lag-database-part1-uk/LAG_database_part1_UK/non_glaucoma/image/5048.jpg,Normal,5,test,83c33c3e63c7b419
T3_LAG,/kaggle/input/datasets/rayeedaabir/lag-database-part1-uk/LAG_database_part1_UK/non_glaucoma/image/5049.jpg,Normal,5,train,9b9bc0e466e662b1
T3_LAG,/kaggle/input/datasets/rayeedaabir/lag-database-part1-uk/LAG_database_part1_UK/non_glaucoma/image/5052.jpg,Normal,5,test,c3fd38c743b830c6
T3_LAG,/kaggle/input/datasets/rayeedaabir/lag-database-part1-uk/LAG_database_part1_UK/non_glaucoma/image/5054.jpg,Normal,5,train,886227995d367799
T3_LAG,/kaggle/input/datasets/rayeedaabir/lag-database-part1-uk/LAG_database_part1_UK/non_glaucoma/image/5055.jpg,Normal,5,val,94f341ed12c74a3e
T3_LAG,/kaggle/input/datasets/rayeedaabir/lag-database-part1-uk/LAG_database_part1_UK/non_glaucoma/image/5056.jpg,Normal,5,val,d7a545cd1295686d
T3_LAG,/kaggle/input/datasets/rayeedaabir/lag-database-part1-uk/LAG_database_part1_UK/non_glaucoma/image/5058.jpg,Normal,5,train,83c33c3c3ac3e3c3
T3_LAG,/kaggle/input/datasets/rayeedaabir/lag-database-part1-uk/LAG_database_part1_UK/non_glaucoma/image/5061.jpg,Normal,5,train,88cc67e711d91976
T3_LAG,/kaggle/input/datasets/rayeedaabir/lag-database-part1-uk/LAG_database_part1_UK/non_glaucoma/image/5063.jpg,Normal,5,val,84ab71951d95575c
T3_LAG,/kaggle/input/datasets/rayeedaabir/lag-database-part1-uk/LAG_database_part1_UK/non_glaucoma/image/5066.jpg,Normal,5,train,d56f60f342960a6d
T3_LAG,/kaggle/input/datasets/rayeedaabir/lag-database-part1-uk/LAG_database_part1_UK/non_glaucoma/image/5069.jpg,Normal,5,train,d5ad45e512916a6d
T3_LAG,/kaggle/input/datasets/rayeedaabir/lag-database-part1-uk/LAG_database_part1_UK/non_glaucoma/image/5071.jpg,Normal,5,train,97486d2f15a2552f
T3_LAG,/kaggle/input/datasets/rayeedaabir/lag-database-part1-uk/LAG_database_part1_UK/non_glaucoma/image/5072.jpg,Normal,5,train,83c53c3a43c7343f
T3_LAG,/kaggle/input/datasets/rayeedaabir/lag-database-part1-uk/LAG_database_part1_UK/non_glaucoma/image/5073.jpg,Normal,5,train,94e761d712cb4b1a
T3_LAG,/kaggle/input/datasets/rayeedaabir/lag-database-part1-uk/LAG_database_part1_UK/non_glaucoma/image/5074.jpg,Normal,5,val,c05f347a01fa15fa
T3_LAG,/kaggle/input/datasets/rayeedaabir/lag-database-part1-uk/LAG_database_part1_UK/non_glaucoma/image/5076.jpg,Normal,5,train,9696690b14be696b
T3_LAG,/kaggle/input/datasets/rayeedaabir/lag-database-part1-uk/LAG_database_part1_UK/non_glaucoma/image/5078.jpg,Normal,5,train,c3c43c7863bf3c42
T3_LAG,/kaggle/input/datasets/rayeedaabir/lag-database-part1-uk/LAG_database_part1_UK/non_glaucoma/image/5079.jpg,Normal,5,test,8c6a73871d945733
T3_LAG,/kaggle/input/datasets/rayeedaabir/lag-database-part1-uk/LAG_database_part1_UK/non_glaucoma/image/5081.jpg,Normal,5,train,d7826d6d1792542d
T3_LAG,/kaggle/input/datasets/rayeedaabir/lag-database-part1-uk/LAG_database_part1_UK/non_glaucoma/image/5083.jpg,Normal,5,train,84cb63831d9c7763
T3_LAG,/kaggle/input/datasets/rayeedaabir/lag-database-part1-uk/LAG_database_part1_UK/non_glaucoma/image/5084.jpg,Normal,5,test,9792656917b6646c
T3_LAG,/kaggle/input/datasets/rayeedaabir/lag-database-part1-uk/LAG_database_part1_UK/non_glaucoma/image/5087.jpg,Normal,5,train,84e367861d95575a
T3_LAG,/kaggle/input/datasets/rayeedaabir/lag-database-part1-uk/LAG_database_part1_UK/non_glaucoma/image/5091.jpg,Normal,5,test,8357385a62e7387c
T3_LAG,/kaggle/input/datasets/rayeedaabir/lag-database-part1-uk/LAG_database_part1_UK/non_glaucoma/image/5092.jpg,Normal,5,train,c0db367f00e7007f
T3_LAG,/kaggle/input/datasets/rayeedaabir/lag-database-part1-uk/LAG_database_part1_UK/non_glaucoma/image/5094.jpg,Normal,5,train,c73330cc47d31f38
T3_LAG,/kaggle/input/datasets/rayeedaabir/lag-database-part1-uk/LAG_database_part1_UK/non_glaucoma/image/5095.jpg,Normal,5,val,d5d2680b37b4754a
T3_LAG,/kaggle/input/datasets/rayeedaabir/lag-database-part1-uk/LAG_database_part1_UK/non_glaucoma/image/5096.jpg,Normal,5,train,86c1386f479f3878
T3_LAG,/kaggle/input/datasets/rayeedaabir/lag-database-part1-uk/LAG_database_part1_UK/non_glaucoma/image/5097.jpg,Normal,5,train,8ada6d69959a1569
T3_LAG,/kaggle/input/datasets/rayeedaabir/lag-database-part1-uk/LAG_database_part1_UK/non_glaucoma/image/5098.jpg,Normal,5,test,d5e4651f55d16415
T3_LAG,/kaggle/input/datasets/rayeedaabir/lag-database-part1-uk/LAG_database_part1_UK/non_glaucoma/image/5099.jpg,Normal,5,val,95456a4b35b6612f
T3_LAG,/kaggle/input/datasets/rayeedaabir/lag-database-part1-uk/LAG_database_part1_UK/non_glaucoma/image/5102.jpg,Normal,5,train,82bf69a907d1253d
T3_LAG,/kaggle/input/datasets/rayeedaabir/lag-database-part1-uk/LAG_database_part1_UK/non_glaucoma/image/5106.jpg,Normal,5,train,96c5692d16926c6f
T3_LAG,/kaggle/input/datasets/rayeedaabir/lag-database-part1-uk/LAG_database_part1_UK/non_glaucoma/image/5109.jpg,Normal,5,train,80c73d7a42bf3570
T3_LAG,/kaggle/input/datasets/rayeedaabir/lag-database-part1-uk/LAG_database_part1_UK/non_glaucoma/image/5112.jpg,Normal,5,test,95274b9d3a946a4b
T3_LAG,/kaggle/input/datasets/rayeedaabir/lag-database-part1-uk/LAG_database_part1_UK/non_glaucoma/image/5115.jpg,Normal,5,train,8c8c676699993733
T3_LAG,/kaggle/input/datasets/rayeedaabir/lag-database-part1-uk/LAG_database_part1_UK/non_glaucoma/image/5116.jpg,Normal,5,train,96a26dcd96926c6c
T3_LAG,/kaggle/input/datasets/rayeedaabir/lag-database-part1-uk/LAG_database_part1_UK/non_glaucoma/image/5117.jpg,Normal,5,val,c3e33d1f42c7303c
T3_LAG,/kaggle/input/datasets/rayeedaabir/lag-database-part1-uk/LAG_database_part1_UK/non_glaucoma/image/5118.jpg,Normal,5,train,c0fa01ab54fe05af
T3_LAG,/kaggle/input/datasets/rayeedaabir/lag-database-part1-uk/LAG_database_part1_UK/non_glaucoma/image/5121.jpg,Normal,5,val,95e5759557754015
T3_LAG,/kaggle/input/datasets/rayeedaabir/lag-database-part1-uk/LAG_database_part1_UK/non_glaucoma/image/5126.jpg,Normal,5,train,d5fe72c040e30adb
T3_LAG,/kaggle/input/datasets/rayeedaabir/lag-database-part1-uk/LAG_database_part1_UK/non_glaucoma/image/5127.jpg,Normal,5,train,8703385e62fd255e
T3_LAG,/kaggle/input/datasets/rayeedaabir/lag-database-part1-uk/LAG_database_part1_UK/non_glaucoma/image/5132.jpg,Normal,5,val,946d65b512cd4ab6
T3_LAG,/kaggle/input/datasets/rayeedaabir/lag-database-part1-uk/LAG_database_part1_UK/non_glaucoma/image/5134.jpg,Normal,5,train,955c67a65d887724
T3_LAG,/kaggle/input/datasets/rayeedaabir/lag-database-part1-uk/LAG_database_part1_UK/non_glaucoma/image/5135.jpg,Normal,5,train,999c66a21d9c7762
T3_LAG,/kaggle/input/datasets/rayeedaabir/lag-database-part1-uk/LAG_database_part1_UK/non_glaucoma/image/5137.jpg,Normal,5,train,876834c3478d3d79
T3_LAG,/kaggle/input/datasets/rayeedaabir/lag-database-part1-uk/LAG_database_part1_UK/non_glaucoma/image/5138.jpg,Normal,5,val,c0573c5e60bc347b
T3_LAG,/kaggle/input/datasets/rayeedaabir/lag-database-part1-uk/LAG_database_part1_UK/non_glaucoma/image/5142.jpg,Normal,5,train,d3466d2d1292ea6d
T3_LAG,/kaggle/input/datasets/rayeedaabir/lag-database-part1-uk/LAG_database_part1_UK/non_glaucoma/image/5157.jpg,Normal,5,train,956975ad57a56205
T3_LAG,/kaggle/input/datasets/rayeedaabir/lag-database-part1-uk/LAG_database_part1_UK/non_glaucoma/image/5160.jpg,Normal,5,train,d5f54149162dea4d
T3_LAG,/kaggle/input/datasets/rayeedaabir/lag-database-part1-uk/LAG_database_part1_UK/non_glaucoma/image/5161.jpg,Normal,5,train,94c7619712c70b3f
T3_LAG,/kaggle/input/datasets/rayeedaabir/lag-database-part1-uk/LAG_database_part1_UK/non_glaucoma/image/5163.jpg,Normal,5,train,c13730d847935f78
T3_LAG,/kaggle/input/datasets/rayeedaabir/lag-database-part1-uk/LAG_database_part1_UK/non_glaucoma/image/5165.jpg,Normal,5,train,c0780b0f247cf0ff
T3_LAG,/kaggle/input/datasets/rayeedaabir/lag-database-part1-uk/LAG_database_part1_UK/non_glaucoma/image/5169.jpg,Normal,5,train,9642696b17b27569
T3_LAG,/kaggle/input/datasets/rayeedaabir/lag-database-part1-uk/LAG_database_part1_UK/non_glaucoma/image/5173.jpg,Normal,5,train,cc89772754cc7233
T3_LAG,/kaggle/input/datasets/rayeedaabir/lag-database-part1-uk/LAG_database_part1_UK/non_glaucoma/image/5177.jpg,Normal,5,test,8e8d3c3b23c6e0e3
T3_LAG,/kaggle/input/datasets/rayeedaabir/lag-database-part1-uk/LAG_database_part1_UK/non_glaucoma/image/5178.jpg,Normal,5,train,c91e3f6270621f2e
T3_LAG,/kaggle/input/datasets/rayeedaabir/lag-database-part1-uk/LAG_database_part1_UK/non_glaucoma/image/5180.jpg,Normal,5,val,d46b34dc4ab70a59
T3_LAG,/kaggle/input/datasets/rayeedaabir/lag-database-part1-uk/LAG_database_part1_UK/non_glaucoma/image/5185.jpg,Normal,5,train,d0d01f1f6be0f01e
T3_LAG,/kaggle/input/datasets/rayeedaabir/lag-database-part1-uk/LAG_database_part1_UK/non_glaucoma/image/5188.jpg,Normal,5,test,dd6774d340b6025b
T3_LAG,/kaggle/input/datasets/rayeedaabir/lag-database-part1-uk/LAG_database_part1_UK/non_glaucoma/image/5189.jpg,Normal,5,train,95964d6d16d44a4f
T3_LAG,/kaggle/input/datasets/rayeedaabir/lag-database-part1-uk/LAG_database_part1_UK/non_glaucoma/image/5193.jpg,Normal,5,train,9692694d1696e56d
T3_LAG,/kaggle/input/datasets/rayeedaabir/lag-database-part1-uk/LAG_database_part1_UK/non_glaucoma/image/5194.jpg,Normal,5,train,96d469491593756d
T3_LAG,/kaggle/input/datasets/rayeedaabir/lag-database-part1-uk/LAG_database_part1_UK/non_glaucoma/image/5195.jpg,Normal,5,test,916626d94db266cd
T3_LAG,/kaggle/input/datasets/rayeedaabir/lag-database-part1-uk/LAG_database_part1_UK/non_glaucoma/image/5198.jpg,Normal,5,test,97c5653516b56a25
T3_LAG,/kaggle/input/datasets/rayeedaabir/lag-database-part1-uk/LAG_database_part1_UK/non_glaucoma/image/5201.jpg,Normal,5,train,96ca692b928e6da9
T3_LAG,/kaggle/input/datasets/rayeedaabir/lag-database-part1-uk/LAG_database_part1_UK/non_glaucoma/image/5205.jpg,Normal,5,val,a8d56acaa5b5334a
T3_LAG,/kaggle/input/datasets/rayeedaabir/lag-database-part1-uk/LAG_database_part1_UK/non_glaucoma/image/5206.jpg,Normal,5,train,c57234a947871f78
T3_LAG,/kaggle/input/datasets/rayeedaabir/lag-database-part1-uk/LAG_database_part1_UK/non_glaucoma/image/5214.jpg,Normal,5,test,c1ea1cbe01e715f8
T3_LAG,/kaggle/input/datasets/rayeedaabir/lag-database-part1-uk/LAG_database_part1_UK/non_glaucoma/image/5215.jpg,Normal,5,train,d569543d5a556a25
T3_LAG,/kaggle/input/datasets/rayeedaabir/lag-database-part1-uk/LAG_database_part1_UK/non_glaucoma/image/5217.jpg,Normal,5,train,d41e412f16b74a6d
T3_LAG,/kaggle/input/datasets/rayeedaabir/lag-database-part1-uk/LAG_database_part1_UK/non_glaucoma/image/5221.jpg,Normal,5,val,c04f3d5a42b5385f
T3_LAG,/kaggle/input/datasets/rayeedaabir/lag-database-part1-uk/LAG_database_part1_UK/non_glaucoma/image/5223.jpg,Normal,5,train,d56436d348a62add
T3_LAG,/kaggle/input/datasets/rayeedaabir/lag-database-part1-uk/LAG_database_part1_UK/non_glaucoma/image/5226.jpg,Normal,5,train,c297387e036f207d
T3_LAG,/kaggle/input/datasets/rayeedaabir/lag-database-part1-uk/LAG_database_part1_UK/non_glaucoma/image/5228.jpg,Normal,5,train,94b645f912d64a6d
T3_LAG,/kaggle/input/datasets/rayeedaabir/lag-database-part1-uk/LAG_database_part1_UK/non_glaucoma/image/5229.jpg,Normal,5,train,d5a95b3534c54a3c
T3_LAG,/kaggle/input/datasets/rayeedaabir/lag-database-part1-uk/LAG_database_part1_UK/non_glaucoma/image/5233.jpg,Normal,5,train,d692363255e94c6d
T3_LAG,/kaggle/input/datasets/rayeedaabir/lag-database-part1-uk/LAG_database_part1_UK/non_glaucoma/image/5235.jpg,Normal,5,train,c34f3c3f60e7003e
T3_LAG,/kaggle/input/datasets/rayeedaabir/lag-database-part1-uk/LAG_database_part1_UK/non_glaucoma/image/5236.jpg,Normal,5,train,c1fa14be01e3173e
T3_LAG,/kaggle/input/datasets/rayeedaabir/lag-database-part1-uk/LAG_database_part1_UK/non_glaucoma/image/5238.jpg,Normal,5,train,84c923971dcc5f53
T3_LAG,/kaggle/input/datasets/rayeedaabir/lag-database-part1-uk/LAG_database_part1_UK/non_glaucoma/image/5240.jpg,Normal,5,train,c0df347f00bf00fa
T3_LAG,/kaggle/input/datasets/rayeedaabir/lag-database-part1-uk/LAG_database_part1_UK/non_glaucoma/image/5241.jpg,Normal,5,train,d542552d56b3f225
T3_LAG,/kaggle/input/datasets/rayeedaabir/lag-database-part1-uk/LAG_database_part1_UK/non_glaucoma/image/5247.jpg,Normal,5,train,c3c73c3c62e3a03e
T3_LAG,/kaggle/input/datasets/rayeedaabir/lag-database-part1-uk/LAG_database_part1_UK/non_glaucoma/image/5249.jpg,Normal,5,train,975268691d96d52e
T3_LAG,/kaggle/input/datasets/rayeedaabir/lag-database-part1-uk/LAG_database_part1_UK/non_glaucoma/image/5250.jpg,Normal,5,test,c7c7183c10e3c3ee
T3_LAG,/kaggle/input/datasets/rayeedaabir/lag-database-part1-uk/LAG_database_part1_UK/non_glaucoma/image/5251.jpg,Normal,5,train,cd6436db49a62276
T3_LAG,/kaggle/input/datasets/rayeedaabir/lag-database-part1-uk/LAG_database_part1_UK/non_glaucoma/image/5252.jpg,Normal,5,val,d5a556d2393942c7
T3_LAG,/kaggle/input/datasets/rayeedaabir/lag-database-part1-uk/LAG_database_part1_UK/non_glaucoma/image/5253.jpg,Normal,5,train,84a3638d1fd65713
T3_LAG,/kaggle/input/datasets/rayeedaabir/lag-database-part1-uk/LAG_database_part1_UK/non_glaucoma/image/5256.jpg,Normal,5,train,94f44b16175b4b39
T3_LAG,/kaggle/input/datasets/rayeedaabir/lag-database-part1-uk/LAG_database_part1_UK/non_glaucoma/image/5257.jpg,Normal,5,train,c0ff3c7e60e3206a
T3_LAG,/kaggle/input/datasets/rayeedaabir/lag-database-part1-uk/LAG_database_part1_UK/non_glaucoma/image/5261.jpg,Normal,5,train,95b56b4a05b4f44b
T3_LAG,/kaggle/input/datasets/rayeedaabir/lag-database-part1-uk/LAG_database_part1_UK/non_glaucoma/image/5262.jpg,Normal,5,train,897933c61de47711
T3_LAG,/kaggle/input/datasets/rayeedaabir/lag-database-part1-uk/LAG_database_part1_UK/non_glaucoma/image/5270.jpg,Normal,5,test,c01f3f7820bf20fa
T3_LAG,/kaggle/input/datasets/rayeedaabir/lag-database-part1-uk/LAG_database_part1_UK/non_glaucoma/image/5272.jpg,Normal,5,test,c1e135a347865f69
T3_LAG,/kaggle/input/datasets/rayeedaabir/lag-database-part1-uk/LAG_database_part1_UK/non_glaucoma/image/5277.jpg,Normal,5,train,d56a752b55935425
T3_LAG,/kaggle/input/datasets/rayeedaabir/lag-database-part1-uk/LAG_database_part1_UK/non_glaucoma/image/5279.jpg,Normal,5,train,856231a3479e5f69
T3_LAG,/kaggle/input/datasets/rayeedaabir/lag-database-part1-uk/LAG_database_part1_UK/non_glaucoma/image/5284.jpg,Normal,5,val,df87383940cf8479
T3_LAG,/kaggle/input/datasets/rayeedaabir/lag-database-part1-uk/LAG_database_part1_UK/non_glaucoma/image/5285.jpg,Normal,5,train,c1d81c63639c3f47
T3_LAG,/kaggle/input/datasets/rayeedaabir/lag-database-part1-uk/LAG_database_part1_UK/non_glaucoma/image/5287.jpg,Normal,5,train,816834c347975f4f
T3_LAG,/kaggle/input/datasets/rayeedaabir/lag-database-part1-uk/LAG_database_part1_UK/non_glaucoma/image/5289.jpg,Normal,5,train,97c6694e3732642d
T3_LAG,/kaggle/input/datasets/rayeedaabir/lag-database-part1-uk/LAG_database_part1_UK/non_glaucoma/image/5292.jpg,Normal,5,val,856b34ac47973c59
T3_LAG,/kaggle/input/datasets/rayeedaabir/lag-database-part1-uk/LAG_database_part1_UK/non_glaucoma/image/5294.jpg,Normal,5,train,85951181478f5f5f
T3_LAG,/kaggle/input/datasets/rayeedaabir/lag-database-part1-uk/LAG_database_part1_UK/non_glaucoma/image/5296.jpg,Normal,5,train,90ed659712d26a3b
T3_LAG,/kaggle/input/datasets/rayeedaabir/lag-database-part1-uk/LAG_database_part1_UK/non_glaucoma/image/5298.jpg,Normal,5,train,842631871f975f1b
T3_LAG,/kaggle/input/datasets/rayeedaabir/lag-database-part1-uk/LAG_database_part1_UK/non_glaucoma/image/5302.jpg,Normal,5,val,80583d7e723fa07a
T3_LAG,/kaggle/input/datasets/rayeedaabir/lag-database-part1-uk/LAG_database_part1_UK/non_glaucoma/image/5303.jpg,Normal,5,train,83c73d1c62c38577
T3_LAG,/kaggle/input/datasets/rayeedaabir/lag-database-part1-uk/LAG_database_part1_UK/non_glaucoma/image/5306.jpg,Normal,5,val,dd7f70d100ce02cf
T3_LAG,/kaggle/input/datasets/rayeedaabir/lag-database-part1-uk/LAG_database_part1_UK/non_glaucoma/image/5308.jpg,Normal,5,test,d787652d52f16425
T3_LAG,/kaggle/input/datasets/rayeedaabir/lag-database-part1-uk/LAG_database_part1_UK/non_glaucoma/image/5309.jpg,Normal,5,train,8ee56b4ba4946b49
T3_LAG,/kaggle/input/datasets/rayeedaabir/lag-database-part1-uk/LAG_database_part1_UK/non_glaucoma/image/5314.jpg,Normal,5,train,c3673c3c43c79338
T3_LAG,/kaggle/input/datasets/rayeedaabir/lag-database-part1-uk/LAG_database_part1_UK/non_glaucoma/image/5319.jpg,Normal,5,test,d4c8690f16b46b6d
T3_LAG,/kaggle/input/datasets/rayeedaabir/lag-database-part1-uk/LAG_database_part1_UK/non_glaucoma/image/5322.jpg,Normal,5,train,d5255ac57a354ad2
T3_LAG,/kaggle/input/datasets/rayeedaabir/lag-database-part1-uk/LAG_database_part1_UK/non_glaucoma/image/5323.jpg,Normal,5,train,d52665c993b46a4b
T3_LAG,/kaggle/input/datasets/rayeedaabir/lag-database-part1-uk/LAG_database_part1_UK/non_glaucoma/image/5324.jpg,Normal,5,train,85b4d5d1d5d45545
T3_LAG,/kaggle/input/datasets/rayeedaabir/lag-database-part1-uk/LAG_database_part1_UK/non_glaucoma/image/5325.jpg,Normal,5,train,9516454955b4d6ed
T3_LAG,/kaggle/input/datasets/rayeedaabir/lag-database-part1-uk/LAG_database_part1_UK/non_glaucoma/image/5327.jpg,Normal,5,train,97ad743512b56a64
T3_LAG,/kaggle/input/datasets/rayeedaabir/lag-database-part1-uk/LAG_database_part1_UK/non_glaucoma/image/5330.jpg,Normal,5,test,cd91750c57e77013
T3_LAG,/kaggle/input/datasets/rayeedaabir/lag-database-part1-uk/LAG_database_part1_UK/non_glaucoma/image/5334.jpg,Normal,5,train,97c26d2c15b35527
T3_LAG,/kaggle/input/datasets/rayeedaabir/lag-database-part1-uk/LAG_database_part1_UK/non_glaucoma/image/5336.jpg,Normal,5,train,96d1691d9696696a
T3_LAG,/kaggle/input/datasets/rayeedaabir/lag-database-part1-uk/LAG_database_part1_UK/non_glaucoma/image/5342.jpg,Normal,5,train,c5313ce347963768
T3_LAG,/kaggle/input/datasets/rayeedaabir/lag-database-part1-uk/LAG_database_part1_UK/non_glaucoma/image/5345.jpg,Normal,5,train,c1733c7e61e7141c
T3_LAG,/kaggle/input/datasets/rayeedaabir/lag-database-part1-uk/LAG_database_part1_UK/non_glaucoma/image/5348.jpg,Normal,5,train,d5c4651d16f5622d
T3_LAG,/kaggle/input/datasets/rayeedaabir/lag-database-part1-uk/LAG_database_part1_UK/non_glaucoma/image/5349.jpg,Normal,5,val,8ed2694b2596b569
T3_LAG,/kaggle/input/datasets/rayeedaabir/lag-database-part1-uk/LAG_database_part1_UK/non_glaucoma/image/5350.jpg,Normal,5,train,c3c43c3c53b73878
T3_LAG,/kaggle/input/datasets/rayeedaabir/lag-database-part1-uk/LAG_database_part1_UK/non_glaucoma/image/5351.jpg,Normal,5,train,95a34aca3d15d1cb
T3_LAG,/kaggle/input/datasets/rayeedaabir/lag-database-part1-uk/LAG_database_part1_UK/non_glaucoma/image/5352.jpg,Normal,5,train,c3c33d1c7acf2438
T3_LAG,/kaggle/input/datasets/rayeedaabir/lag-database-part1-uk/LAG_database_part1_UK/non_glaucoma/image/5353.jpg,Normal,5,train,92656d8b12936b6d
T3_LAG,/kaggle/input/datasets/rayeedaabir/lag-database-part1-uk/LAG_database_part1_UK/non_glaucoma/image/5355.jpg,Normal,5,train,c7c73c3878c7c6c0
T3_LAG,/kaggle/input/datasets/rayeedaabir/lag-database-part1-uk/LAG_database_part1_UK/non_glaucoma/image/5356.jpg,Normal,5,test,95c3653917f1642d
T3_LAG,/kaggle/input/datasets/rayeedaabir/lag-database-part1-uk/LAG_database_part1_UK/non_glaucoma/image/5357.jpg,Normal,5,val,914f4a7225df427a
T3_LAG,/kaggle/input/datasets/rayeedaabir/lag-database-part1-uk/LAG_database_part1_UK/non_glaucoma/image/5361.jpg,Normal,5,train,954a691f17e0651f
T3_LAG,/kaggle/input/datasets/rayeedaabir/lag-database-part1-uk/LAG_database_part1_UK/non_glaucoma/image/5362.jpg,Normal,5,val,94d26b4b35b4496b
T3_LAG,/kaggle/input/datasets/rayeedaabir/lag-database-part1-uk/LAG_database_part1_UK/non_glaucoma/image/5364.jpg,Normal,5,train,c7c3383cc673381e
T3_LAG,/kaggle/input/datasets/rayeedaabir/lag-database-part1-uk/LAG_database_part1_UK/non_glaucoma/image/5365.jpg,Normal,5,train,d595659515957236
T3_LAG,/kaggle/input/datasets/rayeedaabir/lag-database-part1-uk/LAG_database_part1_UK/non_glaucoma/image/5366.jpg,Normal,5,train,99982676cc9d7865
T3_LAG,/kaggle/input/datasets/rayeedaabir/lag-database-part1-uk/LAG_database_part1_UK/non_glaucoma/image/5367.jpg,Normal,5,train,806705f3578c5f33
T3_LAG,/kaggle/input/datasets/rayeedaabir/lag-database-part1-uk/LAG_database_part1_UK/non_glaucoma/image/5370.jpg,Normal,5,test,97c46a4b3436e46b
T3_LAG,/kaggle/input/datasets/rayeedaabir/lag-database-part1-uk/LAG_database_part1_UK/non_glaucoma/image/5373.jpg,Normal,5,train,94556a0b3770696f
T3_LAG,/kaggle/input/datasets/rayeedaabir/lag-database-part1-uk/LAG_database_part1_UK/non_glaucoma/image/5374.jpg,Normal,5,train,c16e14df01fe10fa
T3_LAG,/kaggle/input/datasets/rayeedaabir/lag-database-part1-uk/LAG_database_part1_UK/non_glaucoma/image/5376.jpg,Normal,5,val,946661b612db4b6d
T3_LAG,/kaggle/input/datasets/rayeedaabir/lag-database-part1-uk/LAG_database_part1_UK/non_glaucoma/image/5377.jpg,Normal,5,train,84c5313f4e9d3173
T3_LAG,/kaggle/input/datasets/rayeedaabir/lag-database-part1-uk/LAG_database_part1_UK/non_glaucoma/image/5378.jpg,Normal,5,train,dd7632cc409b02df
T3_LAG,/kaggle/input/datasets/rayeedaabir/lag-database-part1-uk/LAG_database_part1_UK/non_glaucoma/image/5379.jpg,Normal,5,train,c33c351ae66d207b
T3_LAG,/kaggle/input/datasets/rayeedaabir/lag-database-part1-uk/LAG_database_part1_UK/non_glaucoma/image/5381.jpg,Normal,5,train,81d9119957975f38
T3_LAG,/kaggle/input/datasets/rayeedaabir/lag-database-part1-uk/LAG_database_part1_UK/non_glaucoma/image/5383.jpg,Normal,5,train,96cc693336296d1e
T3_LAG,/kaggle/input/datasets/rayeedaabir/lag-database-part1-uk/LAG_database_part1_UK/non_glaucoma/image/5384.jpg,Normal,5,train,96a5691a16da6d4d
T3_LAG,/kaggle/input/datasets/rayeedaabir/lag-database-part1-uk/LAG_database_part1_UK/non_glaucoma/image/5385.jpg,Normal,5,train,95d4490f35f5690b
T3_LAG,/kaggle/input/datasets/rayeedaabir/lag-database-part1-uk/LAG_database_part1_UK/non_glaucoma/image/5387.jpg,Normal,5,test,c1e33c3e61ef00bc
T3_LAG,/kaggle/input/datasets/rayeedaabir/lag-database-part1-uk/LAG_database_part1_UK/non_glaucoma/image/5389.jpg,Normal,5,val,c0c33c3f62c3513f
T3_LAG,/kaggle/input/datasets/rayeedaabir/lag-database-part1-uk/LAG_database_part1_UK/non_glaucoma/image/5391.jpg,Normal,5,train,c3df383c43e70478
T3_LAG,/kaggle/input/datasets/rayeedaabir/lag-database-part1-uk/LAG_database_part1_UK/non_glaucoma/image/5393.jpg,Normal,5,train,ddfd32d740890267
T3_LAG,/kaggle/input/datasets/rayeedaabir/lag-database-part1-uk/LAG_database_part1_UK/non_glaucoma/image/5394.jpg,Normal,5,train,96bf694914947969
T3_LAG,/kaggle/input/datasets/rayeedaabir/lag-database-part1-uk/LAG_database_part1_UK/non_glaucoma/image/5396.jpg,Normal,5,train,d56255ed52934a65
T3_LAG,/kaggle/input/datasets/rayeedaabir/lag-database-part1-uk/LAG_database_part1_UK/non_glaucoma/image/5399.jpg,Normal,5,train,804925ae1fbf5f11
T3_LAG,/kaggle/input/datasets/rayeedaabir/lag-database-part1-uk/LAG_database_part1_UK/non_glaucoma/image/5400.jpg,Normal,5,train,c0ff38ff01d71038
T3_LAG,/kaggle/input/datasets/rayeedaabir/lag-database-part1-uk/LAG_database_part1_UK/non_glaucoma/image/5402.jpg,Normal,5,train,9595696b96b64949
T3_LAG,/kaggle/input/datasets/rayeedaabir/lag-database-part1-uk/LAG_database_part1_UK/non_glaucoma/image/5403.jpg,Normal,5,test,9427419f12ed4abe
T3_LAG,/kaggle/input/datasets/rayeedaabir/lag-database-part1-uk/LAG_database_part1_UK/non_glaucoma/image/5407.jpg,Normal,5,train,c0f13f1f68e1249e
T3_LAG,/kaggle/input/datasets/rayeedaabir/lag-database-part1-uk/LAG_database_part1_UK/non_glaucoma/image/5414.jpg,Normal,5,test,d569652916f56835
T3_LAG,/kaggle/input/datasets/rayeedaabir/lag-database-part1-uk/LAG_database_part1_UK/non_glaucoma/image/5415.jpg,Normal,5,train,940f41bf12f70a6d
T3_LAG,/kaggle/input/datasets/rayeedaabir/lag-database-part1-uk/LAG_database_part1_UK/non_glaucoma/image/5416.jpg,Normal,5,val,cccf33338c9c7438
T3_LAG,/kaggle/input/datasets/rayeedaabir/lag-database-part1-uk/LAG_database_part1_UK/non_glaucoma/image/5417.jpg,Normal,5,test,d4f772cd408302df
T3_LAG,/kaggle/input/datasets/rayeedaabir/lag-database-part1-uk/LAG_database_part1_UK/non_glaucoma/image/5419.jpg,Normal,5,train,954d42f662c70a7b
T3_LAG,/kaggle/input/datasets/rayeedaabir/lag-database-part1-uk/LAG_database_part1_UK/non_glaucoma/image/5420.jpg,Normal,5,train,cbef303e80e78139
T3_LAG,/kaggle/input/datasets/rayeedaabir/lag-database-part1-uk/LAG_database_part1_UK/non_glaucoma/image/5422.jpg,Normal,5,val,8cdd6a862dd6625a
T3_LAG,/kaggle/input/datasets/rayeedaabir/lag-database-part1-uk/LAG_database_part1_UK/non_glaucoma/image/5423.jpg,Normal,5,train,c0db177f00e180ff
T3_LAG,/kaggle/input/datasets/rayeedaabir/lag-database-part1-uk/LAG_database_part1_UK/non_glaucoma/image/5425.jpg,Normal,5,train,c047147f01ff047f
T3_LAG,/kaggle/input/datasets/rayeedaabir/lag-database-part1-uk/LAG_database_part1_UK/non_glaucoma/image/5428.jpg,Normal,5,train,846b23991de3771c
T3_LAG,/kaggle/input/datasets/rayeedaabir/lag-database-part1-uk/LAG_database_part1_UK/non_glaucoma/image/5429.jpg,Normal,5,val,892c32629fdd32ae
T3_LAG,/kaggle/input/datasets/rayeedaabir/lag-database-part1-uk/LAG_database_part1_UK/non_glaucoma/image/5430.jpg,Normal,5,train,95c1693d75b5450d
T3_LAG,/kaggle/input/datasets/rayeedaabir/lag-database-part1-uk/LAG_database_part1_UK/non_glaucoma/image/5431.jpg,Normal,5,train,d50f4b353cc34a39
T3_LAG,/kaggle/input/datasets/rayeedaabir/lag-database-part1-uk/LAG_database_part1_UK/non_glaucoma/image/5432.jpg,Normal,5,train,83c33c3c63e63c78
T3_LAG,/kaggle/input/datasets/rayeedaabir/lag-database-part1-uk/LAG_database_part1_UK/non_glaucoma/image/5434.jpg,Normal,5,test,8863658a55bf578c
T3_LAG,/kaggle/input/datasets/rayeedaabir/lag-database-part1-uk/LAG_database_part1_UK/non_glaucoma/image/5435.jpg,Normal,5,train,9782752d5595526d
T3_LAG,/kaggle/input/datasets/rayeedaabir/lag-database-part1-uk/LAG_database_part1_UK/non_glaucoma/image/5438.jpg,Normal,5,train,974a652b96296e65
T3_LAG,/kaggle/input/datasets/rayeedaabir/lag-database-part1-uk/LAG_database_part1_UK/non_glaucoma/image/5439.jpg,Normal,5,test,96e3692516d5654d
T3_LAG,/kaggle/input/datasets/rayeedaabir/lag-database-part1-uk/LAG_database_part1_UK/non_glaucoma/image/5443.jpg,Normal,5,train,d5b1657d16c46a34
T3_LAG,/kaggle/input/datasets/rayeedaabir/lag-database-part1-uk/LAG_database_part1_UK/non_glaucoma/image/5444.jpg,Normal,5,train,d78b693696315932
T3_LAG,/kaggle/input/datasets/rayeedaabir/lag-database-part1-uk/LAG_database_part1_UK/non_glaucoma/image/5447.jpg,Normal,5,test,d53562963ac2683f
T3_LAG,/kaggle/input/datasets/rayeedaabir/lag-database-part1-uk/LAG_database_part1_UK/non_glaucoma/image/5448.jpg,Normal,5,train,d749652d1792546d
T3_LAG,/kaggle/input/datasets/rayeedaabir/lag-database-part1-uk/LAG_database_part1_UK/non_glaucoma/image/5449.jpg,Normal,5,train,c0df1f27f0fa050c
T3_LAG,/kaggle/input/datasets/rayeedaabir/lag-database-part1-uk/LAG_database_part1_UK/non_glaucoma/image/5451.jpg,Normal,5,train,d19bcd8c9493d1e4
T3_LAG,/kaggle/input/datasets/rayeedaabir/lag-database-part1-uk/LAG_database_part1_UK/non_glaucoma/image/5456.jpg,Normal,5,test,8837230f3e953b6a
T3_LAG,/kaggle/input/datasets/rayeedaabir/lag-database-part1-uk/LAG_database_part1_UK/non_glaucoma/image/5457.jpg,Normal,5,train,94d64b6b35944b4b
T3_LAG,/kaggle/input/datasets/rayeedaabir/lag-database-part1-uk/LAG_database_part1_UK/non_glaucoma/image/5462.jpg,Normal,5,test,83c13c6f439938dd
T3_LAG,/kaggle/input/datasets/rayeedaabir/lag-database-part1-uk/LAG_database_part1_UK/non_glaucoma/image/5468.jpg,Normal,5,test,d348641a176e75b3
T3_LAG,/kaggle/input/datasets/rayeedaabir/lag-database-part1-uk/LAG_database_part1_UK/non_glaucoma/image/5470.jpg,Normal,5,train,95ed651757256213
T3_LAG,/kaggle/input/datasets/rayeedaabir/lag-database-part1-uk/LAG_database_part1_UK/non_glaucoma/image/5473.jpg,Normal,5,train,84956b4ab5b4336b
T3_LAG,/kaggle/input/datasets/rayeedaabir/lag-database-part1-uk/LAG_database_part1_UK/non_glaucoma/image/5474.jpg,Normal,5,train,8cc367901dcc7733
T3_LAG,/kaggle/input/datasets/rayeedaabir/lag-database-part1-uk/LAG_database_part1_UK/non_glaucoma/image/5475.jpg,Normal,5,train,81ac678555d55755
T3_LAG,/kaggle/input/datasets/rayeedaabir/lag-database-part1-uk/LAG_database_part1_UK/non_glaucoma/image/5477.jpg,Normal,5,train,df567c3ae2e03830
T3_LAG,/kaggle/input/datasets/rayeedaabir/lag-database-part1-uk/LAG_database_part1_UK/non_glaucoma/image/5478.jpg,Normal,5,train,877130ce478c3f39
T3_LAG,/kaggle/input/datasets/rayeedaabir/lag-database-part1-uk/LAG_database_part1_UK/non_glaucoma/image/5481.jpg,Normal,5,train,85f030a7479c5e5b
T3_LAG,/kaggle/input/datasets/rayeedaabir/lag-database-part1-uk/LAG_database_part1_UK/non_glaucoma/image/5484.jpg,Normal,5,train,c0d116ff00ff007f
T3_LAG,/kaggle/input/datasets/rayeedaabir/lag-database-part1-uk/LAG_database_part1_UK/non_glaucoma/image/5487.jpg,Normal,5,train,9696695b36886d6c
T3_LAG,/kaggle/input/datasets/rayeedaabir/lag-database-part1-uk/LAG_database_part1_UK/non_glaucoma/image/5489.jpg,Normal,5,val,819734e257975e0b
T3_LAG,/kaggle/input/datasets/rayeedaabir/lag-database-part1-uk/LAG_database_part1_UK/non_glaucoma/image/5492.jpg,Normal,5,train,c19434e147975f4b
T3_LAG,/kaggle/input/datasets/rayeedaabir/lag-database-part1-uk/LAG_database_part1_UK/non_glaucoma/image/5495.jpg,Normal,5,train,956f4ab3228d4a7a
T3_LAG,/kaggle/input/datasets/rayeedaabir/lag-database-part1-uk/LAG_database_part1_UK/non_glaucoma/image/5496.jpg,Normal,5,val,ccb333cccc3370cc
T3_LAG,/kaggle/input/datasets/rayeedaabir/lag-database-part1-uk/LAG_database_part1_UK/non_glaucoma/image/5497.jpg,Normal,5,train,c0633c1fc3e3183f
T3_LAG,/kaggle/input/datasets/rayeedaabir/lag-database-part1-uk/LAG_database_part1_UK/non_glaucoma/image/5505.jpg,Normal,5,train,882735d555d6569a
T3_LAG,/kaggle/input/datasets/rayeedaabir/lag-database-part1-uk/LAG_database_part1_UK/non_glaucoma/image/5508.jpg,Normal,5,train,d5cf523c75c54a30
T3_LAG,/kaggle/input/datasets/rayeedaabir/lag-database-part1-uk/LAG_database_part1_UK/non_glaucoma/image/5509.jpg,Normal,5,train,80611f0761fd1f3b
T3_LAG,/kaggle/input/datasets/rayeedaabir/lag-database-part1-uk/LAG_database_part1_UK/non_glaucoma/image/5512.jpg,Normal,5,train,c0d71c4f688c397e
T3_LAG,/kaggle/input/datasets/rayeedaabir/lag-database-part1-uk/LAG_database_part1_UK/non_glaucoma/image/5515.jpg,Normal,5,train,95964b6b25b4634d
T3_LAG,/kaggle/input/datasets/rayeedaabir/lag-database-part1-uk/LAG_database_part1_UK/non_glaucoma/image/5516.jpg,Normal,5,val,80473e7f40f3311f
T3_LAG,/kaggle/input/datasets/rayeedaabir/lag-database-part1-uk/LAG_database_part1_UK/non_glaucoma/image/5519.jpg,Normal,5,train,d5b145c552d56ae4
T3_LAG,/kaggle/input/datasets/rayeedaabir/lag-database-part1-uk/LAG_database_part1_UK/non_glaucoma/image/5521.jpg,Normal,5,test,c3c73c3c42c7a07d
T3_LAG,/kaggle/input/datasets/rayeedaabir/lag-database-part1-uk/LAG_database_part1_UK/non_glaucoma/image/5522.jpg,Normal,5,train,c1ff343f00e3013f
T3_LAG,/kaggle/input/datasets/rayeedaabir/lag-database-part1-uk/LAG_database_part1_UK/non_glaucoma/image/5524.jpg,Normal,5,train,d2c56d2d16f06d29
T3_LAG,/kaggle/input/datasets/rayeedaabir/lag-database-part1-uk/LAG_database_part1_UK/non_glaucoma/image/5528.jpg,Normal,5,train,876230ee47873e78
T3_LAG,/kaggle/input/datasets/rayeedaabir/lag-database-part1-uk/LAG_database_part1_UK/non_glaucoma/image/5531.jpg,Normal,5,train,ddf272dd482322c9
T3_LAG,/kaggle/input/datasets/rayeedaabir/lag-database-part1-uk/LAG_database_part1_UK/non_glaucoma/image/5532.jpg,Normal,5,val,95c54a6635b5525b
T3_LAG,/kaggle/input/datasets/rayeedaabir/lag-database-part1-uk/LAG_database_part1_UK/non_glaucoma/image/5534.jpg,Normal,5,train,80473c7e42e7357c
T3_LAG,/kaggle/input/datasets/rayeedaabir/lag-database-part1-uk/LAG_database_part1_UK/non_glaucoma/image/5535.jpg,Normal,5,train,974e6c3a1768650f
T3_LAG,/kaggle/input/datasets/rayeedaabir/lag-database-part1-uk/LAG_database_part1_UK/non_glaucoma/image/5536.jpg,Normal,5,test,c37f1ce301be40e6
T3_LAG,/kaggle/input/datasets/rayeedaabir/lag-database-part1-uk/LAG_database_part1_UK/non_glaucoma/image/5537.jpg,Normal,5,train,946f41d212cb4a7f
T3_LAG,/kaggle/input/datasets/rayeedaabir/lag-database-part1-uk/LAG_database_part1_UK/non_glaucoma/image/5540.jpg,Normal,5,train,8964659715d45757
T3_LAG,/kaggle/input/datasets/rayeedaabir/lag-database-part1-uk/LAG_database_part1_UK/non_glaucoma/image/5543.jpg,Normal,5,train,c211387e42e7397e
T3_LAG,/kaggle/input/datasets/rayeedaabir/lag-database-part1-uk/LAG_database_part1_UK/non_glaucoma/image/5544.jpg,Normal,5,val,d95fa03f80ff0078
T3_LAG,/kaggle/input/datasets/rayeedaabir/lag-database-part1-uk/LAG_database_part1_UK/non_glaucoma/image/5545.jpg,Normal,5,test,c63a75ed159ad320
T3_LAG,/kaggle/input/datasets/rayeedaabir/lag-database-part1-uk/LAG_database_part1_UK/non_glaucoma/image/5547.jpg,Normal,5,val,c0db3c3843773c1b
T3_LAG,/kaggle/input/datasets/rayeedaabir/lag-database-part1-uk/LAG_database_part1_UK/non_glaucoma/image/5549.jpg,Normal,5,train,94bc6b6b25b56348
T3_LAG,/kaggle/input/datasets/rayeedaabir/lag-database-part1-uk/LAG_database_part1_UK/non_glaucoma/image/5551.jpg,Normal,5,train,d526652d56b27a0d
T3_LAG,/kaggle/input/datasets/rayeedaabir/lag-database-part1-uk/LAG_database_part1_UK/non_glaucoma/image/5553.jpg,Normal,5,train,d5ad45c55614cae5
T3_LAG,/kaggle/input/datasets/rayeedaabir/lag-database-part1-uk/LAG_database_part1_UK/non_glaucoma/image/5556.jpg,Normal,5,train,83c73d1c62f8391b
T3_LAG,/kaggle/input/datasets/rayeedaabir/lag-database-part1-uk/LAG_database_part1_UK/non_glaucoma/image/5558.jpg,Normal,5,train,81363566479c1f6b
T3_LAG,/kaggle/input/datasets/rayeedaabir/lag-database-part1-uk/LAG_database_part1_UK/non_glaucoma/image/5561.jpg,Normal,5,train,c1df3e3f01e1103e
T3_LAG,/kaggle/input/datasets/rayeedaabir/lag-database-part1-uk/LAG_database_part1_UK/non_glaucoma/image/5564.jpg,Normal,5,train,c0eb109f01ff15b9
T3_LAG,/kaggle/input/datasets/rayeedaabir/lag-database-part1-uk/LAG_database_part1_UK/non_glaucoma/image/5567.jpg,Normal,5,train,c7863d387a86e439
T3_LAG,/kaggle/input/datasets/rayeedaabir/lag-database-part1-uk/LAG_database_part1_UK/non_glaucoma/image/5569.jpg,Normal,5,train,96d4694d3696694d
T3_LAG,/kaggle/input/datasets/rayeedaabir/lag-database-part1-uk/LAG_database_part1_UK/non_glaucoma/image/5570.jpg,Normal,5,train,c0de013b64e7989f
T3_LAG,/kaggle/input/datasets/rayeedaabir/lag-database-part1-uk/LAG_database_part1_UK/non_glaucoma/image/5571.jpg,Normal,5,train,978d752d12966267
T3_LAG,/kaggle/input/datasets/rayeedaabir/lag-database-part1-uk/LAG_database_part1_UK/non_glaucoma/image/5572.jpg,Normal,5,train,c1de3cff00bf1038
T3_LAG,/kaggle/input/datasets/rayeedaabir/lag-database-part1-uk/LAG_database_part1_UK/non_glaucoma/image/5582.jpg,Normal,5,test,95954a4b35b5c55a
T3_LAG,/kaggle/input/datasets/rayeedaabir/lag-database-part1-uk/LAG_database_part1_UK/non_glaucoma/image/5584.jpg,Normal,5,test,877330cc47875f38
T3_LAG,/kaggle/input/datasets/rayeedaabir/lag-database-part1-uk/LAG_database_part1_UK/non_glaucoma/image/5585.jpg,Normal,5,test,c5cf309c47c31f1c
T3_LAG,/kaggle/input/datasets/rayeedaabir/lag-database-part1-uk/LAG_database_part1_UK/non_glaucoma/image/5586.jpg,Normal,5,train,85ea34b845af55b8
T3_LAG,/kaggle/input/datasets/rayeedaabir/lag-database-part1-uk/LAG_database_part1_UK/non_glaucoma/image/5588.jpg,Normal,5,train,80c73c3c63cf0f39
T3_LAG,/kaggle/input/datasets/rayeedaabir/lag-database-part1-uk/LAG_database_part1_UK/non_glaucoma/image/5589.jpg,Normal,5,val,d5e4552f54f2540d
T3_LAG,/kaggle/input/datasets/rayeedaabir/lag-database-part1-uk/LAG_database_part1_UK/non_glaucoma/image/5596.jpg,Normal,5,train,c19d3e6361ac66e1
T3_LAG,/kaggle/input/datasets/rayeedaabir/lag-database-part1-uk/LAG_database_part1_UK/non_glaucoma/image/5597.jpg,Normal,5,test,c1e13e1e4983937e
T3_LAG,/kaggle/input/datasets/rayeedaabir/lag-database-part1-uk/LAG_database_part1_UK/non_glaucoma/image/5598.jpg,Normal,5,train,c1d53d6c464f385a
T3_LAG,/kaggle/input/datasets/rayeedaabir/lag-database-part1-uk/LAG_database_part1_UK/non_glaucoma/image/5599.jpg,Normal,5,train,95a64b5b3591554b
T3_LAG,/kaggle/input/datasets/rayeedaabir/lag-database-part1-uk/LAG_database_part1_UK/non_glaucoma/image/5602.jpg,Normal,5,train,c89e671a9ecd2163
T3_LAG,/kaggle/input/datasets/rayeedaabir/lag-database-part1-uk/LAG_database_part1_UK/non_glaucoma/image/5605.jpg,Normal,5,val,950b573d35e2443b
T3_LAG,/kaggle/input/datasets/rayeedaabir/lag-database-part1-uk/LAG_database_part1_UK/non_glaucoma/image/5609.jpg,Normal,5,train,d4d3494837ed650e
T3_LAG,/kaggle/input/datasets/rayeedaabir/lag-database-part1-uk/LAG_database_part1_UK/non_glaucoma/image/5610.jpg,Normal,5,val,d728759955cd5416
T3_LAG,/kaggle/input/datasets/rayeedaabir/lag-database-part1-uk/LAG_database_part1_UK/non_glaucoma/image/5618.jpg,Normal,5,train,90f26f2e31296db8
T3_LAG,/kaggle/input/datasets/rayeedaabir/lag-database-part1-uk/LAG_database_part1_UK/non_glaucoma/image/5620.jpg,Normal,5,train,d5c764b11fd96424
T3_LAG,/kaggle/input/datasets/rayeedaabir/lag-database-part1-uk/LAG_database_part1_UK/non_glaucoma/image/5621.jpg,Normal,5,train,816f3a33cf8c3263
T3_LAG,/kaggle/input/datasets/rayeedaabir/lag-database-part1-uk/LAG_database_part1_UK/non_glaucoma/image/5622.jpg,Normal,5,val,d53c72f648c90277
T3_LAG,/kaggle/input/datasets/rayeedaabir/lag-database-part1-uk/LAG_database_part1_UK/non_glaucoma/image/5625.jpg,Normal,5,train,9529553557b55235
T3_LAG,/kaggle/input/datasets/rayeedaabir/lag-database-part1-uk/LAG_database_part1_UK/non_glaucoma/image/5626.jpg,Normal,5,train,c1fb3e96e0c41e38
T3_LAG,/kaggle/input/datasets/rayeedaabir/lag-database-part1-uk/LAG_database_part1_UK/non_glaucoma/image/5627.jpg,Normal,5,train,9695694f16966d64
T3_LAG,/kaggle/input/datasets/rayeedaabir/lag-database-part1-uk/LAG_database_part1_UK/non_glaucoma/image/5632.jpg,Normal,5,train,97c5652617796515
T3_LAG,/kaggle/input/datasets/rayeedaabir/lag-database-part1-uk/LAG_database_part1_UK/non_glaucoma/image/5636.jpg,Normal,5,train,846e73931cc47733
T3_LAG,/kaggle/input/datasets/rayeedaabir/lag-database-part1-uk/LAG_database_part1_UK/non_glaucoma/image/5637.jpg,Normal,5,train,83c53c3a639d3c1b
T3_LAG,/kaggle/input/datasets/rayeedaabir/lag-database-part1-uk/LAG_database_part1_UK/non_glaucoma/image/5638.jpg,Normal,5,train,8347387843e7353e
T3_LAG,/kaggle/input/datasets/rayeedaabir/lag-database-part1-uk/LAG_database_part1_UK/non_glaucoma/image/5646.jpg,Normal,5,val,c53730d940ef02df
T3_LAG,/kaggle/input/datasets/rayeedaabir/lag-database-part1-uk/LAG_database_part1_UK/non_glaucoma/image/5649.jpg,Normal,5,train,d5e676d942890a5b
T3_LAG,/kaggle/input/datasets/rayeedaabir/lag-database-part1-uk/LAG_database_part1_UK/non_glaucoma/image/5651.jpg,Normal,5,test,d92736cd49922a76
T3_LAG,/kaggle/input/datasets/rayeedaabir/lag-database-part1-uk/LAG_database_part1_UK/non_glaucoma/image/5652.jpg,Normal,5,test,c0381f3f45f01f3c
T3_LAG,/kaggle/input/datasets/rayeedaabir/lag-database-part1-uk/LAG_database_part1_UK/non_glaucoma/image/5659.jpg,Normal,5,train,d5e752dc42b30acc
T3_LAG,/kaggle/input/datasets/rayeedaabir/lag-database-part1-uk/LAG_database_part1_UK/non_glaucoma/image/5662.jpg,Normal,5,train,c56238cf67983663
T3_LAG,/kaggle/input/datasets/rayeedaabir/lag-database-part1-uk/LAG_database_part1_UK/non_glaucoma/image/5666.jpg,Normal,5,train,94ca4bb56d4ab469
T3_LAG,/kaggle/input/datasets/rayeedaabir/lag-database-part1-uk/LAG_database_part1_UK/non_glaucoma/image/5667.jpg,Normal,5,train,c2593c6643ef305e
T3_LAG,/kaggle/input/datasets/rayeedaabir/lag-database-part1-uk/LAG_database_part1_UK/non_glaucoma/image/5669.jpg,Normal,5,train,d57d70d202c702df
T3_LAG,/kaggle/input/datasets/rayeedaabir/lag-database-part1-uk/LAG_database_part1_UK/non_glaucoma/image/5674.jpg,Normal,5,train,91d9658715c55736
T3_LAG,/kaggle/input/datasets/rayeedaabir/lag-database-part1-uk/LAG_database_part1_UK/non_glaucoma/image/5675.jpg,Normal,5,train,82c13d5d42cf317b
T3_LAG,/kaggle/input/datasets/rayeedaabir/lag-database-part1-uk/LAG_database_part1_UK/non_glaucoma/image/5678.jpg,Normal,5,train,883b67a41dce5713
T3_LAG,/kaggle/input/datasets/rayeedaabir/lag-database-part1-uk/LAG_database_part1_UK/non_glaucoma/image/5679.jpg,Normal,5,train,998936669bdb1c8c
T3_LAG,/kaggle/input/datasets/rayeedaabir/lag-database-part1-uk/LAG_database_part1_UK/non_glaucoma/image/5681.jpg,Normal,5,train,88a7359555975794
T3_LAG,/kaggle/input/datasets/rayeedaabir/lag-database-part1-uk/LAG_database_part1_UK/non_glaucoma/image/5685.jpg,Normal,5,val,81e0458717df5733
T3_LAG,/kaggle/input/datasets/rayeedaabir/lag-database-part1-uk/LAG_database_part1_UK/non_glaucoma/image/5686.jpg,Normal,5,train,94d6696937965469
T3_LAG,/kaggle/input/datasets/rayeedaabir/lag-database-part1-uk/LAG_database_part1_UK/non_glaucoma/image/5688.jpg,Normal,5,train,8047397a46ed3573
T3_LAG,/kaggle/input/datasets/rayeedaabir/lag-database-part1-uk/LAG_database_part1_UK/non_glaucoma/image/5690.jpg,Normal,5,train,95a46b3e35684b33
T3_LAG,/kaggle/input/datasets/rayeedaabir/lag-database-part1-uk/LAG_database_part1_UK/non_glaucoma/image/5692.jpg,Normal,5,test,8ab46bcab494636b
T3_LAG,/kaggle/input/datasets/rayeedaabir/lag-database-part1-uk/LAG_database_part1_UK/non_glaucoma/image/5693.jpg,Normal,5,train,95c34b4b15b4556d
T3_LAG,/kaggle/input/datasets/rayeedaabir/lag-database-part1-uk/LAG_database_part1_UK/non_glaucoma/image/5697.jpg,Normal,5,train,d5af55c5160472f4
T3_LAG,/kaggle/input/datasets/rayeedaabir/lag-database-part1-uk/LAG_database_part1_UK/non_glaucoma/image/5699.jpg,Normal,5,test,952b759955c55435
T3_LAG,/kaggle/input/datasets/rayeedaabir/lag-database-part1-uk/LAG_database_part1_UK/non_glaucoma/image/5700.jpg,Normal,5,train,95cd553550d46ab5
T3_LAG,/kaggle/input/datasets/rayeedaabir/lag-database-part1-uk/LAG_database_part1_UK/non_glaucoma/image/5703.jpg,Normal,5,test,856534e047973e79
T3_LAG,/kaggle/input/datasets/rayeedaabir/lag-database-part1-uk/LAG_database_part1_UK/non_glaucoma/image/5704.jpg,Normal,5,test,8ae6694997967169
T3_LAG,/kaggle/input/datasets/rayeedaabir/lag-database-part1-uk/LAG_database_part1_UK/non_glaucoma/image/5706.jpg,Normal,5,train,816f66c915d37718
T3_LAG,/kaggle/input/datasets/rayeedaabir/lag-database-part1-uk/LAG_database_part1_UK/non_glaucoma/image/5709.jpg,Normal,5,val,81c33c8c47975f78
T3_LAG,/kaggle/input/datasets/rayeedaabir/lag-database-part1-uk/LAG_database_part1_UK/non_glaucoma/image/5711.jpg,Normal,5,test,d52576d34a992a66
T3_LAG,/kaggle/input/datasets/rayeedaabir/lag-database-part1-uk/LAG_database_part1_UK/non_glaucoma/image/5716.jpg,Normal,5,train,d5e770d942860a5f
T3_LAG,/kaggle/input/datasets/rayeedaabir/lag-database-part1-uk/LAG_database_part1_UK/non_glaucoma/image/5722.jpg,Normal,5,val,c767389847873e38
T3_LAG,/kaggle/input/datasets/rayeedaabir/lag-database-part1-uk/LAG_database_part1_UK/non_glaucoma/image/5724.jpg,Normal,5,train,d591555d54cd72c4
T3_LAG,/kaggle/input/datasets/rayeedaabir/lag-database-part1-uk/LAG_database_part1_UK/non_glaucoma/image/5725.jpg,Normal,5,test,cdcb7266d9992066
T3_LAG,/kaggle/input/datasets/rayeedaabir/lag-database-part1-uk/LAG_database_part1_UK/non_glaucoma/image/5726.jpg,Normal,5,train,806c77a31cdc7333
T3_LAG,/kaggle/input/datasets/rayeedaabir/lag-database-part1-uk/LAG_database_part1_UK/non_glaucoma/image/5728.jpg,Normal,5,train,c1703cc747923e6b
T3_LAG,/kaggle/input/datasets/rayeedaabir/lag-database-part1-uk/LAG_database_part1_UK/non_glaucoma/image/5729.jpg,Normal,5,test,95cb651c57a17525
T3_LAG,/kaggle/input/datasets/rayeedaabir/lag-database-part1-uk/LAG_database_part1_UK/non_glaucoma/image/5733.jpg,Normal,5,val,806d67c31dcc5733
T3_LAG,/kaggle/input/datasets/rayeedaabir/lag-database-part1-uk/LAG_database_part1_UK/non_glaucoma/image/5735.jpg,Normal,5,train,88552b553555d557
T3_LAG,/kaggle/input/datasets/rayeedaabir/lag-database-part1-uk/LAG_database_part1_UK/non_glaucoma/image/5740.jpg,Normal,5,val,c57031c247951fcf
T3_LAG,/kaggle/input/datasets/rayeedaabir/lag-database-part1-uk/LAG_database_part1_UK/non_glaucoma/image/5744.jpg,Normal,5,train,d5c84a393dc54a3d
T3_LAG,/kaggle/input/datasets/rayeedaabir/lag-database-part1-uk/LAG_database_part1_UK/non_glaucoma/image/5745.jpg,Normal,5,train,c0cd3c7e63e72039
T3_LAG,/kaggle/input/datasets/rayeedaabir/lag-database-part1-uk/LAG_database_part1_UK/non_glaucoma/image/5746.jpg,Normal,5,train,c3dd3ccb429c30e3
T3_LAG,/kaggle/input/datasets/rayeedaabir/lag-database-part1-uk/LAG_database_part1_UK/non_glaucoma/image/5751.jpg,Normal,5,test,857230c7479c5f69
T3_LAG,/kaggle/input/datasets/rayeedaabir/lag-database-part1-uk/LAG_database_part1_UK/non_glaucoma/image/5752.jpg,Normal,5,train,d7e2650d52f56207
T3_LAG,/kaggle/input/datasets/rayeedaabir/lag-database-part1-uk/LAG_database_part1_UK/non_glaucoma/image/5753.jpg,Normal,5,train,c1c33e3e61c3b01f
T3_LAG,/kaggle/input/datasets/rayeedaabir/lag-database-part1-uk/LAG_database_part1_UK/non_glaucoma/image/5754.jpg,Normal,5,train,d50f62641b9b6966
T3_LAG,/kaggle/input/datasets/rayeedaabir/lag-database-part1-uk/LAG_database_part1_UK/non_glaucoma/image/5756.jpg,Normal,5,train,96e7684c3e92256d
T3_LAG,/kaggle/input/datasets/rayeedaabir/lag-database-part1-uk/LAG_database_part1_UK/non_glaucoma/image/5761.jpg,Normal,5,train,d589751d16d56865
T3_LAG,/kaggle/input/datasets/rayeedaabir/lag-database-part1-uk/LAG_database_part1_UK/non_glaucoma/image/5762.jpg,Normal,5,train,d5215e8739394ace
T3_LAG,/kaggle/input/datasets/rayeedaabir/lag-database-part1-uk/LAG_database_part1_UK/non_glaucoma/image/5765.jpg,Normal,5,test,c3833c384bc7c739
T3_LAG,/kaggle/input/datasets/rayeedaabir/lag-database-part1-uk/LAG_database_part1_UK/non_glaucoma/image/5771.jpg,Normal,5,train,c1f23c7f01c7107e
T3_LAG,/kaggle/input/datasets/rayeedaabir/lag-database-part1-uk/LAG_database_part1_UK/non_glaucoma/image/5774.jpg,Normal,5,train,d7a26d2d1690656d
T3_LAG,/kaggle/input/datasets/rayeedaabir/lag-database-part1-uk/LAG_database_part1_UK/non_glaucoma/image/5776.jpg,Normal,5,train,d3f2650517db7424
T3_LAG,/kaggle/input/datasets/rayeedaabir/lag-database-part1-uk/LAG_database_part1_UK/non_glaucoma/image/5777.jpg,Normal,5,test,87c1384f43bd30cf
T3_LAG,/kaggle/input/datasets/rayeedaabir/lag-database-part1-uk/LAG_database_part1_UK/non_glaucoma/image/5781.jpg,Normal,5,train,81e034e757965e69
T3_LAG,/kaggle/input/datasets/rayeedaabir/lag-database-part1-uk/LAG_database_part1_UK/non_glaucoma/image/5782.jpg,Normal,5,train,c7313866629d3877
T3_LAG,/kaggle/input/datasets/rayeedaabir/lag-database-part1-uk/LAG_database_part1_UK/non_glaucoma/image/5784.jpg,Normal,5,train,95c2692b17b4756a
T3_LAG,/kaggle/input/datasets/rayeedaabir/lag-database-part1-uk/LAG_database_part1_UK/non_glaucoma/image/5787.jpg,Normal,5,train,95956b4a4d95f4e0
T3_LAG,/kaggle/input/datasets/rayeedaabir/lag-database-part1-uk/LAG_database_part1_UK/non_glaucoma/image/5790.jpg,Normal,5,train,d5c8652a5726743b
T3_LAG,/kaggle/input/datasets/rayeedaabir/lag-database-part1-uk/LAG_database_part1_UK/non_glaucoma/image/5794.jpg,Normal,5,val,c0433c7c43e7953d
T3_LAG,/kaggle/input/datasets/rayeedaabir/lag-database-part1-uk/LAG_database_part1_UK/non_glaucoma/image/5795.jpg,Normal,5,train,d7c13c1f43c73078
T3_LAG,/kaggle/input/datasets/rayeedaabir/lag-database-part1-uk/LAG_database_part1_UK/non_glaucoma/image/5801.jpg,Normal,5,train,d4b536bd50a60cd6
T3_LAG,/kaggle/input/datasets/rayeedaabir/lag-database-part1-uk/LAG_database_part1_UK/non_glaucoma/image/5802.jpg,Normal,5,train,c16f343e00fb01fe
T3_LAG,/kaggle/input/datasets/rayeedaabir/lag-database-part1-uk/LAG_database_part1_UK/non_glaucoma/image/5803.jpg,Normal,5,train,8ca323b49597571e
T3_LAG,/kaggle/input/datasets/rayeedaabir/lag-database-part1-uk/LAG_database_part1_UK/non_glaucoma/image/5806.jpg,Normal,5,train,9547694b366e612d
T3_LAG,/kaggle/input/datasets/rayeedaabir/lag-database-part1-uk/LAG_database_part1_UK/non_glaucoma/image/5810.jpg,Normal,5,train,c0ce3e3f61e0171e
T3_LAG,/kaggle/input/datasets/rayeedaabir/lag-database-part1-uk/LAG_database_part1_UK/non_glaucoma/image/5813.jpg,Normal,5,test,847fe39908f608ed
T3_LAG,/kaggle/input/datasets/rayeedaabir/lag-database-part1-uk/LAG_database_part1_UK/non_glaucoma/image/5814.jpg,Normal,5,train,d5c1699917966d0d
T3_LAG,/kaggle/input/datasets/rayeedaabir/lag-database-part1-uk/LAG_database_part1_UK/non_glaucoma/image/5817.jpg,Normal,5,val,9d9962d294cd4aec
T3_LAG,/kaggle/input/datasets/rayeedaabir/lag-database-part1-uk/LAG_database_part1_UK/non_glaucoma/image/5818.jpg,Normal,5,val,d5ec74d34aa60a4d
T3_LAG,/kaggle/input/datasets/rayeedaabir/lag-database-part1-uk/LAG_database_part1_UK/non_glaucoma/image/5820.jpg,Normal,5,train,88a3678c1d675799
T3_LAG,/kaggle/input/datasets/rayeedaabir/lag-database-part1-uk/LAG_database_part1_UK/non_glaucoma/image/5822.jpg,Normal,5,train,d52a55a555f15435
T3_LAG,/kaggle/input/datasets/rayeedaabir/lag-database-part1-uk/LAG_database_part1_UK/non_glaucoma/image/5827.jpg,Normal,5,train,c0f21ccb28f3307f
T3_LAG,/kaggle/input/datasets/rayeedaabir/lag-database-part1-uk/LAG_database_part1_UK/non_glaucoma/image/5828.jpg,Normal,5,train,956f42db12a54a7a
T3_LAG,/kaggle/input/datasets/rayeedaabir/lag-database-part1-uk/LAG_database_part1_UK/non_glaucoma/image/5829.jpg,Normal,5,test,d3c66c3733e16407
T3_LAG,/kaggle/input/datasets/rayeedaabir/lag-database-part1-uk/LAG_database_part1_UK/non_glaucoma/image/5831.jpg,Normal,5,train,81e1148747875f7d
T3_LAG,/kaggle/input/datasets/rayeedaabir/lag-database-part1-uk/LAG_database_part1_UK/non_glaucoma/image/5832.jpg,Normal,5,train,d56966d349a60a5d
T3_LAG,/kaggle/input/datasets/rayeedaabir/lag-database-part1-uk/LAG_database_part1_UK/non_glaucoma/image/5834.jpg,Normal,5,train,84ce753111ae4fce
T3_LAG,/kaggle/input/datasets/rayeedaabir/lag-database-part1-uk/LAG_database_part1_UK/non_glaucoma/image/5836.jpg,Normal,5,train,d9ee26b748b12247
T3_LAG,/kaggle/input/datasets/rayeedaabir/lag-database-part1-uk/LAG_database_part1_UK/non_glaucoma/image/5837.jpg,Normal,5,train,972965bd55b15415
T3_LAG,/kaggle/input/datasets/rayeedaabir/lag-database-part1-uk/LAG_database_part1_UK/non_glaucoma/image/5838.jpg,Normal,5,train,cec7303950cec4cf
T3_LAG,/kaggle/input/datasets/rayeedaabir/lag-database-part1-uk/LAG_database_part1_UK/non_glaucoma/image/5839.jpg,Normal,5,train,8860678d1d97771d
T3_LAG,/kaggle/input/datasets/rayeedaabir/lag-database-part1-uk/LAG_database_part1_UK/non_glaucoma/image/5840.jpg,Normal,5,train,842331ce57915fcd
T3_LAG,/kaggle/input/datasets/rayeedaabir/lag-database-part1-uk/LAG_database_part1_UK/non_glaucoma/image/5841.jpg,Normal,5,train,8c2b638c15d5735d
T3_LAG,/kaggle/input/datasets/rayeedaabir/lag-database-part1-uk/LAG_database_part1_UK/non_glaucoma/image/5842.jpg,Normal,5,train,9585653d5693626d
T3_LAG,/kaggle/input/datasets/rayeedaabir/lag-database-part1-uk/LAG_database_part1_UK/non_glaucoma/image/5845.jpg,Normal,5,train,8189159f41d7175f
T3_LAG,/kaggle/input/datasets/rayeedaabir/lag-database-part1-uk/LAG_database_part1_UK/non_glaucoma/image/5847.jpg,Normal,5,test,d53710d942cb0a7f
T3_LAG,/kaggle/input/datasets/rayeedaabir/lag-database-part1-uk/LAG_database_part1_UK/suspicious_glaucoma/image/0005.jpg,Glaucoma,6,train,d2366d2d1692636d
T3_LAG,/kaggle/input/datasets/rayeedaabir/lag-database-part1-uk/LAG_database_part1_UK/suspicious_glaucoma/image/0008.jpg,Glaucoma,6,val,95db7c0dd292586c
T3_LAG,/kaggle/input/datasets/rayeedaabir/lag-database-part1-uk/LAG_database_part1_UK/suspicious_glaucoma/image/0011.jpg,Glaucoma,6,train,c0833c7ec1c31e5f
T3_LAG,/kaggle/input/datasets/rayeedaabir/lag-database-part1-uk/LAG_database_part1_UK/suspicious_glaucoma/image/0012.jpg,Glaucoma,6,train,c6ff317148ce0479
T3_LAG,/kaggle/input/datasets/rayeedaabir/lag-database-part1-uk/LAG_database_part1_UK/suspicious_glaucoma/image/0018.jpg,Glaucoma,6,val,d06e207703cc3f73
T3_LAG,/kaggle/input/datasets/rayeedaabir/lag-database-part1-uk/LAG_database_part1_UK/suspicious_glaucoma/image/0019.jpg,Glaucoma,6,train,c1e13e1e63e3c03e
T3_LAG,/kaggle/input/datasets/rayeedaabir/lag-database-part1-uk/LAG_database_part1_UK/suspicious_glaucoma/image/0020.jpg,Glaucoma,6,train,9b92646c9b93666c
T3_LAG,/kaggle/input/datasets/rayeedaabir/lag-database-part1-uk/LAG_database_part1_UK/suspicious_glaucoma/image/0024.jpg,Glaucoma,6,train,c3633c3c4ac3e339
T3_LAG,/kaggle/input/datasets/rayeedaabir/lag-database-part1-uk/LAG_database_part1_UK/suspicious_glaucoma/image/0030.jpg,Glaucoma,6,test,c36738b847c73839
T3_LAG,/kaggle/input/datasets/rayeedaabir/lag-database-part1-uk/LAG_database_part1_UK/suspicious_glaucoma/image/0039.jpg,Glaucoma,6,train,91cb752e519b7426
T3_LAG,/kaggle/input/datasets/rayeedaabir/lag-database-part1-uk/LAG_database_part1_UK/suspicious_glaucoma/image/0040.jpg,Glaucoma,6,train,c09717f3608d0fcb
T3_LAG,/kaggle/input/datasets/rayeedaabir/lag-database-part1-uk/LAG_database_part1_UK/suspicious_glaucoma/image/0041.jpg,Glaucoma,6,train,c24f203f00ff81fe
T3_LAG,/kaggle/input/datasets/rayeedaabir/lag-database-part1-uk/LAG_database_part1_UK/suspicious_glaucoma/image/0043.jpg,Glaucoma,6,train,d78a75645593d324
T3_LAG,/kaggle/input/datasets/rayeedaabir/lag-database-part1-uk/LAG_database_part1_UK/suspicious_glaucoma/image/0045.jpg,Glaucoma,6,val,c4ce3f3961ee9828
T3_LAG,/kaggle/input/datasets/rayeedaabir/lag-database-part1-uk/LAG_database_part1_UK/suspicious_glaucoma/image/0047.jpg,Glaucoma,6,test,c7ff387846c63038
T3_LAG,/kaggle/input/datasets/rayeedaabir/lag-database-part1-uk/LAG_database_part1_UK/suspicious_glaucoma/image/0050.jpg,Glaucoma,6,train,c0f83ec1e19c3c73
T3_LAG,/kaggle/input/datasets/rayeedaabir/lag-database-part1-uk/LAG_database_part1_UK/suspicious_glaucoma/image/0052.jpg,Glaucoma,6,val,931c6d8693e6651b
T3_LAG,/kaggle/input/datasets/rayeedaabir/lag-database-part1-uk/LAG_database_part1_UK/suspicious_glaucoma/image/0060.jpg,Glaucoma,6,val,9474494b36965d6d
T3_LAG,/kaggle/input/datasets/rayeedaabir/lag-database-part1-uk/LAG_database_part1_UK/suspicious_glaucoma/image/0062.jpg,Glaucoma,6,train,c3d93c3fc3e0190b
T3_LAG,/kaggle/input/datasets/rayeedaabir/lag-database-part1-uk/LAG_database_part1_UK/suspicious_glaucoma/image/0069.jpg,Glaucoma,6,test,c03f0ff0600e4ff3
T3_LAG,/kaggle/input/datasets/rayeedaabir/lag-database-part1-uk/LAG_database_part1_UK/suspicious_glaucoma/image/0082.jpg,Glaucoma,6,test,c6363b3dccc42c47
T3_LAG,/kaggle/input/datasets/rayeedaabir/lag-database-part1-uk/LAG_database_part1_UK/suspicious_glaucoma/image/0084.jpg,Glaucoma,6,test,92336c6c139b756c
T3_LAG,/kaggle/input/datasets/rayeedaabir/lag-database-part1-uk/LAG_database_part1_UK/suspicious_glaucoma/image/0091.jpg,Glaucoma,6,val,83c7383854c3e37b
T3_LAG,/kaggle/input/datasets/rayeedaabir/lag-database-part1-uk/LAG_database_part1_UK/suspicious_glaucoma/image/0093.jpg,Glaucoma,6,train,c3f700fc00c3c7e7
T3_LAG,/kaggle/input/datasets/rayeedaabir/lag-database-part1-uk/LAG_database_part1_UK/suspicious_glaucoma/image/0097.jpg,Glaucoma,6,train,883f667e09983763
T3_LAG,/kaggle/input/datasets/rayeedaabir/lag-database-part1-uk/LAG_database_part1_UK/suspicious_glaucoma/image/0106.jpg,Glaucoma,6,train,d1997466649d9999
T3_LAG,/kaggle/input/datasets/rayeedaabir/lag-database-part1-uk/LAG_database_part1_UK/suspicious_glaucoma/image/0107.jpg,Glaucoma,6,val,c0ff031f60f8131f
T3_LAG,/kaggle/input/datasets/rayeedaabir/lag-database-part1-uk/LAG_database_part1_UK/suspicious_glaucoma/image/0111.jpg,Glaucoma,6,train,c3c7383c38c3c7c3
T3_LAG,/kaggle/input/datasets/rayeedaabir/lag-database-part1-uk/LAG_database_part1_UK/suspicious_glaucoma/image/0113.jpg,Glaucoma,6,train,996767889b66649c
T3_LAG,/kaggle/input/datasets/rayeedaabir/lag-database-part1-uk/LAG_database_part1_UK/suspicious_glaucoma/image/0114.jpg,Glaucoma,6,train,93e9653512d56d15
T3_LAG,/kaggle/input/datasets/rayeedaabir/lag-database-part1-uk/LAG_database_part1_UK/suspicious_glaucoma/image/0117.jpg,Glaucoma,6,train,8e4c73301ccfcf34
T3_LAG,/kaggle/input/datasets/rayeedaabir/lag-database-part1-uk/LAG_database_part1_UK/suspicious_glaucoma/image/0122.jpg,Glaucoma,6,train,861e7969459ad5d2
T3_LAG,/kaggle/input/datasets/rayeedaabir/lag-database-part1-uk/LAG_database_part1_UK/suspicious_glaucoma/image/0125.jpg,Glaucoma,6,train,c7b838c7383dc439
T3_LAG,/kaggle/input/datasets/rayeedaabir/lag-database-part1-uk/LAG_database_part1_UK/suspicious_glaucoma/image/0126.jpg,Glaucoma,6,train,d469699596696996
T3_LAG,/kaggle/input/datasets/rayeedaabir/lag-database-part1-uk/LAG_database_part1_UK/suspicious_glaucoma/image/0129.jpg,Glaucoma,6,test,89e9666611cd5573
T3_LAG,/kaggle/input/datasets/rayeedaabir/lag-database-part1-uk/LAG_database_part1_UK/suspicious_glaucoma/image/0131.jpg,Glaucoma,6,test,958b756552935a65
T3_LAG,/kaggle/input/datasets/rayeedaabir/lag-database-part1-uk/LAG_database_part1_UK/suspicious_glaucoma/image/0133.jpg,Glaucoma,6,train,d6286d3b16e06d1d
T3_LAG,/kaggle/input/datasets/rayeedaabir/lag-database-part1-uk/LAG_database_part1_UK/suspicious_glaucoma/image/0136.jpg,Glaucoma,6,test,c69f217904cecf31
T3_LAG,/kaggle/input/datasets/rayeedaabir/lag-database-part1-uk/LAG_database_part1_UK/suspicious_glaucoma/image/0140.jpg,Glaucoma,6,train,c7461839393b1ced
T3_LAG,/kaggle/input/datasets/rayeedaabir/lag-database-part1-uk/LAG_database_part1_UK/suspicious_glaucoma/image/0143.jpg,Glaucoma,6,train,c03f00f807ef3f38
T3_LAG,/kaggle/input/datasets/rayeedaabir/lag-database-part1-uk/LAG_database_part1_UK/suspicious_glaucoma/image/0144.jpg,Glaucoma,6,test,d5d5645353f26423
T3_LAG,/kaggle/input/datasets/rayeedaabir/lag-database-part1-uk/LAG_database_part1_UK/suspicious_glaucoma/image/0153.jpg,Glaucoma,6,train,91512e2ef2b52d5a
T3_LAG,/kaggle/input/datasets/rayeedaabir/lag-database-part1-uk/LAG_database_part1_UK/suspicious_glaucoma/image/0154.jpg,Glaucoma,6,val,958f7564571964d4
T3_LAG,/kaggle/input/datasets/rayeedaabir/lag-database-part1-uk/LAG_database_part1_UK/suspicious_glaucoma/image/0156.jpg,Glaucoma,6,train,c060079f2fe03f1f
T3_LAG,/kaggle/input/datasets/rayeedaabir/lag-database-part1-uk/LAG_database_part1_UK/suspicious_glaucoma/image/0158.jpg,Glaucoma,6,train,a5d056562dab555a
T3_LAG,/kaggle/input/datasets/rayeedaabir/lag-database-part1-uk/LAG_database_part1_UK/suspicious_glaucoma/image/0161.jpg,Glaucoma,6,train,c3323c63c3cf3c38
T3_LAG,/kaggle/input/datasets/rayeedaabir/lag-database-part1-uk/LAG_database_part1_UK/suspicious_glaucoma/image/0164.jpg,Glaucoma,6,test,c17b1ea641c31e3e
T3_LAG,/kaggle/input/datasets/rayeedaabir/lag-database-part1-uk/LAG_database_part1_UK/suspicious_glaucoma/image/0169.jpg,Glaucoma,6,train,c0731a3f0fe541f1
T3_LAG,/kaggle/input/datasets/rayeedaabir/lag-database-part1-uk/LAG_database_part1_UK/suspicious_glaucoma/image/0170.jpg,Glaucoma,6,train,c0993ebec0c01ebf
T3_LAG,/kaggle/input/datasets/rayeedaabir/lag-database-part1-uk/LAG_database_part1_UK/suspicious_glaucoma/image/0171.jpg,Glaucoma,6,train,d6926d691492d66d
T3_LAG,/kaggle/input/datasets/rayeedaabir/lag-database-part1-uk/LAG_database_part1_UK/suspicious_glaucoma/image/0172.jpg,Glaucoma,6,test,83df307c42c787b8
T3_LAG,/kaggle/input/datasets/rayeedaabir/lag-database-part1-uk/LAG_database_part1_UK/suspicious_glaucoma/image/0173.jpg,Glaucoma,6,train,d3c96d2593936465
T3_LAG,/kaggle/input/datasets/rayeedaabir/lag-database-part1-uk/LAG_database_part1_UK/suspicious_glaucoma/image/0175.jpg,Glaucoma,6,train,c6cf3835c6ed3052
T3_LAG,/kaggle/input/datasets/rayeedaabir/lag-database-part1-uk/LAG_database_part1_UK/suspicious_glaucoma/image/0177.jpg,Glaucoma,6,val,939b646c139b6665
T3_LAG,/kaggle/input/datasets/rayeedaabir/lag-database-part1-uk/LAG_database_part1_UK/suspicious_glaucoma/image/0181.jpg,Glaucoma,6,train,d56b552b54255a2d
T3_LAG,/kaggle/input/datasets/rayeedaabir/lag-database-part1-uk/LAG_database_part1_UK/suspicious_glaucoma/image/0185.jpg,Glaucoma,6,train,97c4653b93656c92
T3_LAG,/kaggle/input/datasets/rayeedaabir/lag-database-part1-uk/LAG_database_part1_UK/suspicious_glaucoma/image/0187.jpg,Glaucoma,6,train,c077153f51f014cf
T3_LAG,/kaggle/input/datasets/rayeedaabir/lag-database-part1-uk/LAG_database_part1_UK/suspicious_glaucoma/image/0191.jpg,Glaucoma,6,train,d31b6466119bd966
T3_LAG,/kaggle/input/datasets/rayeedaabir/lag-database-part1-uk/LAG_database_part1_UK/suspicious_glaucoma/image/0192.jpg,Glaucoma,6,train,c3c03cb7c32d3c72
T3_LAG,/kaggle/input/datasets/rayeedaabir/lag-database-part1-uk/LAG_database_part1_UK/suspicious_glaucoma/image/0198.jpg,Glaucoma,6,train,d94f36b248dd2266
T3_LAG,/kaggle/input/datasets/rayeedaabir/lag-database-part1-uk/LAG_database_part1_UK/suspicious_glaucoma/image/0200.jpg,Glaucoma,6,train,956a746d959344ad
T3_LAG,/kaggle/input/datasets/rayeedaabir/lag-database-part1-uk/LAG_database_part1_UK/suspicious_glaucoma/image/0205.jpg,Glaucoma,6,train,c10c3c73e33f1c63
T3_LAG,/kaggle/input/datasets/rayeedaabir/lag-database-part1-uk/LAG_database_part1_UK/suspicious_glaucoma/image/0211.jpg,Glaucoma,6,train,c0e11f1fe1e0f01f
T3_LAG,/kaggle/input/datasets/rayeedaabir/lag-database-part1-uk/LAG_database_part1_UK/suspicious_glaucoma/image/0212.jpg,Glaucoma,6,train,c3e71c3c43c3433e
T3_LAG,/kaggle/input/datasets/rayeedaabir/lag-database-part1-uk/LAG_database_part1_UK/suspicious_glaucoma/image/0214.jpg,Glaucoma,6,test,cece313100cece7b
T3_LAG,/kaggle/input/datasets/rayeedaabir/lag-database-part1-uk/LAG_database_part1_UK/suspicious_glaucoma/image/0215.jpg,Glaucoma,6,train,96376d4916964a6d
T3_LAG,/kaggle/input/datasets/rayeedaabir/lag-database-part1-uk/LAG_database_part1_UK/suspicious_glaucoma/image/0232.jpg,Glaucoma,6,train,c3673cbc43c7c438
T3_LAG,/kaggle/input/datasets/rayeedaabir/lag-database-part1-uk/LAG_database_part1_UK/suspicious_glaucoma/image/0246.jpg,Glaucoma,6,train,c76f383846c78339
T3_LAG,/kaggle/input/datasets/rayeedaabir/lag-database-part1-uk/LAG_database_part1_UK/suspicious_glaucoma/image/0256.jpg,Glaucoma,6,train,c0ff030f6cfc180f
T3_LAG,/kaggle/input/datasets/rayeedaabir/lag-database-part1-uk/LAG_database_part1_UK/suspicious_glaucoma/image/0257.jpg,Glaucoma,6,train,c65f303946cf0379
T3_LAG,/kaggle/input/datasets/rayeedaabir/lag-database-part1-uk/LAG_database_part1_UK/suspicious_glaucoma/image/0262.jpg,Glaucoma,6,train,97ca652c5593556c
T3_LAG,/kaggle/input/datasets/rayeedaabir/lag-database-part1-uk/LAG_database_part1_UK/suspicious_glaucoma/image/0263.jpg,Glaucoma,6,train,88ac7533559d5533
T3_LAG,/kaggle/input/datasets/rayeedaabir/lag-database-part1-uk/LAG_database_part1_UK/suspicious_glaucoma/image/0267.jpg,Glaucoma,6,train,943f4b49b6b44947
T3_LAG,/kaggle/input/datasets/rayeedaabir/lag-database-part1-uk/LAG_database_part1_UK/suspicious_glaucoma/image/0268.jpg,Glaucoma,6,train,9696696996969669
T3_LAG,/kaggle/input/datasets/rayeedaabir/lag-database-part1-uk/LAG_database_part1_UK/suspicious_glaucoma/image/0270.jpg,Glaucoma,6,train,c0213f1e61f13e1f
T3_LAG,/kaggle/input/datasets/rayeedaabir/lag-database-part1-uk/LAG_database_part1_UK/suspicious_glaucoma/image/0274.jpg,Glaucoma,6,train,c3633c9cc3c33c39
T3_LAG,/kaggle/input/datasets/rayeedaabir/lag-database-part1-uk/LAG_database_part1_UK/suspicious_glaucoma/image/0275.jpg,Glaucoma,6,train,d0926d6d16926d6d
T3_LAG,/kaggle/input/datasets/rayeedaabir/lag-database-part1-uk/LAG_database_part1_UK/suspicious_glaucoma/image/0276.jpg,Glaucoma,6,train,c26f383c00ff83bc
T3_LAG,/kaggle/input/datasets/rayeedaabir/lag-database-part1-uk/LAG_database_part1_UK/suspicious_glaucoma/image/0285.jpg,Glaucoma,6,train,c7c7383846c68f39
T3_LAG,/kaggle/input/datasets/rayeedaabir/lag-database-part1-uk/LAG_database_part1_UK/suspicious_glaucoma/image/0294.jpg,Glaucoma,6,train,8579752356996a27
T3_LAG,/kaggle/input/datasets/rayeedaabir/lag-database-part1-uk/LAG_database_part1_UK/suspicious_glaucoma/image/0296.jpg,Glaucoma,6,train,938c6cb192936d7c
T3_LAG,/kaggle/input/datasets/rayeedaabir/lag-database-part1-uk/LAG_database_part1_UK/suspicious_glaucoma/image/0298.jpg,Glaucoma,6,train,c1df107d41c7153b
T3_LAG,/kaggle/input/datasets/rayeedaabir/lag-database-part1-uk/LAG_database_part1_UK/suspicious_glaucoma/image/0299.jpg,Glaucoma,6,train,c0df036ee0fc0f98
T3_LAG,/kaggle/input/datasets/rayeedaabir/lag-database-part1-uk/LAG_database_part1_UK/suspicious_glaucoma/image/0304.jpg,Glaucoma,6,train,f04ff03f80cf003f
T3_LAG,/kaggle/input/datasets/rayeedaabir/lag-database-part1-uk/LAG_database_part1_UK/suspicious_glaucoma/image/0308.jpg,Glaucoma,6,train,93836d6d9293626b
T3_LAG,/kaggle/input/datasets/rayeedaabir/lag-database-part1-uk/LAG_database_part1_UK/suspicious_glaucoma/image/0309.jpg,Glaucoma,6,train,c6df307986c73138
T3_LAG,/kaggle/input/datasets/rayeedaabir/lag-database-part1-uk/LAG_database_part1_UK/suspicious_glaucoma/image/0317.jpg,Glaucoma,6,train,c3c23c3dc3c23f13
T3_LAG,/kaggle/input/datasets/rayeedaabir/lag-database-part1-uk/LAG_database_part1_UK/suspicious_glaucoma/image/0324.jpg,Glaucoma,6,val,928c6d6d93926d6c
T3_LAG,/kaggle/input/datasets/rayeedaabir/lag-database-part1-uk/LAG_database_part1_UK/suspicious_glaucoma/image/0332.jpg,Glaucoma,6,train,c0b71c7fc3e3181c
T3_LAG,/kaggle/input/datasets/rayeedaabir/lag-database-part1-uk/LAG_database_part1_UK/suspicious_glaucoma/image/0342.jpg,Glaucoma,6,train,d5b5716916966269
T3_LAG,/kaggle/input/datasets/rayeedaabir/lag-database-part1-uk/LAG_database_part1_UK/suspicious_glaucoma/image/0347.jpg,Glaucoma,6,train,81f32c3e18e3e1e3
T3_LAG,/kaggle/input/datasets/rayeedaabir/lag-database-part1-uk/LAG_database_part1_UK/suspicious_glaucoma/image/0349.jpg,Glaucoma,6,val,8ecb633334346cdc
T3_LAG,/kaggle/input/datasets/rayeedaabir/lag-database-part1-uk/LAG_database_part1_UK/suspicious_glaucoma/image/0351.jpg,Glaucoma,6,train,c36f309f819f183c
T3_LAG,/kaggle/input/datasets/rayeedaabir/lag-database-part1-uk/LAG_database_part1_UK/suspicious_glaucoma/image/0352.jpg,Glaucoma,6,test,92726d6d92926d69
T3_LAG,/kaggle/input/datasets/rayeedaabir/lag-database-part1-uk/LAG_database_part1_UK/suspicious_glaucoma/image/0366.jpg,Glaucoma,6,train,837d30fb43e71858
T3_LAG,/kaggle/input/datasets/rayeedaabir/lag-database-part1-uk/LAG_database_part1_UK/suspicious_glaucoma/image/0367.jpg,Glaucoma,6,test,d2336d62139a6d6c
T3_LAG,/kaggle/input/datasets/rayeedaabir/lag-database-part1-uk/LAG_database_part1_UK/suspicious_glaucoma/image/0374.jpg,Glaucoma,6,train,d5365a4b72b44a4b
T3_LAG,/kaggle/input/datasets/rayeedaabir/lag-database-part1-uk/LAG_database_part1_UK/suspicious_glaucoma/image/0379.jpg,Glaucoma,6,train,8d887763dc8c7233
T3_LAG,/kaggle/input/datasets/rayeedaabir/lag-database-part1-uk/LAG_database_part1_UK/suspicious_glaucoma/image/0380.jpg,Glaucoma,6,test,95c9556954b54a6b
T3_LAG,/kaggle/input/datasets/rayeedaabir/lag-database-part1-uk/LAG_database_part1_UK/suspicious_glaucoma/image/0381.jpg,Glaucoma,6,train,d54a556b55b45269
T3_LAG,/kaggle/input/datasets/rayeedaabir/lag-database-part1-uk/LAG_database_part1_UK/suspicious_glaucoma/image/0383.jpg,Glaucoma,6,train,c17b3e9661a01e1f
T3_LAG,/kaggle/input/datasets/rayeedaabir/lag-database-part1-uk/LAG_database_part1_UK/suspicious_glaucoma/image/0384.jpg,Glaucoma,6,train,d3a965ad12936c65
T3_LAG,/kaggle/input/datasets/rayeedaabir/lag-database-part1-uk/LAG_database_part1_UK/suspicious_glaucoma/image/0388.jpg,Glaucoma,6,train,939b656c5393d264
T3_LAG,/kaggle/input/datasets/rayeedaabir/lag-database-part1-uk/LAG_database_part1_UK/suspicious_glaucoma/image/0392.jpg,Glaucoma,6,test,d5526d6955b2552a
T3_LAG,/kaggle/input/datasets/rayeedaabir/lag-database-part1-uk/LAG_database_part1_UK/suspicious_glaucoma/image/0400.jpg,Glaucoma,6,train,86ce313118cecef9
T3_LAG,/kaggle/input/datasets/rayeedaabir/lag-database-part1-uk/LAG_database_part1_UK/suspicious_glaucoma/image/0421.jpg,Glaucoma,6,train,c1ef1c3f40e3103f
T3_LAG,/kaggle/input/datasets/rayeedaabir/lag-database-part1-uk/LAG_database_part1_UK/suspicious_glaucoma/image/0440.jpg,Glaucoma,6,train,8c8f3333ccce2173
T3_LAG,/kaggle/input/datasets/rayeedaabir/lag-database-part1-uk/LAG_database_part1_UK/suspicious_glaucoma/image/0450.jpg,Glaucoma,6,train,c13a3ccf41b81c9f
T3_LAG,/kaggle/input/datasets/rayeedaabir/lag-database-part1-uk/LAG_database_part1_UK/suspicious_glaucoma/image/0453.jpg,Glaucoma,6,train,c07f24ea6bc73138
T3_LAG,/kaggle/input/datasets/rayeedaabir/lag-database-part1-uk/LAG_database_part1_UK/suspicious_glaucoma/image/0457.jpg,Glaucoma,6,train,c3f738b883c3833c
T3_LAG,/kaggle/input/datasets/rayeedaabir/lag-database-part1-uk/LAG_database_part1_UK/suspicious_glaucoma/image/0460.jpg,Glaucoma,6,train,d03f60fb09e607d8
T3_LAG,/kaggle/input/datasets/rayeedaabir/lag-database-part1-uk/LAG_database_part1_UK/suspicious_glaucoma/image/0463.jpg,Glaucoma,6,train,c33c3cc3c73c16e1
T3_LAG,/kaggle/input/datasets/rayeedaabir/lag-database-part1-uk/LAG_database_part1_UK/suspicious_glaucoma/image/0473.jpg,Glaucoma,6,test,93aa6da4159b7564
T3_LAG,/kaggle/input/datasets/rayeedaabir/lag-database-part1-uk/LAG_database_part1_UK/suspicious_glaucoma/image/0477.jpg,Glaucoma,6,train,d2636d9992ee6b08
T3_LAG,/kaggle/input/datasets/rayeedaabir/lag-database-part1-uk/LAG_database_part1_UK/suspicious_glaucoma/image/0485.jpg,Glaucoma,6,train,dc40637adc8073fa
T3_LAG,/kaggle/input/datasets/rayeedaabir/lag-database-part1-uk/LAG_database_part1_UK/suspicious_glaucoma/image/0494.jpg,Glaucoma,6,train,939333646d696969
T3_LAG,/kaggle/input/datasets/rayeedaabir/lag-database-part1-uk/LAG_database_part1_UK/suspicious_glaucoma/image/0496.jpg,Glaucoma,6,val,83e33c3c08e3c3dd
T3_LAG,/kaggle/input/datasets/rayeedaabir/lag-database-part1-uk/LAG_database_part1_UK/suspicious_glaucoma/image/0502.jpg,Glaucoma,6,train,c07f01ff20ff001f
T3_LAG,/kaggle/input/datasets/rayeedaabir/lag-database-part1-uk/LAG_database_part1_UK/suspicious_glaucoma/image/0505.jpg,Glaucoma,6,train,869938efc74c3839
T3_LAG,/kaggle/input/datasets/rayeedaabir/lag-database-part1-uk/LAG_database_part1_UK/suspicious_glaucoma/image/0507.jpg,Glaucoma,6,test,87a7387cc7ca3838
T3_LAG,/kaggle/input/datasets/rayeedaabir/lag-database-part1-uk/LAG_database_part1_UK/suspicious_glaucoma/image/0508.jpg,Glaucoma,6,train,c07c031f64f8f03f
T3_LAG,/kaggle/input/datasets/rayeedaabir/lag-database-part1-uk/LAG_database_part1_UK/suspicious_glaucoma/image/0517.jpg,Glaucoma,6,val,c163611f20bf1c3f
T3_LAG,/kaggle/input/datasets/rayeedaabir/lag-database-part1-uk/LAG_database_part1_UK/suspicious_glaucoma/image/0518.jpg,Glaucoma,6,val,d6965d0916f66949
T3_LAG,/kaggle/input/datasets/rayeedaabir/lag-database-part1-uk/LAG_database_part1_UK/suspicious_glaucoma/image/0527.jpg,Glaucoma,6,train,c3e724bc385c47c3
T3_LAG,/kaggle/input/datasets/rayeedaabir/lag-database-part1-uk/LAG_database_part1_UK/suspicious_glaucoma/image/0532.jpg,Glaucoma,6,train,c1b03e1f71e11e1e
T3_LAG,/kaggle/input/datasets/rayeedaabir/lag-database-part1-uk/LAG_database_part1_UK/suspicious_glaucoma/image/0538.jpg,Glaucoma,6,train,8463394eccf6333c
T3_LAG,/kaggle/input/datasets/rayeedaabir/lag-database-part1-uk/LAG_database_part1_UK/suspicious_glaucoma/image/0544.jpg,Glaucoma,6,train,c17e38fcc1e3183c
T3_LAG,/kaggle/input/datasets/rayeedaabir/lag-database-part1-uk/LAG_database_part1_UK/suspicious_glaucoma/image/0545.jpg,Glaucoma,6,test,d6b2654916976c65
T3_LAG,/kaggle/input/datasets/rayeedaabir/lag-database-part1-uk/LAG_database_part1_UK/suspicious_glaucoma/image/0548.jpg,Glaucoma,6,train,c1c13c3ec3c31c3f
T3_LAG,/kaggle/input/datasets/rayeedaabir/lag-database-part1-uk/LAG_database_part1_UK/suspicious_glaucoma/image/0551.jpg,Glaucoma,6,train,ccc8373376898d99
T3_LAG,/kaggle/input/datasets/rayeedaabir/lag-database-part1-uk/LAG_database_part1_UK/suspicious_glaucoma/image/0554.jpg,Glaucoma,6,val,c05d1f6b60f40f0f
T3_LAG,/kaggle/input/datasets/rayeedaabir/lag-database-part1-uk/LAG_database_part1_UK/suspicious_glaucoma/image/0557.jpg,Glaucoma,6,train,8062031f6f711f7e
T3_LAG,/kaggle/input/datasets/rayeedaabir/lag-database-part1-uk/LAG_database_part1_UK/suspicious_glaucoma/image/0558.jpg,Glaucoma,6,train,96966969219695f6
T3_LAG,/kaggle/input/datasets/rayeedaabir/lag-database-part1-uk/LAG_database_part1_UK/suspicious_glaucoma/image/0559.jpg,Glaucoma,6,train,91996566929a6d6d
T3_LAG,/kaggle/input/datasets/rayeedaabir/lag-database-part1-uk/LAG_database_part1_UK/suspicious_glaucoma/image/0560.jpg,Glaucoma,6,val,d4695535566d4ab4
T3_LAG,/kaggle/input/datasets/rayeedaabir/lag-database-part1-uk/LAG_database_part1_UK/suspicious_glaucoma/image/0564.jpg,Glaucoma,6,train,d7473c3810c7c0df
T3_LAG,/kaggle/input/datasets/rayeedaabir/lag-database-part1-uk/LAG_database_part1_UK/suspicious_glaucoma/image/0578.jpg,Glaucoma,6,train,d2b26d4d92926c6d
T3_LAG,/kaggle/input/datasets/rayeedaabir/lag-database-part1-uk/LAG_database_part1_UK/suspicious_glaucoma/image/0585.jpg,Glaucoma,6,train,c747383830cec7cd
T3_LAG,/kaggle/input/datasets/rayeedaabir/lag-database-part1-uk/LAG_database_part1_UK/suspicious_glaucoma/image/0586.jpg,Glaucoma,6,train,db096767998c6949
T3_LAG,/kaggle/input/datasets/rayeedaabir/lag-database-part1-uk/LAG_database_part1_UK/suspicious_glaucoma/image/0589.jpg,Glaucoma,6,train,91c2656d55b2d54d
T3_LAG,/kaggle/input/datasets/rayeedaabir/lag-database-part1-uk/LAG_database_part1_UK/suspicious_glaucoma/image/0600.jpg,Glaucoma,6,train,952b75a555955465
T3_LAG,/kaggle/input/datasets/rayeedaabir/lag-database-part1-uk/LAG_database_part1_UK/suspicious_glaucoma/image/0601.jpg,Glaucoma,6,train,81f13e9f49e1c03e
T3_LAG,/kaggle/input/datasets/rayeedaabir/lag-database-part1-uk/LAG_database_part1_UK/suspicious_glaucoma/image/0604.jpg,Glaucoma,6,train,d0613f5ae3e61c0b
T3_LAG,/kaggle/input/datasets/rayeedaabir/lag-database-part1-uk/LAG_database_part1_UK/suspicious_glaucoma/image/0612.jpg,Glaucoma,6,test,d989666699996666
T3_LAG,/kaggle/input/datasets/rayeedaabir/lag-database-part1-uk/LAG_database_part1_UK/suspicious_glaucoma/image/0613.jpg,Glaucoma,6,train,d6c96596946d7492
T3_LAG,/kaggle/input/datasets/rayeedaabir/lag-database-part1-uk/LAG_database_part1_UK/suspicious_glaucoma/image/0614.jpg,Glaucoma,6,train,83c7283c385fc3c7
T3_LAG,/kaggle/input/datasets/rayeedaabir/lag-database-part1-uk/LAG_database_part1_UK/suspicious_glaucoma/image/0628.jpg,Glaucoma,6,val,ccfa33e0dd887720
T3_LAG,/kaggle/input/datasets/rayeedaabir/lag-database-part1-uk/LAG_database_part1_UK/suspicious_glaucoma/image/0633.jpg,Glaucoma,6,train,887d267789d92276
T3_LAG,/kaggle/input/datasets/rayeedaabir/lag-database-part1-uk/LAG_database_part1_UK/suspicious_glaucoma/image/0635.jpg,Glaucoma,6,train,82d7383b47e73838
T3_LAG,/kaggle/input/datasets/rayeedaabir/lag-database-part1-uk/LAG_database_part1_UK/suspicious_glaucoma/image/0645.jpg,Glaucoma,6,val,c6df30f803c78738
T3_LAG,/kaggle/input/datasets/rayeedaabir/lag-database-part1-uk/LAG_database_part1_UK/suspicious_glaucoma/image/0650.jpg,Glaucoma,6,test,d647b03b00cf867b
T3_LAG,/kaggle/input/datasets/rayeedaabir/lag-database-part1-uk/LAG_database_part1_UK/suspicious_glaucoma/image/0651.jpg,Glaucoma,6,val,8c7a77881ce3712e
T3_LAG,/kaggle/input/datasets/rayeedaabir/lag-database-part1-uk/LAG_database_part1_UK/suspicious_glaucoma/image/0659.jpg,Glaucoma,6,val,c46338fd43a7316a
T3_LAG,/kaggle/input/datasets/rayeedaabir/lag-database-part1-uk/LAG_database_part1_UK/suspicious_glaucoma/image/0661.jpg,Glaucoma,6,test,d43d43c93a946a6b
T3_LAG,/kaggle/input/datasets/rayeedaabir/lag-database-part1-uk/LAG_database_part1_UK/suspicious_glaucoma/image/0664.jpg,Glaucoma,6,test,d286656d92936c6d
T3_LAG,/kaggle/input/datasets/rayeedaabir/lag-database-part1-uk/LAG_database_part1_UK/suspicious_glaucoma/image/0666.jpg,Glaucoma,6,train,99aa62a689dd2735
T3_LAG,/kaggle/input/datasets/rayeedaabir/lag-database-part1-uk/LAG_database_part1_UK/suspicious_glaucoma/image/0671.jpg,Glaucoma,6,train,919b656555939ac5
T3_LAG,/kaggle/input/datasets/rayeedaabir/lag-database-part1-uk/LAG_database_part1_UK/suspicious_glaucoma/image/0673.jpg,Glaucoma,6,val,d6974d4954b65269
T3_LAG,/kaggle/input/datasets/rayeedaabir/lag-database-part1-uk/LAG_database_part1_UK/suspicious_glaucoma/image/0677.jpg,Glaucoma,6,train,812f22e709d97766
T3_LAG,/kaggle/input/datasets/rayeedaabir/lag-database-part1-uk/LAG_database_part1_UK/suspicious_glaucoma/image/0678.jpg,Glaucoma,6,val,d919666699983576
T3_LAG,/kaggle/input/datasets/rayeedaabir/lag-database-part1-uk/LAG_database_part1_UK/suspicious_glaucoma/image/0683.jpg,Glaucoma,6,test,915b6424179bd96e
T3_LAG,/kaggle/input/datasets/rayeedaabir/lag-database-part1-uk/LAG_database_part1_UK/suspicious_glaucoma/image/0684.jpg,Glaucoma,6,test,80e01f9f61e11f1f
T3_LAG,/kaggle/input/datasets/rayeedaabir/lag-database-part1-uk/LAG_database_part1_UK/suspicious_glaucoma/image/0698.jpg,Glaucoma,6,train,d53552da5a9534a5
T3_LAG,/kaggle/input/datasets/rayeedaabir/lag-database-part1-uk/LAG_database_part1_UK/suspicious_glaucoma/image/0702.jpg,Glaucoma,6,train,94b6756d4c979292
T3_LAG,/kaggle/input/datasets/rayeedaabir/lag-database-part1-uk/LAG_database_part1_UK/suspicious_glaucoma/image/0707.jpg,Glaucoma,6,train,d1a3552d5295da55
T3_LAG,/kaggle/input/datasets/rayeedaabir/lag-database-part1-uk/LAG_database_part1_UK/suspicious_glaucoma/image/0708.jpg,Glaucoma,6,train,c13f303e07e7073c
T3_LAG,/kaggle/input/datasets/rayeedaabir/lag-database-part1-uk/LAG_database_part1_UK/suspicious_glaucoma/image/0713.jpg,Glaucoma,6,val,813762de04bd4d73
T3_LAG,/kaggle/input/datasets/rayeedaabir/lag-database-part1-uk/LAG_database_part1_UK/suspicious_glaucoma/image/0719.jpg,Glaucoma,6,val,953b526a152f556a
T3_LAG,/kaggle/input/datasets/rayeedaabir/lag-database-part1-uk/LAG_database_part1_UK/suspicious_glaucoma/image/0721.jpg,Glaucoma,6,train,c17b143e41c3553f
T3_LAG,/kaggle/input/datasets/rayeedaabir/lag-database-part1-uk/LAG_database_part1_UK/suspicious_glaucoma/image/0724.jpg,Glaucoma,6,train,c14721ff103e1c7e
T3_LAG,/kaggle/input/datasets/rayeedaabir/lag-database-part1-uk/LAG_database_part1_UK/suspicious_glaucoma/image/0726.jpg,Glaucoma,6,train,d50e552f56b44a2d
T3_LAG,/kaggle/input/datasets/rayeedaabir/lag-database-part1-uk/LAG_database_part1_UK/suspicious_glaucoma/image/0734.jpg,Glaucoma,6,train,c5dc1571459714dd
T3_LAG,/kaggle/input/datasets/rayeedaabir/lag-database-part1-uk/LAG_database_part1_UK/suspicious_glaucoma/image/0735.jpg,Glaucoma,6,train,9877629d88f3227c
T3_LAG,/kaggle/input/datasets/rayeedaabir/lag-database-part1-uk/LAG_database_part1_UK/suspicious_glaucoma/image/0736.jpg,Glaucoma,6,train,d9e62699996662d8
T3_LAG,/kaggle/input/datasets/rayeedaabir/lag-database-part1-uk/LAG_database_part1_UK/suspicious_glaucoma/image/0742.jpg,Glaucoma,6,train,8c3f737308cc2373
T3_LAG,/kaggle/input/datasets/rayeedaabir/lag-database-part1-uk/LAG_database_part1_UK/suspicious_glaucoma/image/0745.jpg,Glaucoma,6,train,c3633cc9c39d1c72
T3_LAG,/kaggle/input/datasets/rayeedaabir/lag-database-part1-uk/LAG_database_part1_UK/suspicious_glaucoma/image/0751.jpg,Glaucoma,6,train,ccc833b34dcc3636
T3_LAG,/kaggle/input/datasets/rayeedaabir/lag-database-part1-uk/LAG_database_part1_UK/suspicious_glaucoma/image/0754.jpg,Glaucoma,6,train,c0e100070f6f6fbf
T3_LAG,/kaggle/input/datasets/rayeedaabir/lag-database-part1-uk/LAG_database_part1_UK/suspicious_glaucoma/image/0757.jpg,Glaucoma,6,train,c2e7303c00cf86ff
T3_LAG,/kaggle/input/datasets/rayeedaabir/lag-database-part1-uk/LAG_database_part1_UK/suspicious_glaucoma/image/0761.jpg,Glaucoma,6,train,d84f203f00ff81dd
T3_LAG,/kaggle/input/datasets/rayeedaabir/lag-database-part1-uk/LAG_database_part1_UK/suspicious_glaucoma/image/0763.jpg,Glaucoma,6,val,c7663c3dc6c631c1
T3_LAG,/kaggle/input/datasets/rayeedaabir/lag-database-part1-uk/LAG_database_part1_UK/suspicious_glaucoma/image/0770.jpg,Glaucoma,6,train,87c7383c47c78738
T3_LAG,/kaggle/input/datasets/rayeedaabir/lag-database-part1-uk/LAG_database_part1_UK/suspicious_glaucoma/image/0773.jpg,Glaucoma,6,train,961a6d6d1592d46d
T3_LAG,/kaggle/input/datasets/rayeedaabir/lag-database-part1-uk/LAG_database_part1_UK/suspicious_glaucoma/image/0784.jpg,Glaucoma,6,train,d7c33c3c10c3c1af
T3_LAG,/kaggle/input/datasets/rayeedaabir/lag-database-part1-uk/LAG_database_part1_UK/suspicious_glaucoma/image/0789.jpg,Glaucoma,6,train,d4344b4b55b495e9
T3_LAG,/kaggle/input/datasets/rayeedaabir/lag-database-part1-uk/LAG_database_part1_UK/suspicious_glaucoma/image/0790.jpg,Glaucoma,6,train,c17a3cbec1c11e3c
T3_LAG,/kaggle/input/datasets/rayeedaabir/lag-database-part1-uk/LAG_database_part1_UK/suspicious_glaucoma/image/0791.jpg,Glaucoma,6,test,d3ae64b993646499
T3_LAG,/kaggle/input/datasets/rayeedaabir/lag-database-part1-uk/LAG_database_part1_UK/suspicious_glaucoma/image/0798.jpg,Glaucoma,6,val,96a26d6d9692456d
T3_LAG,/kaggle/input/datasets/rayeedaabir/lag-database-part1-uk/LAG_database_part1_UK/suspicious_glaucoma/image/0803.jpg,Glaucoma,6,train,c7ef387881e71838
T3_LAG,/kaggle/input/datasets/rayeedaabir/lag-database-part1-uk/LAG_database_part1_UK/suspicious_glaucoma/image/0814.jpg,Glaucoma,6,val,982b669c89f626cd
T3_LAG,/kaggle/input/datasets/rayeedaabir/lag-database-part1-uk/LAG_database_part1_UK/suspicious_glaucoma/image/0816.jpg,Glaucoma,6,test,c3e33c3c16c3c33c
T3_LAG,/kaggle/input/datasets/rayeedaabir/lag-database-part1-uk/LAG_database_part1_UK/suspicious_glaucoma/image/0819.jpg,Glaucoma,6,train,d53547cd32b64a4a
T3_LAG,/kaggle/input/datasets/rayeedaabir/lag-database-part1-uk/LAG_database_part1_UK/suspicious_glaucoma/image/0820.jpg,Glaucoma,6,train,91647699339d6e13
T3_LAG,/kaggle/input/datasets/rayeedaabir/lag-database-part1-uk/LAG_database_part1_UK/suspicious_glaucoma/image/0824.jpg,Glaucoma,6,train,855a55ab548d5277
T3_LAG,/kaggle/input/datasets/rayeedaabir/lag-database-part1-uk/LAG_database_part1_UK/suspicious_glaucoma/image/0825.jpg,Glaucoma,6,train,d458150f55f8552f
T3_LAG,/kaggle/input/datasets/rayeedaabir/lag-database-part1-uk/LAG_database_part1_UK/suspicious_glaucoma/image/0829.jpg,Glaucoma,6,train,d3126d6d5592966c
T3_LAG,/kaggle/input/datasets/rayeedaabir/lag-database-part1-uk/LAG_database_part1_UK/suspicious_glaucoma/image/0830.jpg,Glaucoma,6,train,976c759312e5681e
T3_LAG,/kaggle/input/datasets/rayeedaabir/lag-database-part1-uk/LAG_database_part1_UK/suspicious_glaucoma/image/0833.jpg,Glaucoma,6,test,96fe30b846c63939
T3_LAG,/kaggle/input/datasets/rayeedaabir/lag-database-part1-uk/LAG_database_part1_UK/suspicious_glaucoma/image/0843.jpg,Glaucoma,6,train,95ca52b5b54a5aa5
T3_LAG,/kaggle/input/datasets/rayeedaabir/lag-database-part1-uk/LAG_database_part1_UK/suspicious_glaucoma/image/0858.jpg,Glaucoma,6,train,c93f362655c95472
T3_LAG,/kaggle/input/datasets/rayeedaabir/lag-database-part1-uk/LAG_database_part1_UK/suspicious_glaucoma/image/0866.jpg,Glaucoma,6,test,c6ce3131cece3139
T3_LAG,/kaggle/input/datasets/rayeedaabir/lag-database-part1-uk/LAG_database_part1_UK/suspicious_glaucoma/image/0875.jpg,Glaucoma,6,test,d4346b9196e96996
T3_LAG,/kaggle/input/datasets/rayeedaabir/lag-database-part1-uk/LAG_database_part1_UK/suspicious_glaucoma/image/0879.jpg,Glaucoma,6,test,c3663e1cc6c37638
T3_LAG,/kaggle/input/datasets/rayeedaabir/lag-database-part1-uk/LAG_database_part1_UK/suspicious_glaucoma/image/0881.jpg,Glaucoma,6,train,c0fe217311ce8cfc
T3_LAG,/kaggle/input/datasets/rayeedaabir/lag-database-part1-uk/LAG_database_part1_UK/suspicious_glaucoma/image/0888.jpg,Glaucoma,6,train,d3636d34939a646c
T3_LAG,/kaggle/input/datasets/rayeedaabir/lag-database-part1-uk/LAG_database_part1_UK/suspicious_glaucoma/image/0890.jpg,Glaucoma,6,val,c0fb1f2f60f0070f
T3_LAG,/kaggle/input/datasets/rayeedaabir/lag-database-part1-uk/LAG_database_part1_UK/suspicious_glaucoma/image/0895.jpg,Glaucoma,6,test,d53455cd56b64a4a
T3_LAG,/kaggle/input/datasets/rayeedaabir/lag-database-part1-uk/LAG_database_part1_UK/suspicious_glaucoma/image/0900.jpg,Glaucoma,6,test,cd9731788cc363f0
T3_LAG,/kaggle/input/datasets/rayeedaabir/lag-database-part1-uk/LAG_database_part1_UK/suspicious_glaucoma/image/0903.jpg,Glaucoma,6,train,dd6f609b40df0076
T3_LAG,/kaggle/input/datasets/rayeedaabir/lag-database-part1-uk/LAG_database_part1_UK/suspicious_glaucoma/image/0905.jpg,Glaucoma,6,train,806700de0fe71f9e
T3_LAG,/kaggle/input/datasets/rayeedaabir/lag-database-part1-uk/LAG_database_part1_UK/suspicious_glaucoma/image/0909.jpg,Glaucoma,6,train,80ff0cbf01f10df4
T3_LAG,/kaggle/input/datasets/rayeedaabir/lag-database-part1-uk/LAG_database_part1_UK/suspicious_glaucoma/image/0913.jpg,Glaucoma,6,train,c7d13866c791383d
T3_LAG,/kaggle/input/datasets/rayeedaabir/lag-database-part1-uk/LAG_database_part1_UK/suspicious_glaucoma/image/0922.jpg,Glaucoma,6,train,c3c33c3c63c3c33c
T3_LAG,/kaggle/input/datasets/rayeedaabir/lag-database-part1-uk/LAG_database_part1_UK/suspicious_glaucoma/image/0923.jpg,Glaucoma,6,train,c2de3939c6c73138
T3_LAG,/kaggle/input/datasets/rayeedaabir/lag-database-part1-uk/LAG_database_part1_UK/suspicious_glaucoma/image/0938.jpg,Glaucoma,6,train,d50d370755dc5532
T3_LAG,/kaggle/input/datasets/rayeedaabir/lag-database-part1-uk/LAG_database_part1_UK/suspicious_glaucoma/image/0939.jpg,Glaucoma,6,train,86df3838c6c73938
T3_LAG,/kaggle/input/datasets/rayeedaabir/lag-database-part1-uk/LAG_database_part1_UK/suspicious_glaucoma/image/0947.jpg,Glaucoma,6,val,d522572b52b54a6b
T3_LAG,/kaggle/input/datasets/rayeedaabir/lag-database-part1-uk/LAG_database_part1_UK/suspicious_glaucoma/image/0954.jpg,Glaucoma,6,test,84ce313944cece7b
T3_LAG,/kaggle/input/datasets/rayeedaabir/lag-database-part1-uk/LAG_database_part1_UK/suspicious_glaucoma/image/0968.jpg,Glaucoma,6,train,d2b26d6d1292d36c
T3_LAG,/kaggle/input/datasets/rayeedaabir/lag-database-part1-uk/LAG_database_part1_UK/suspicious_glaucoma/image/0982.jpg,Glaucoma,6,val,c3e33e3cc3c30c3c
T3_LAG,/kaggle/input/datasets/rayeedaabir/lag-database-part1-uk/LAG_database_part1_UK/suspicious_glaucoma/image/0988.jpg,Glaucoma,6,train,8939756655995566
T3_LAG,/kaggle/input/datasets/rayeedaabir/lag-database-part1-uk/LAG_database_part1_UK/suspicious_glaucoma/image/0989.jpg,Glaucoma,6,train,d63249ed96936568
T3_LAG,/kaggle/input/datasets/rayeedaabir/lag-database-part1-uk/LAG_database_part1_UK/suspicious_glaucoma/image/0994.jpg,Glaucoma,6,train,93e5642799936479
T3_LAG,/kaggle/input/datasets/rayeedaabir/lag-database-part1-uk/LAG_database_part1_UK/suspicious_glaucoma/image/0996.jpg,Glaucoma,6,train,d19d646619997566
T3_LAG,/kaggle/input/datasets/rayeedaabir/lag-database-part1-uk/LAG_database_part1_UK/suspicious_glaucoma/image/0997.jpg,Glaucoma,6,train,868e3171cece8e39
T3_LAG,/kaggle/input/datasets/rayeedaabir/lag-database-part1-uk/LAG_database_part1_UK/suspicious_glaucoma/image/1002.jpg,Glaucoma,6,test,d31b656c519bd164
T3_LAG,/kaggle/input/datasets/rayeedaabir/lag-database-part1-uk/LAG_database_part1_UK/suspicious_glaucoma/image/1003.jpg,Glaucoma,6,train,d18a756c1792746d
T3_LAG,/kaggle/input/datasets/rayeedaabir/lag-database-part1-uk/LAG_database_part1_UK/suspicious_glaucoma/image/1007.jpg,Glaucoma,6,train,d536558f5a924a4d
T3_LAG,/kaggle/input/datasets/rayeedaabir/lag-database-part1-uk/LAG_database_part1_UK/suspicious_glaucoma/image/1011.jpg,Glaucoma,6,train,c3693c56c3a93c1b
T3_LAG,/kaggle/input/datasets/rayeedaabir/lag-database-part1-uk/LAG_database_part1_UK/suspicious_glaucoma/image/1013.jpg,Glaucoma,6,val,966a6d0e97e0656a
T3_LAG,/kaggle/input/datasets/rayeedaabir/lag-database-part1-uk/LAG_database_part1_UK/suspicious_glaucoma/image/1014.jpg,Glaucoma,6,val,9837629908f7332f
T3_LAG,/kaggle/input/datasets/rayeedaabir/lag-database-part1-uk/LAG_database_part1_UK/suspicious_glaucoma/image/1018.jpg,Glaucoma,6,train,807f013e0ff01f7c
T3_LAG,/kaggle/input/datasets/rayeedaabir/lag-database-part1-uk/LAG_database_part1_UK/suspicious_glaucoma/image/1030.jpg,Glaucoma,6,train,d6f0691696696996
T3_LAG,/kaggle/input/datasets/rayeedaabir/lag-database-part1-uk/LAG_database_part1_UK/suspicious_glaucoma/image/1031.jpg,Glaucoma,6,train,82f3393f42c7253c
T3_LAG,/kaggle/input/datasets/rayeedaabir/lag-database-part1-uk/LAG_database_part1_UK/suspicious_glaucoma/image/1038.jpg,Glaucoma,6,train,c0cd153f50f1171f
T3_LAG,/kaggle/input/datasets/rayeedaabir/lag-database-part1-uk/LAG_database_part1_UK/suspicious_glaucoma/image/1041.jpg,Glaucoma,6,train,c3df383c00e7c33c
T3_LAG,/kaggle/input/datasets/rayeedaabir/lag-database-part1-uk/LAG_database_part1_UK/suspicious_glaucoma/image/1052.jpg,Glaucoma,6,train,927965c09ae46db5
T3_LAG,/kaggle/input/datasets/rayeedaabir/lag-database-part1-uk/LAG_database_part1_UK/suspicious_glaucoma/image/1057.jpg,Glaucoma,6,train,806007376fe31f1f
T3_LAG,/kaggle/input/datasets/rayeedaabir/lag-database-part1-uk/LAG_database_part1_UK/suspicious_glaucoma/image/1058.jpg,Glaucoma,6,train,d569529235b55a5a
T3_LAG,/kaggle/input/datasets/rayeedaabir/lag-database-part1-uk/LAG_database_part1_UK/suspicious_glaucoma/image/1061.jpg,Glaucoma,6,train,d4964d6d32b66a49
T3_LAG,/kaggle/input/datasets/rayeedaabir/lag-database-part1-uk/LAG_database_part1_UK/suspicious_glaucoma/image/1067.jpg,Glaucoma,6,train,969669694b9696b4
T3_LAG,/kaggle/input/datasets/rayeedaabir/lag-database-part1-uk/LAG_database_part1_UK/suspicious_glaucoma/image/1069.jpg,Glaucoma,6,test,c0f31f1e63e11c1e
T3_LAG,/kaggle/input/datasets/rayeedaabir/lag-database-part1-uk/LAG_database_part1_UK/suspicious_glaucoma/image/1074.jpg,Glaucoma,6,train,c1c33e3e08e1c1fe
T3_LAG,/kaggle/input/datasets/rayeedaabir/lag-database-part1-uk/LAG_database_part1_UK/suspicious_glaucoma/image/1077.jpg,Glaucoma,6,train,96926d6d12927c6d
T3_LAG,/kaggle/input/datasets/rayeedaabir/lag-database-part1-uk/LAG_database_part1_UK/suspicious_glaucoma/image/1078.jpg,Glaucoma,6,train,c5c9143755c7547c
T3_LAG,/kaggle/input/datasets/rayeedaabir/lag-database-part1-uk/LAG_database_part1_UK/suspicious_glaucoma/image/1088.jpg,Glaucoma,6,test,805f20fd00cf87f7
T3_LAG,/kaggle/input/datasets/rayeedaabir/lag-database-part1-uk/LAG_database_part1_UK/suspicious_glaucoma/image/1097.jpg,Glaucoma,6,test,c6b731ccc6e33838
T3_LAG,/kaggle/input/datasets/rayeedaabir/lag-database-part1-uk/LAG_database_part1_UK/suspicious_glaucoma/image/1100.jpg,Glaucoma,6,train,c60f31394ccd07f3
T3_LAG,/kaggle/input/datasets/rayeedaabir/lag-database-part1-uk/LAG_database_part1_UK/suspicious_glaucoma/image/1105.jpg,Glaucoma,6,train,8c9f317eccf83118
T3_LAG,/kaggle/input/datasets/rayeedaabir/lag-database-part1-uk/LAG_database_part1_UK/suspicious_glaucoma/image/1108.jpg,Glaucoma,6,train,d391656493936c6d
T3_LAG,/kaggle/input/datasets/rayeedaabir/lag-database-part1-uk/LAG_database_part1_UK/suspicious_glaucoma/image/1117.jpg,Glaucoma,6,train,d53a54cd52926a6d
T3_LAG,/kaggle/input/datasets/rayeedaabir/lag-database-part1-uk/LAG_database_part1_UK/suspicious_glaucoma/image/1126.jpg,Glaucoma,6,train,839f383c47cf3838
T3_LAG,/kaggle/input/datasets/rayeedaabir/lag-database-part1-uk/LAG_database_part1_UK/suspicious_glaucoma/image/1132.jpg,Glaucoma,6,val,d0f00f0ff0f00f1f
T3_LAG,/kaggle/input/datasets/rayeedaabir/lag-database-part1-uk/LAG_database_part1_UK/suspicious_glaucoma/image/1133.jpg,Glaucoma,6,val,c1e13e1e1ce1e1e3
T3_LAG,/kaggle/input/datasets/rayeedaabir/lag-database-part1-uk/LAG_database_part1_UK/suspicious_glaucoma/image/1138.jpg,Glaucoma,6,train,d535564a5ab46a4b
T3_LAG,/kaggle/input/datasets/rayeedaabir/lag-database-part1-uk/LAG_database_part1_UK/suspicious_glaucoma/image/1148.jpg,Glaucoma,6,train,983b671c9c0173f6
T3_LAG,/kaggle/input/datasets/rayeedaabir/lag-database-part1-uk/LAG_database_part1_UK/suspicious_glaucoma/image/1150.jpg,Glaucoma,6,train,c3713c73c3e03c0f
T3_LAG,/kaggle/input/datasets/rayeedaabir/lag-database-part1-uk/LAG_database_part1_UK/suspicious_glaucoma/image/1157.jpg,Glaucoma,6,test,c06a279508e7779e
T3_LAG,/kaggle/input/datasets/rayeedaabir/lag-database-part1-uk/LAG_database_part1_UK/suspicious_glaucoma/image/1159.jpg,Glaucoma,6,train,d5cc5631b5b552d0
T3_LAG,/kaggle/input/datasets/rayeedaabir/lag-database-part1-uk/LAG_database_part1_UK/suspicious_glaucoma/image/1160.jpg,Glaucoma,6,train,d54a562da5525aad
T3_LAG,/kaggle/input/datasets/rayeedaabir/lag-database-part1-uk/LAG_database_part1_UK/suspicious_glaucoma/image/1162.jpg,Glaucoma,6,train,c0d31c7f40e31c3f
T3_LAG,/kaggle/input/datasets/rayeedaabir/lag-database-part1-uk/LAG_database_part1_UK/suspicious_glaucoma/image/1163.jpg,Glaucoma,6,train,d5b5524a4ab52a5e
T3_LAG,/kaggle/input/datasets/rayeedaabir/lag-database-part1-uk/LAG_database_part1_UK/suspicious_glaucoma/image/1169.jpg,Glaucoma,6,test,d03d226f007f877c
T3_LAG,/kaggle/input/datasets/rayeedaabir/lag-database-part1-uk/LAG_database_part1_UK/suspicious_glaucoma/image/1174.jpg,Glaucoma,6,test,d0bb0f4fe0f0071e
T3_LAG,/kaggle/input/datasets/rayeedaabir/lag-database-part1-uk/LAG_database_part1_UK/suspicious_glaucoma/image/1175.jpg,Glaucoma,6,train,c1733c3e05e3c1ba
T3_LAG,/kaggle/input/datasets/rayeedaabir/lag-database-part1-uk/LAG_database_part1_UK/suspicious_glaucoma/image/1176.jpg,Glaucoma,6,train,d3926c2d1792556d
T3_LAG,/kaggle/input/datasets/rayeedaabir/lag-database-part1-uk/LAG_database_part1_UK/suspicious_glaucoma/image/1178.jpg,Glaucoma,6,train,95b5524a55b5354b
T3_LAG,/kaggle/input/datasets/rayeedaabir/lag-database-part1-uk/LAG_database_part1_UK/suspicious_glaucoma/image/1180.jpg,Glaucoma,6,val,852d3e33c0c53f36
T3_LAG,/kaggle/input/datasets/rayeedaabir/lag-database-part1-uk/LAG_database_part1_UK/suspicious_glaucoma/image/1182.jpg,Glaucoma,6,val,d59d564a5ab5264a
T3_LAG,/kaggle/input/datasets/rayeedaabir/lag-database-part1-uk/LAG_database_part1_UK/suspicious_glaucoma/image/1185.jpg,Glaucoma,6,val,d6ca6d2d12926c6d
T3_LAG,/kaggle/input/datasets/rayeedaabir/lag-database-part1-uk/LAG_database_part1_UK/suspicious_glaucoma/image/1198.jpg,Glaucoma,6,train,d413554b56b64a6d
T3_LAG,/kaggle/input/datasets/rayeedaabir/lag-database-part1-uk/LAG_database_part1_UK/suspicious_glaucoma/image/1200.jpg,Glaucoma,6,train,c0663b39c4cc373b
T3_LAG,/kaggle/input/datasets/rayeedaabir/lag-database-part1-uk/LAG_database_part1_UK/suspicious_glaucoma/image/1202.jpg,Glaucoma,6,train,c0e02f1f5ff0e0e1
T3_LAG,/kaggle/input/datasets/rayeedaabir/lag-database-part1-uk/LAG_database_part1_UK/suspicious_glaucoma/image/1203.jpg,Glaucoma,6,train,846c22b30ddc3777
T3_LAG,/kaggle/input/datasets/rayeedaabir/lag-database-part1-uk/LAG_database_part1_UK/suspicious_glaucoma/image/1213.jpg,Glaucoma,6,train,d52455e755345593
T3_LAG,/kaggle/input/datasets/rayeedaabir/lag-database-part1-uk/LAG_database_part1_UK/suspicious_glaucoma/image/1214.jpg,Glaucoma,6,train,96f06565d692686d
T3_LAG,/kaggle/input/datasets/rayeedaabir/lag-database-part1-uk/LAG_database_part1_UK/suspicious_glaucoma/image/1219.jpg,Glaucoma,6,test,c6d7317b44ce3131
T3_LAG,/kaggle/input/datasets/rayeedaabir/lag-database-part1-uk/LAG_database_part1_UK/suspicious_glaucoma/image/1221.jpg,Glaucoma,6,train,a58d565a75a55552
T3_LAG,/kaggle/input/datasets/rayeedaabir/lag-database-part1-uk/LAG_database_part1_UK/suspicious_glaucoma/image/1227.jpg,Glaucoma,6,train,95c8742d5a996e6c
T3_LAG,/kaggle/input/datasets/rayeedaabir/lag-database-part1-uk/LAG_database_part1_UK/suspicious_glaucoma/image/1229.jpg,Glaucoma,6,val,d32d6df012cd6c85
T3_LAG,/kaggle/input/datasets/rayeedaabir/lag-database-part1-uk/LAG_database_part1_UK/suspicious_glaucoma/image/1233.jpg,Glaucoma,6,train,939b7464539b5a64
T3_LAG,/kaggle/input/datasets/rayeedaabir/lag-database-part1-uk/LAG_database_part1_UK/suspicious_glaucoma/image/1237.jpg,Glaucoma,6,train,8cb6378cdd6154a6
T3_LAG,/kaggle/input/datasets/rayeedaabir/lag-database-part1-uk/LAG_database_part1_UK/suspicious_glaucoma/image/1240.jpg,Glaucoma,6,train,953157c975a5554a
T3_LAG,/kaggle/input/datasets/rayeedaabir/lag-database-part1-uk/LAG_database_part1_UK/suspicious_glaucoma/image/1244.jpg,Glaucoma,6,val,c36f383c03c7c738
T3_LAG,/kaggle/input/datasets/rayeedaabir/lag-database-part1-uk/LAG_database_part1_UK/suspicious_glaucoma/image/1246.jpg,Glaucoma,6,train,83936c6c139bdd64
T3_LAG,/kaggle/input/datasets/rayeedaabir/lag-database-part1-uk/LAG_database_part1_UK/suspicious_glaucoma/image/1247.jpg,Glaucoma,6,train,d19b64645599db64
T3_LAG,/kaggle/input/datasets/rayeedaabir/lag-database-part1-uk/LAG_database_part1_UK/suspicious_glaucoma/image/1249.jpg,Glaucoma,6,train,86ce313946cec739
T3_LAG,/kaggle/input/datasets/rayeedaabir/lag-database-part1-uk/LAG_database_part1_UK/suspicious_glaucoma/image/1252.jpg,Glaucoma,6,train,9732756d5692486d
T3_LAG,/kaggle/input/datasets/rayeedaabir/lag-database-part1-uk/LAG_database_part1_UK/suspicious_glaucoma/image/1253.jpg,Glaucoma,6,test,863e3931c6ce3939
T3_LAG,/kaggle/input/datasets/rayeedaabir/lag-database-part1-uk/LAG_database_part1_UK/suspicious_glaucoma/image/1254.jpg,Glaucoma,6,train,c66e3839c6c63939
T3_LAG,/kaggle/input/datasets/rayeedaabir/lag-database-part1-uk/LAG_database_part1_UK/suspicious_glaucoma/image/1256.jpg,Glaucoma,6,train,d3e5649393646c93
T3_LAG,/kaggle/input/datasets/rayeedaabir/lag-database-part1-uk/LAG_database_part1_UK/suspicious_glaucoma/image/1268.jpg,Glaucoma,6,train,9595626ea44d6b93
T3_LAG,/kaggle/input/datasets/rayeedaabir/lag-database-part1-uk/LAG_database_part1_UK/suspicious_glaucoma/image/1276.jpg,Glaucoma,6,train,8153347e03e3173f
T3_LAG,/kaggle/input/datasets/rayeedaabir/lag-database-part1-uk/LAG_database_part1_UK/suspicious_glaucoma/image/1280.jpg,Glaucoma,6,val,803d073f0fe01f1f
T3_LAG,/kaggle/input/datasets/rayeedaabir/lag-database-part1-uk/LAG_database_part1_UK/suspicious_glaucoma/image/1283.jpg,Glaucoma,6,train,c53a74e852e36a3c
T3_LAG,/kaggle/input/datasets/rayeedaabir/lag-database-part1-uk/LAG_database_part1_UK/suspicious_glaucoma/image/1288.jpg,Glaucoma,6,test,845f307f00ee3373
T3_LAG,/kaggle/input/datasets/rayeedaabir/lag-database-part1-uk/LAG_database_part1_UK/suspicious_glaucoma/image/1290.jpg,Glaucoma,6,train,cc3c2333cccc3973
T3_LAG,/kaggle/input/datasets/rayeedaabir/lag-database-part1-uk/LAG_database_part1_UK/suspicious_glaucoma/image/1291.jpg,Glaucoma,6,train,c07e038f64fc930f
T3_LAG,/kaggle/input/datasets/rayeedaabir/lag-database-part1-uk/LAG_database_part1_UK/suspicious_glaucoma/image/1293.jpg,Glaucoma,6,train,d793756d54929264
T3_LAG,/kaggle/input/datasets/rayeedaabir/lag-database-part1-uk/LAG_database_part1_UK/suspicious_glaucoma/image/1300.jpg,Glaucoma,6,train,dc32670e98866be3
T3_LAG,/kaggle/input/datasets/rayeedaabir/lag-database-part1-uk/LAG_database_part1_UK/suspicious_glaucoma/image/1307.jpg,Glaucoma,6,train,887f039f80fd070f
T3_LAG,/kaggle/input/datasets/rayeedaabir/lag-database-part1-uk/LAG_database_part1_UK/suspicious_glaucoma/image/1308.jpg,Glaucoma,6,test,c3c33c3c38c3c73c
T3_LAG,/kaggle/input/datasets/rayeedaabir/lag-database-part1-uk/LAG_database_part1_UK/suspicious_glaucoma/image/1310.jpg,Glaucoma,6,train,c19e38e3203cc3fb
T3_LAG,/kaggle/input/datasets/rayeedaabir/lag-database-part1-uk/LAG_database_part1_UK/suspicious_glaucoma/image/1311.jpg,Glaucoma,6,train,95b46a4b9db46619
T3_LAG,/kaggle/input/datasets/rayeedaabir/lag-database-part1-uk/LAG_database_part1_UK/suspicious_glaucoma/image/1314.jpg,Glaucoma,6,val,dc333798cccf3031
T3_LAG,/kaggle/input/datasets/rayeedaabir/lag-database-part1-uk/LAG_database_part1_UK/suspicious_glaucoma/image/1317.jpg,Glaucoma,6,train,c3633c1d39c0e673
T3_LAG,/kaggle/input/datasets/rayeedaabir/lag-database-part1-uk/LAG_database_part1_UK/suspicious_glaucoma/image/1318.jpg,Glaucoma,6,train,deff30ff80f800c0
T3_LAG,/kaggle/input/datasets/rayeedaabir/lag-database-part1-uk/LAG_database_part1_UK/suspicious_glaucoma/image/1320.jpg,Glaucoma,6,train,938b756453936e64
T3_LAG,/kaggle/input/datasets/rayeedaabir/lag-database-part1-uk/LAG_database_part1_UK/suspicious_glaucoma/image/1324.jpg,Glaucoma,6,train,c7f238c5c393303b
T3_LAG,/kaggle/input/datasets/rayeedaabir/lag-database-part1-uk/LAG_database_part1_UK/suspicious_glaucoma/image/1326.jpg,Glaucoma,6,train,c8cc3c3e0b637173
T3_LAG,/kaggle/input/datasets/rayeedaabir/lag-database-part1-uk/LAG_database_part1_UK/suspicious_glaucoma/image/1334.jpg,Glaucoma,6,train,dc0f33334c987533
T3_LAG,/kaggle/input/datasets/rayeedaabir/lag-database-part1-uk/LAG_database_part1_UK/suspicious_glaucoma/image/1335.jpg,Glaucoma,6,train,87c73838c6c7a539
T3_LAG,/kaggle/input/datasets/rayeedaabir/lag-database-part1-uk/LAG_database_part1_UK/suspicious_glaucoma/image/1346.jpg,Glaucoma,6,train,93336c6d13926d6c
T3_LAG,/kaggle/input/datasets/rayeedaabir/lag-database-part1-uk/LAG_database_part1_UK/suspicious_glaucoma/image/1347.jpg,Glaucoma,6,val,87cf38f960cf0079
T3_LAG,/kaggle/input/datasets/rayeedaabir/lag-database-part1-uk/LAG_database_part1_UK/suspicious_glaucoma/image/1352.jpg,Glaucoma,6,train,d5374a7b12944a6b
T3_LAG,/kaggle/input/datasets/rayeedaabir/lag-database-part1-uk/LAG_database_part1_UK/suspicious_glaucoma/image/1355.jpg,Glaucoma,6,test,96b64969491f9497
T3_LAG,/kaggle/input/datasets/rayeedaabir/lag-database-part1-uk/LAG_database_part1_UK/suspicious_glaucoma/image/1363.jpg,Glaucoma,6,train,94ed4b0bb4b4594b
T3_LAG,/kaggle/input/datasets/rayeedaabir/lag-database-part1-uk/LAG_database_part1_UK/suspicious_glaucoma/image/1371.jpg,Glaucoma,6,val,807724cc1b3b37d6
T3_LAG,/kaggle/input/datasets/rayeedaabir/lag-database-part1-uk/LAG_database_part1_UK/suspicious_glaucoma/image/1375.jpg,Glaucoma,6,train,d18b7564149bdb64
T3_LAG,/kaggle/input/datasets/rayeedaabir/lag-database-part1-uk/LAG_database_part1_UK/suspicious_glaucoma/image/1380.jpg,Glaucoma,6,train,92d26d699393656c
T3_LAG,/kaggle/input/datasets/rayeedaabir/lag-database-part1-uk/LAG_database_part1_UK/suspicious_glaucoma/image/1381.jpg,Glaucoma,6,test,993d667618993327
T3_LAG,/kaggle/input/datasets/rayeedaabir/lag-database-part1-uk/LAG_database_part1_UK/suspicious_glaucoma/image/1385.jpg,Glaucoma,6,train,95355e5a3595554a
T3_LAG,/kaggle/input/datasets/rayeedaabir/lag-database-part1-uk/LAG_database_part1_UK/suspicious_glaucoma/image/1388.jpg,Glaucoma,6,train,c3be3c6f43a2183c
T3_LAG,/kaggle/input/datasets/rayeedaabir/lag-database-part1-uk/LAG_database_part1_UK/suspicious_glaucoma/image/1389.jpg,Glaucoma,6,train,d4b6696916966a69
T3_LAG,/kaggle/input/datasets/rayeedaabir/lag-database-part1-uk/LAG_database_part1_UK/suspicious_glaucoma/image/1396.jpg,Glaucoma,6,train,d43b69c916966969
T3_LAG,/kaggle/input/datasets/rayeedaabir/lag-database-part1-uk/LAG_database_part1_UK/suspicious_glaucoma/image/1402.jpg,Glaucoma,6,train,cd1d373255d85526
T3_LAG,/kaggle/input/datasets/rayeedaabir/lag-database-part1-uk/LAG_database_part1_UK/suspicious_glaucoma/image/1403.jpg,Glaucoma,6,train,876f389c46c3383e
T3_LAG,/kaggle/input/datasets/rayeedaabir/lag-database-part1-uk/LAG_database_part1_UK/suspicious_glaucoma/image/1405.jpg,Glaucoma,6,train,86ce313146ce8fb3
T3_LAG,/kaggle/input/datasets/rayeedaabir/lag-database-part1-uk/LAG_database_part1_UK/suspicious_glaucoma/image/1407.jpg,Glaucoma,6,train,d6bf3079c2cf2038
T3_LAG,/kaggle/input/datasets/rayeedaabir/lag-database-part1-uk/LAG_database_part1_UK/suspicious_glaucoma/image/1408.jpg,Glaucoma,6,train,c1e33e3e40e1e13e
T3_LAG,/kaggle/input/datasets/rayeedaabir/lag-database-part1-uk/LAG_database_part1_UK/suspicious_glaucoma/image/1409.jpg,Glaucoma,6,test,86c73939468f8739
T3_LAG,/kaggle/input/datasets/rayeedaabir/lag-database-part1-uk/LAG_database_part1_UK/suspicious_glaucoma/image/1415.jpg,Glaucoma,6,train,c54f343f409f007f
T3_LAG,/kaggle/input/datasets/rayeedaabir/lag-database-part1-uk/LAG_database_part1_UK/suspicious_glaucoma/image/1416.jpg,Glaucoma,6,train,953745cb55b0555a
T3_LAG,/kaggle/input/datasets/rayeedaabir/lag-database-part1-uk/LAG_database_part1_UK/suspicious_glaucoma/image/1417.jpg,Glaucoma,6,train,93326de993926d64
T3_LAG,/kaggle/input/datasets/rayeedaabir/lag-database-part1-uk/LAG_database_part1_UK/suspicious_glaucoma/image/1420.jpg,Glaucoma,6,train,d6e86997964d6892
T3_LAG,/kaggle/input/datasets/rayeedaabir/lag-database-part1-uk/LAG_database_part1_UK/suspicious_glaucoma/image/1425.jpg,Glaucoma,6,val,80be3cc3c23e04ff
T3_LAG,/kaggle/input/datasets/rayeedaabir/lag-database-part1-uk/LAG_database_part1_UK/suspicious_glaucoma/image/1426.jpg,Glaucoma,6,train,96d14a4fb6b66c09
T3_LAG,/kaggle/input/datasets/rayeedaabir/lag-database-part1-uk/LAG_database_part1_UK/suspicious_glaucoma/image/1427.jpg,Glaucoma,6,val,983d639618c87773
T3_LAG,/kaggle/input/datasets/rayeedaabir/lag-database-part1-uk/LAG_database_part1_UK/suspicious_glaucoma/image/1428.jpg,Glaucoma,6,train,918b646659d97666
T3_LAG,/kaggle/input/datasets/rayeedaabir/lag-database-part1-uk/LAG_database_part1_UK/suspicious_glaucoma/image/1430.jpg,Glaucoma,6,train,8767384cc7c73859
T3_LAG,/kaggle/input/datasets/rayeedaabir/lag-database-part1-uk/LAG_database_part1_UK/suspicious_glaucoma/image/1433.jpg,Glaucoma,6,val,c0bf1c6f41183fe4
T3_LAG,/kaggle/input/datasets/rayeedaabir/lag-database-part1-uk/LAG_database_part1_UK/suspicious_glaucoma/image/1437.jpg,Glaucoma,6,train,813534d599d57656
T3_LAG,/kaggle/input/datasets/rayeedaabir/lag-database-part1-uk/LAG_database_part1_UK/suspicious_glaucoma/image/1438.jpg,Glaucoma,6,train,c0b31f3fe1e01e1c
T3_LAG,/kaggle/input/datasets/rayeedaabir/lag-database-part1-uk/LAG_database_part1_UK/suspicious_glaucoma/image/1439.jpg,Glaucoma,6,test,fe3f207f80ee0170
T3_LAG,/kaggle/input/datasets/rayeedaabir/lag-database-part1-uk/LAG_database_part1_UK/suspicious_glaucoma/image/1447.jpg,Glaucoma,6,train,8061039f6ff01f1f
T3_LAG,/kaggle/input/datasets/rayeedaabir/lag-database-part1-uk/LAG_database_part1_UK/suspicious_glaucoma/image/1450.jpg,Glaucoma,6,val,93b26d6d1392556c
T3_LAG,/kaggle/input/datasets/rayeedaabir/lag-database-part1-uk/LAG_database_part1_UK/suspicious_glaucoma/image/1451.jpg,Glaucoma,6,train,95246b99b4954a5f
T3_LAG,/kaggle/input/datasets/rayeedaabir/lag-database-part1-uk/LAG_database_part1_UK/suspicious_glaucoma/image/1452.jpg,Glaucoma,6,train,c036379cf1e41e59
T3_LAG,/kaggle/input/datasets/rayeedaabir/lag-database-part1-uk/LAG_database_part1_UK/suspicious_glaucoma/image/1453.jpg,Glaucoma,6,train,d3d26c24139b756c
T3_LAG,/kaggle/input/datasets/rayeedaabir/lag-database-part1-uk/LAG_database_part1_UK/suspicious_glaucoma/image/1454.jpg,Glaucoma,6,train,952a756a552a556b
T3_LAG,/kaggle/input/datasets/rayeedaabir/lag-database-part1-uk/LAG_database_part1_UK/suspicious_glaucoma/image/1456.jpg,Glaucoma,6,train,95366b9195635395
T3_LAG,/kaggle/input/datasets/rayeedaabir/lag-database-part1-uk/LAG_database_part1_UK/suspicious_glaucoma/image/1458.jpg,Glaucoma,6,train,d19b6466159c5a73
T3_LAG,/kaggle/input/datasets/rayeedaabir/lag-database-part1-uk/LAG_database_part1_UK/suspicious_glaucoma/image/1465.jpg,Glaucoma,6,train,d518556d35a35a59
T3_LAG,/kaggle/input/datasets/rayeedaabir/lag-database-part1-uk/LAG_database_part1_UK/suspicious_glaucoma/image/1469.jpg,Glaucoma,6,train,81e73cbe43c1a53c
T3_LAG,/kaggle/input/datasets/rayeedaabir/lag-database-part1-uk/LAG_database_part1_UK/suspicious_glaucoma/image/1473.jpg,Glaucoma,6,train,c83f227f08dc6273
T3_LAG,/kaggle/input/datasets/rayeedaabir/lag-database-part1-uk/LAG_database_part1_UK/suspicious_glaucoma/image/1480.jpg,Glaucoma,6,train,92766c0f93d66649
T3_LAG,/kaggle/input/datasets/rayeedaabir/lag-database-part1-uk/LAG_database_part1_UK/suspicious_glaucoma/image/1481.jpg,Glaucoma,6,val,891e64e41b9b666b
T3_LAG,/kaggle/input/datasets/rayeedaabir/lag-database-part1-uk/LAG_database_part1_UK/suspicious_glaucoma/image/1485.jpg,Glaucoma,6,train,d2696d92176d6711
T3_LAG,/kaggle/input/datasets/rayeedaabir/lag-database-part1-uk/LAG_database_part1_UK/suspicious_glaucoma/image/1490.jpg,Glaucoma,6,train,9552552b559b546d
T3_LAG,/kaggle/input/datasets/rayeedaabir/lag-database-part1-uk/LAG_database_part1_UK/suspicious_glaucoma/image/1493.jpg,Glaucoma,6,train,dd3337925c907760
T3_LAG,/kaggle/input/datasets/rayeedaabir/lag-database-part1-uk/LAG_database_part1_UK/suspicious_glaucoma/image/1495.jpg,Glaucoma,6,train,d6162d683591d9e6
T3_LAG,/kaggle/input/datasets/rayeedaabir/lag-database-part1-uk/LAG_database_part1_UK/suspicious_glaucoma/image/1502.jpg,Glaucoma,6,train,92926d6c93936c6d
T3_LAG,/kaggle/input/datasets/rayeedaabir/lag-database-part1-uk/LAG_database_part1_UK/suspicious_glaucoma/image/1506.jpg,Glaucoma,6,train,c3c33c3c3c79c1c3
T3_LAG,/kaggle/input/datasets/rayeedaabir/lag-database-part1-uk/LAG_database_part1_UK/suspicious_glaucoma/image/1507.jpg,Glaucoma,6,train,944b552c52ed6ab5
T3_LAG,/kaggle/input/datasets/rayeedaabir/lag-database-part1-uk/LAG_database_part1_UK/suspicious_glaucoma/image/1508.jpg,Glaucoma,6,train,cedf3131c6ce2131
T3_LAG,/kaggle/input/datasets/rayeedaabir/lag-database-part1-uk/LAG_database_part1_UK/suspicious_glaucoma/image/1517.jpg,Glaucoma,6,train,99c976265d995266
T3_LAG,/kaggle/input/datasets/rayeedaabir/lag-database-part1-uk/LAG_database_part1_UK/suspicious_glaucoma/image/1518.jpg,Glaucoma,6,train,d1a566e719996664
T3_LAG,/kaggle/input/datasets/rayeedaabir/lag-database-part1-uk/LAG_database_part1_UK/suspicious_glaucoma/image/1524.jpg,Glaucoma,6,train,c13f206314ff417e
T3_LAG,/kaggle/input/datasets/rayeedaabir/lag-database-part1-uk/LAG_database_part1_UK/suspicious_glaucoma/image/1528.jpg,Glaucoma,6,train,9792556d5492d26d
T3_LAG,/kaggle/input/datasets/rayeedaabir/lag-database-part1-uk/LAG_database_part1_UK/suspicious_glaucoma/image/1529.jpg,Glaucoma,6,test,dfbfb0fb80ce0030
T3_LAG,/kaggle/input/datasets/rayeedaabir/lag-database-part1-uk/LAG_database_part1_UK/suspicious_glaucoma/image/1531.jpg,Glaucoma,6,train,883b629d09f7329d
T3_LAG,/kaggle/input/datasets/rayeedaabir/lag-database-part1-uk/LAG_database_part1_UK/suspicious_glaucoma/image/1532.jpg,Glaucoma,6,train,c3df383847e73038
T3_LAG,/kaggle/input/datasets/rayeedaabir/lag-database-part1-uk/LAG_database_part1_UK/suspicious_glaucoma/image/1534.jpg,Glaucoma,6,train,c07e0f1f60f00f1f
T3_LAG,/kaggle/input/datasets/rayeedaabir/lag-database-part1-uk/LAG_database_part1_UK/suspicious_glaucoma/image/1536.jpg,Glaucoma,6,train,c3273c3cc3e7103e
T3_LAG,/kaggle/input/datasets/rayeedaabir/lag-database-part1-uk/LAG_database_part1_UK/suspicious_glaucoma/image/1539.jpg,Glaucoma,6,train,c0ff30ff02de0171
T3_LAG,/kaggle/input/datasets/rayeedaabir/lag-database-part1-uk/LAG_database_part1_UK/suspicious_glaucoma/image/1544.jpg,Glaucoma,6,train,807f22b705dc1776
T3_LAG,/kaggle/input/datasets/rayeedaabir/lag-database-part1-uk/LAG_database_part1_UK/suspicious_glaucoma/image/1546.jpg,Glaucoma,6,train,d469699695691397
T3_LAG,/kaggle/input/datasets/rayeedaabir/lag-database-part1-uk/LAG_database_part1_UK/suspicious_glaucoma/image/1552.jpg,Glaucoma,6,train,dded307740cf0073
T3_LAG,/kaggle/input/datasets/rayeedaabir/lag-database-part1-uk/LAG_database_part1_UK/suspicious_glaucoma/image/1554.jpg,Glaucoma,6,val,c3fd20f900e7017f
T3_LAG,/kaggle/input/datasets/rayeedaabir/lag-database-part1-uk/LAG_database_part1_UK/suspicious_glaucoma/image/1556.jpg,Glaucoma,6,val,953a756552936a65
T3_LAG,/kaggle/input/datasets/rayeedaabir/lag-database-part1-uk/LAG_database_part1_UK/suspicious_glaucoma/image/1558.jpg,Glaucoma,6,train,d6926dc892926d6d
T3_LAG,/kaggle/input/datasets/rayeedaabir/lag-database-part1-uk/LAG_database_part1_UK/suspicious_glaucoma/image/1560.jpg,Glaucoma,6,train,956a65b5592531d9
T3_LAG,/kaggle/input/datasets/rayeedaabir/lag-database-part1-uk/LAG_database_part1_UK/suspicious_glaucoma/image/1561.jpg,Glaucoma,6,train,d56e5427545e52a5
T3_LAG,/kaggle/input/datasets/rayeedaabir/lag-database-part1-uk/LAG_database_part1_UK/suspicious_glaucoma/image/1563.jpg,Glaucoma,6,train,d525555a55a5555a
T3_LAG,/kaggle/input/datasets/rayeedaabir/lag-database-part1-uk/LAG_database_part1_UK/suspicious_glaucoma/image/1564.jpg,Glaucoma,6,val,c63f38cf843982ce
T3_LAG,/kaggle/input/datasets/rayeedaabir/lag-database-part1-uk/LAG_database_part1_UK/suspicious_glaucoma/image/1569.jpg,Glaucoma,6,val,c0e03f1f0fe9e0e2
T3_LAG,/kaggle/input/datasets/rayeedaabir/lag-database-part1-uk/LAG_database_part1_UK/suspicious_glaucoma/image/1572.jpg,Glaucoma,6,train,87ef38b944cf2039
T3_LAG,/kaggle/input/datasets/rayeedaabir/lag-database-part1-uk/LAG_database_part1_UK/suspicious_glaucoma/image/1577.jpg,Glaucoma,6,val,943645cd56b64a6d
T3_LAG,/kaggle/input/datasets/rayeedaabir/lag-database-part1-uk/LAG_database_part1_UK/suspicious_glaucoma/image/1584.jpg,Glaucoma,6,train,8066172f47c41f3f
T3_LAG,/kaggle/input/datasets/rayeedaabir/lag-database-part1-uk/LAG_database_part1_UK/suspicious_glaucoma/image/1585.jpg,Glaucoma,6,train,c999363433c3c73a
T3_LAG,/kaggle/input/datasets/rayeedaabir/lag-database-part1-uk/LAG_database_part1_UK/suspicious_glaucoma/image/1590.jpg,Glaucoma,6,train,c1d81f2f41c11e3f
T3_LAG,/kaggle/input/datasets/rayeedaabir/lag-database-part1-uk/LAG_database_part1_UK/suspicious_glaucoma/image/1592.jpg,Glaucoma,6,test,d9a4669999666699
T3_LAG,/kaggle/input/datasets/rayeedaabir/lag-database-part1-uk/LAG_database_part1_UK/suspicious_glaucoma/image/1595.jpg,Glaucoma,6,val,c6d7304c46953977
T3_LAG,/kaggle/input/datasets/rayeedaabir/lag-database-part1-uk/LAG_database_part1_UK/suspicious_glaucoma/image/1597.jpg,Glaucoma,6,train,c3ef383c43c7053c
T3_LAG,/kaggle/input/datasets/rayeedaabir/lag-database-part1-uk/LAG_database_part1_UK/suspicious_glaucoma/image/1598.jpg,Glaucoma,6,train,d5354b5a36b46a4a
T3_LAG,/kaggle/input/datasets/rayeedaabir/lag-database-part1-uk/LAG_database_part1_UK/suspicious_glaucoma/image/1605.jpg,Glaucoma,6,train,95c555b456c34ad6
T3_LAG,/kaggle/input/datasets/rayeedaabir/lag-database-part1-uk/LAG_database_part1_UK/suspicious_glaucoma/image/1619.jpg,Glaucoma,6,train,d6c86d2d17a54596
T3_LAG,/kaggle/input/datasets/rayeedaabir/lag-database-part1-uk/LAG_database_part1_UK/suspicious_glaucoma/image/1631.jpg,Glaucoma,6,val,c1cc3c3fe2e81b1a
T3_LAG,/kaggle/input/datasets/rayeedaabir/lag-database-part1-uk/LAG_database_part1_UK/suspicious_glaucoma/image/1634.jpg,Glaucoma,6,train,d44b45bb52e948b6
T3_LAG,/kaggle/input/datasets/rayeedaabir/lag-database-part1-uk/LAG_database_part1_UK/suspicious_glaucoma/image/1636.jpg,Glaucoma,6,test,c38b383cc7c7383c
T3_LAG,/kaggle/input/datasets/rayeedaabir/lag-database-part1-uk/LAG_database_part1_UK/suspicious_glaucoma/image/1644.jpg,Glaucoma,6,val,88a57585dc7532dc
T3_LAG,/kaggle/input/datasets/rayeedaabir/lag-database-part1-uk/LAG_database_part1_UK/suspicious_glaucoma/image/1651.jpg,Glaucoma,6,test,d5c9542555de52a5
T3_LAG,/kaggle/input/datasets/rayeedaabir/lag-database-part1-uk/LAG_database_part1_UK/suspicious_glaucoma/image/1652.jpg,Glaucoma,6,test,939b6c6413995d33
T3_LAG,/kaggle/input/datasets/rayeedaabir/lag-database-part1-uk/LAG_database_part1_UK/suspicious_glaucoma/image/1654.jpg,Glaucoma,6,test,d6c8699696696a96
T3_LAG,/kaggle/input/datasets/rayeedaabir/lag-database-part1-uk/LAG_database_part1_UK/suspicious_glaucoma/image/1658.jpg,Glaucoma,6,train,96896d96966d6994
T3_LAG,/kaggle/input/datasets/rayeedaabir/lag-database-part1-uk/LAG_database_part1_UK/suspicious_glaucoma/image/1659.jpg,Glaucoma,6,train,c3633c3cc6c06737
T3_LAG,/kaggle/input/datasets/rayeedaabir/lag-database-part1-uk/LAG_database_part1_UK/suspicious_glaucoma/image/1662.jpg,Glaucoma,6,val,d3d265645393d265
T3_LAG,/kaggle/input/datasets/rayeedaabir/lag-database-part1-uk/LAG_database_part1_UK/suspicious_glaucoma/image/1668.jpg,Glaucoma,6,val,c35f106a47381fea
T3_LAG,/kaggle/input/datasets/rayeedaabir/lag-database-part1-uk/LAG_database_part1_UK/suspicious_glaucoma/image/1672.jpg,Glaucoma,6,train,c6473938c6c6332f
T3_LAG,/kaggle/input/datasets/rayeedaabir/lag-database-part1-uk/LAG_database_part1_UK/suspicious_glaucoma/image/1677.jpg,Glaucoma,6,train,c12c3c73c33e3cc3
T3_LAG,/kaggle/input/datasets/rayeedaabir/lag-database-part1-uk/LAG_database_part1_UK/suspicious_glaucoma/image/1680.jpg,Glaucoma,6,train,d06f21f4543742dd
T3_LAG,/kaggle/input/datasets/rayeedaabir/lag-database-part1-uk/LAG_database_part1_UK/suspicious_glaucoma/image/1681.jpg,Glaucoma,6,train,d56d551675a95251
T3_LAG,/kaggle/input/datasets/rayeedaabir/lag-database-part1-uk/LAG_database_part1_UK/suspicious_glaucoma/image/1689.jpg,Glaucoma,6,train,d69669696d929692
T3_LAG,/kaggle/input/datasets/rayeedaabir/lag-database-part1-uk/LAG_database_part1_UK/suspicious_glaucoma/image/1692.jpg,Glaucoma,6,train,813f02360fd93f66
T3_LAG,/kaggle/input/datasets/rayeedaabir/lag-database-part1-uk/LAG_database_part1_UK/suspicious_glaucoma/image/1697.jpg,Glaucoma,6,train,9076612b54f791dc
T3_LAG,/kaggle/input/datasets/rayeedaabir/lag-database-part1-uk/LAG_database_part1_UK/suspicious_glaucoma/image/1700.jpg,Glaucoma,6,train,91392466999b656f
T3_LAG,/kaggle/input/datasets/rayeedaabir/lag-database-part1-uk/LAG_database_part1_UK/suspicious_glaucoma/image/1702.jpg,Glaucoma,6,test,943669cb34967b49
T3_LAG,/kaggle/input/datasets/rayeedaabir/lag-database-part1-uk/LAG_database_part1_UK/suspicious_glaucoma/image/1704.jpg,Glaucoma,6,train,c1713e1e41e33e1e
T3_LAG,/kaggle/input/datasets/rayeedaabir/lag-database-part1-uk/LAG_database_part1_UK/suspicious_glaucoma/image/1706.jpg,Glaucoma,6,test,83d738fe43f13830
T3_LAG,/kaggle/input/datasets/rayeedaabir/lag-database-part1-uk/LAG_database_part1_UK/suspicious_glaucoma/image/1713.jpg,Glaucoma,6,train,d2b26d6d159292e6
T3_LAG,/kaggle/input/datasets/rayeedaabir/lag-database-part1-uk/LAG_database_part1_UK/suspicious_glaucoma/image/1718.jpg,Glaucoma,6,train,c05d347e61e3253e
T3_LAG,/kaggle/input/datasets/rayeedaabir/lag-database-part1-uk/LAG_database_part1_UK/suspicious_glaucoma/image/1720.jpg,Glaucoma,6,train,958275695597964d
T3_LAG,/kaggle/input/datasets/rayeedaabir/lag-database-part1-uk/LAG_database_part1_UK/suspicious_glaucoma/image/1721.jpg,Glaucoma,6,train,82cf213900cecffd
T3_LAG,/kaggle/input/datasets/rayeedaabir/lag-database-part1-uk/LAG_database_part1_UK/suspicious_glaucoma/image/1729.jpg,Glaucoma,6,train,890b75665599d995
T3_LAG,/kaggle/input/datasets/rayeedaabir/lag-database-part1-uk/LAG_database_part1_UK/suspicious_glaucoma/image/1730.jpg,Glaucoma,6,train,92ad6d9296696996
T3_LAG,/kaggle/input/datasets/rayeedaabir/lag-database-part1-uk/LAG_database_part1_UK/suspicious_glaucoma/image/1733.jpg,Glaucoma,6,train,d52d34b654994477
T3_LAG,/kaggle/input/datasets/rayeedaabir/lag-database-part1-uk/LAG_database_part1_UK/suspicious_glaucoma/image/1735.jpg,Glaucoma,6,test,d733556c5493d264
T3_LAG,/kaggle/input/datasets/rayeedaabir/lag-database-part1-uk/LAG_database_part1_UK/suspicious_glaucoma/image/1738.jpg,Glaucoma,6,train,81fc186303bc3fe3
T3_LAG,/kaggle/input/datasets/rayeedaabir/lag-database-part1-uk/LAG_database_part1_UK/suspicious_glaucoma/image/1743.jpg,Glaucoma,6,train,d53a656916b24c6d
T3_LAG,/kaggle/input/datasets/rayeedaabir/lag-database-part1-uk/LAG_database_part1_UK/suspicious_glaucoma/image/1753.jpg,Glaucoma,6,train,c1e13e1e58e3c33c
T3_LAG,/kaggle/input/datasets/rayeedaabir/lag-database-part1-uk/LAG_database_part1_UK/suspicious_glaucoma/image/1757.jpg,Glaucoma,6,train,c35f287e83c7203e
T3_LAG,/kaggle/input/datasets/rayeedaabir/lag-database-part1-uk/LAG_database_part1_UK/suspicious_glaucoma/image/1759.jpg,Glaucoma,6,val,cc4e313133cecccd
T3_LAG,/kaggle/input/datasets/rayeedaabir/lag-database-part1-uk/LAG_database_part1_UK/suspicious_glaucoma/image/1760.jpg,Glaucoma,6,train,d5cc5a37346a4ae4
T3_LAG,/kaggle/input/datasets/rayeedaabir/lag-database-part1-uk/LAG_database_part1_UK/suspicious_glaucoma/image/1766.jpg,Glaucoma,6,train,d59455695696926d
T3_LAG,/kaggle/input/datasets/rayeedaabir/lag-database-part1-uk/LAG_database_part1_UK/suspicious_glaucoma/image/1775.jpg,Glaucoma,6,train,956b552d96854b95
T3_LAG,/kaggle/input/datasets/rayeedaabir/lag-database-part1-uk/LAG_database_part1_UK/suspicious_glaucoma/image/1778.jpg,Glaucoma,6,train,c6d938e7463831c7
T3_LAG,/kaggle/input/datasets/rayeedaabir/lag-database-part1-uk/LAG_database_part1_UK/suspicious_glaucoma/image/1781.jpg,Glaucoma,6,train,d3ab648d13d36465
T3_LAG,/kaggle/input/datasets/rayeedaabir/lag-database-part1-uk/LAG_database_part1_UK/suspicious_glaucoma/image/1787.jpg,Glaucoma,6,test,932b65e89392656d
T3_LAG,/kaggle/input/datasets/rayeedaabir/lag-database-part1-uk/LAG_database_part1_UK/suspicious_glaucoma/image/1790.jpg,Glaucoma,6,train,c087383d02f31f9f
T3_LAG,/kaggle/input/datasets/rayeedaabir/lag-database-part1-uk/LAG_database_part1_UK/suspicious_glaucoma/image/1791.jpg,Glaucoma,6,train,d5e5634b14954b4b
T3_LAG,/kaggle/input/datasets/rayeedaabir/lag-database-part1-uk/LAG_database_part1_UK/suspicious_glaucoma/image/1798.jpg,Glaucoma,6,train,c19e1fe0e10c0ef7
T3_LAG,/kaggle/input/datasets/rayeedaabir/lag-database-part1-uk/LAG_database_part1_UK/suspicious_glaucoma/image/1801.jpg,Glaucoma,6,val,d5a2756d55955264
T3_LAG,/kaggle/input/datasets/rayeedaabir/lag-database-part1-uk/LAG_database_part1_UK/suspicious_glaucoma/image/1802.jpg,Glaucoma,6,train,c1323f3be2e10d17
T3_LAG,/kaggle/input/datasets/rayeedaabir/lag-database-part1-uk/LAG_database_part1_UK/suspicious_glaucoma/image/1804.jpg,Glaucoma,6,test,d49655695596129f
T3_LAG,/kaggle/input/datasets/rayeedaabir/lag-database-part1-uk/LAG_database_part1_UK/suspicious_glaucoma/image/1807.jpg,Glaucoma,6,train,80fe217127c8cfdc
T3_LAG,/kaggle/input/datasets/rayeedaabir/lag-database-part1-uk/LAG_database_part1_UK/suspicious_glaucoma/image/1813.jpg,Glaucoma,6,train,953552ca7ab56a4a
T3_LAG,/kaggle/input/datasets/rayeedaabir/lag-database-part1-uk/LAG_database_part1_UK/suspicious_glaucoma/image/1814.jpg,Glaucoma,6,train,8074079f6de01f1f
T3_LAG,/kaggle/input/datasets/rayeedaabir/lag-database-part1-uk/LAG_database_part1_UK/suspicious_glaucoma/image/1826.jpg,Glaucoma,6,train,d1eb646451997e64
T3_LAG,/kaggle/input/datasets/rayeedaabir/lag-database-part1-uk/LAG_database_part1_UK/suspicious_glaucoma/image/1841.jpg,Glaucoma,6,train,c0e31c3c09e3e2bf
T3_LAG,/kaggle/input/datasets/rayeedaabir/lag-database-part1-uk/LAG_database_part1_UK/suspicious_glaucoma/image/1849.jpg,Glaucoma,6,train,d7613e1be3623c09
T3_LAG,/kaggle/input/datasets/rayeedaabir/lag-database-part1-uk/LAG_database_part1_UK/suspicious_glaucoma/image/1853.jpg,Glaucoma,6,train,9596656957969265
T3_LAG,/kaggle/input/datasets/rayeedaabir/lag-database-part1-uk/LAG_database_part1_UK/suspicious_glaucoma/image/1854.jpg,Glaucoma,6,train,cdc81523773372c5
T3_LAG,/kaggle/input/datasets/rayeedaabir/lag-database-part1-uk/LAG_database_part1_UK/suspicious_glaucoma/image/1861.jpg,Glaucoma,6,val,d3336d0d1392556d
T3_LAG,/kaggle/input/datasets/rayeedaabir/lag-database-part1-uk/LAG_database_part1_UK/suspicious_glaucoma/image/1866.jpg,Glaucoma,6,train,936e6c99b436496c
T3_LAG,/kaggle/input/datasets/rayeedaabir/lag-database-part1-uk/LAG_database_part1_UK/suspicious_glaucoma/image/1875.jpg,Glaucoma,6,train,c38f303947c73978
T3_LAG,/kaggle/input/datasets/rayeedaabir/lag-database-part1-uk/LAG_database_part1_UK/suspicious_glaucoma/image/1879.jpg,Glaucoma,6,val,86ef3931c6ce3033
T3_LAG,/kaggle/input/datasets/rayeedaabir/lag-database-part1-uk/LAG_database_part1_UK/suspicious_glaucoma/image/1891.jpg,Glaucoma,6,train,c0bf1c45f3fc1c48
T3_LAG,/kaggle/input/datasets/rayeedaabir/lag-database-part1-uk/LAG_database_part1_UK/suspicious_glaucoma/image/1892.jpg,Glaucoma,6,train,c17b106e07a7573c
T3_LAG,/kaggle/input/datasets/rayeedaabir/lag-database-part1-uk/LAG_database_part1_UK/suspicious_glaucoma/image/1896.jpg,Glaucoma,6,train,86cf383c52cd86b3
T3_LAG,/kaggle/input/datasets/rayeedaabir/lag-database-part1-uk/LAG_database_part1_UK/suspicious_glaucoma/image/1897.jpg,Glaucoma,6,test,853f609a057957e6
T3_LAG,/kaggle/input/datasets/rayeedaabir/lag-database-part1-uk/LAG_database_part1_UK/suspicious_glaucoma/image/1898.jpg,Glaucoma,6,train,87473839c7c63327
T3_LAG,/kaggle/input/datasets/rayeedaabir/lag-database-part1-uk/LAG_database_part1_UK/suspicious_glaucoma/image/1899.jpg,Glaucoma,6,train,83373c7ac3c33c1c
T3_LAG,/kaggle/input/datasets/rayeedaabir/lag-database-part1-uk/LAG_database_part1_UK/suspicious_glaucoma/image/1910.jpg,Glaucoma,6,train,d5156958b75564d1
T3_LAG,/kaggle/input/datasets/rayeedaabir/lag-database-part1-uk/LAG_database_part1_UK/suspicious_glaucoma/image/1912.jpg,Glaucoma,6,test,d0233e1fe0f7003f
T3_LAG,/kaggle/input/datasets/rayeedaabir/lag-database-part1-uk/LAG_database_part1_UK/suspicious_glaucoma/image/1913.jpg,Glaucoma,6,train,962b6d9692696d91
T3_LAG,/kaggle/input/datasets/rayeedaabir/lag-database-part1-uk/LAG_database_part1_UK/suspicious_glaucoma/image/1917.jpg,Glaucoma,6,train,883b269999f6669c
T3_LAG,/kaggle/input/datasets/rayeedaabir/lag-database-part1-uk/LAG_database_part1_UK/suspicious_glaucoma/image/1923.jpg,Glaucoma,6,test,958a6d6b15965569
T3_LAG,/kaggle/input/datasets/rayeedaabir/lag-database-part1-uk/LAG_database_part1_UK/suspicious_glaucoma/image/1926.jpg,Glaucoma,6,train,c0cd3d27663c3a27
T3_LAG,/kaggle/input/datasets/rayeedaabir/lag-database-part1-uk/LAG_database_part1_UK/suspicious_glaucoma/image/1933.jpg,Glaucoma,6,train,d3d3656d12936a64
T3_LAG,/kaggle/input/datasets/rayeedaabir/lag-database-part1-uk/LAG_database_part1_UK/suspicious_glaucoma/image/1935.jpg,Glaucoma,6,val,847f013f04ed157b
T3_LAG,/kaggle/input/datasets/rayeedaabir/lag-database-part1-uk/LAG_database_part1_UK/suspicious_glaucoma/image/1943.jpg,Glaucoma,6,test,8168169d6fc13f3c
T3_LAG,/kaggle/input/datasets/rayeedaabir/lag-database-part1-uk/LAG_database_part1_UK/suspicious_glaucoma/image/1945.jpg,Glaucoma,6,train,d534564b7ab54a49
T3_LAG,/kaggle/input/datasets/rayeedaabir/lag-database-part1-uk/LAG_database_part1_UK/suspicious_glaucoma/image/1947.jpg,Glaucoma,6,test,883f21e615d95576
T3_LAG,/kaggle/input/datasets/rayeedaabir/lag-database-part1-uk/LAG_database_part1_UK/suspicious_glaucoma/image/1952.jpg,Glaucoma,6,test,d3d26d6d12939265
T3_LAG,/kaggle/input/datasets/rayeedaabir/lag-database-part1-uk/LAG_database_part1_UK/suspicious_glaucoma/image/1954.jpg,Glaucoma,6,test,88e767d81933758c
T3_LAG,/kaggle/input/datasets/rayeedaabir/lag-database-part1-uk/LAG_database_part1_UK/suspicious_glaucoma/image/1960.jpg,Glaucoma,6,train,80d330fe47ce3971
T3_LAG,/kaggle/input/datasets/rayeedaabir/lag-database-part1-uk/LAG_database_part1_UK/suspicious_glaucoma/image/1965.jpg,Glaucoma,6,val,d0b76d055693516d
T3_LAG,/kaggle/input/datasets/rayeedaabir/lag-database-part1-uk/LAG_database_part1_UK/suspicious_glaucoma/image/1971.jpg,Glaucoma,6,train,807f23db0dca13b6
T3_LAG,/kaggle/input/datasets/rayeedaabir/lag-database-part1-uk/LAG_database_part1_UK/suspicious_glaucoma/image/1973.jpg,Glaucoma,6,train,d43f75f154894073
T3_LAG,/kaggle/input/datasets/rayeedaabir/lag-database-part1-uk/LAG_database_part1_UK/suspicious_glaucoma/image/1976.jpg,Glaucoma,6,train,c3176c3c184fe0e7
T3_LAG,/kaggle/input/datasets/rayeedaabir/lag-database-part1-uk/LAG_database_part1_UK/suspicious_glaucoma/image/1977.jpg,Glaucoma,6,train,c0ff203918fe87c6
T3_LAG,/kaggle/input/datasets/rayeedaabir/lag-database-part1-uk/LAG_database_part1_UK/suspicious_glaucoma/image/1980.jpg,Glaucoma,6,train,8057387807e7327f
T3_LAG,/kaggle/input/datasets/rayeedaabir/lag-database-part1-uk/LAG_database_part1_UK/suspicious_glaucoma/image/1989.jpg,Glaucoma,6,train,c747383840c7c77d
T3_LAG,/kaggle/input/datasets/rayeedaabir/lag-database-part1-uk/LAG_database_part1_UK/suspicious_glaucoma/image/1995.jpg,Glaucoma,6,train,806f033b0fe03f1f
T3_LAG,/kaggle/input/datasets/rayeedaabir/lag-database-part1-uk/LAG_database_part1_UK/suspicious_glaucoma/image/1997.jpg,Glaucoma,6,val,d2646d0d93d26d65
T3_LAG,/kaggle/input/datasets/rayeedaabir/lag-database-part1-uk/LAG_database_part1_UK/suspicious_glaucoma/image/2007.jpg,Glaucoma,6,train,96c36d6c16b26569
T3_LAG,/kaggle/input/datasets/rayeedaabir/lag-database-part1-uk/LAG_database_part1_UK/suspicious_glaucoma/image/2009.jpg,Glaucoma,6,train,8063139e0fe17f1e
T3_LAG,/kaggle/input/datasets/rayeedaabir/lag-database-part1-uk/LAG_database_part1_UK/suspicious_glaucoma/image/2014.jpg,Glaucoma,6,val,d0f0004d179b6f6f
T3_LAG,/kaggle/input/datasets/rayeedaabir/lag-database-part1-uk/LAG_database_part1_UK/suspicious_glaucoma/image/2015.jpg,Glaucoma,6,val,d2296d9712ed6992
T3_LAG,/kaggle/input/datasets/rayeedaabir/lag-database-part1-uk/LAG_database_part1_UK/suspicious_glaucoma/image/2017.jpg,Glaucoma,6,val,feff60ff80c60030
T3_LAG,/kaggle/input/datasets/rayeedaabir/lag-database-part1-uk/LAG_database_part1_UK/suspicious_glaucoma/image/2020.jpg,Glaucoma,6,train,90f5154d54e7151f
T3_LAG,/kaggle/input/datasets/rayeedaabir/lag-database-part1-uk/LAG_database_part1_UK/suspicious_glaucoma/image/2021.jpg,Glaucoma,6,train,96c6696b1492576d
T3_LAG,/kaggle/input/datasets/rayeedaabir/lag-database-part1-uk/LAG_database_part1_UK/suspicious_glaucoma/image/2022.jpg,Glaucoma,6,test,c36f3c3cc3c3093c
T3_LAG,/kaggle/input/datasets/rayeedaabir/lag-database-part1-uk/LAG_database_part1_UK/suspicious_glaucoma/image/2024.jpg,Glaucoma,6,train,94ef31d7463031ce
T3_LAG,/kaggle/input/datasets/rayeedaabir/lag-database-part1-uk/LAG_database_part1_UK/suspicious_glaucoma/image/2026.jpg,Glaucoma,6,train,94376b4b34b6426b
T3_LAG,/kaggle/input/datasets/rayeedaabir/lag-database-part1-uk/LAG_database_part1_UK/suspicious_glaucoma/image/2028.jpg,Glaucoma,6,train,84df33734ccc1873
T3_LAG,/kaggle/input/datasets/rayeedaabir/lag-database-part1-uk/LAG_database_part1_UK/suspicious_glaucoma/image/2032.jpg,Glaucoma,6,val,c38b652c539b7865
T3_LAG,/kaggle/input/datasets/rayeedaabir/lag-database-part1-uk/LAG_database_part1_UK/suspicious_glaucoma/image/2036.jpg,Glaucoma,6,train,943269cd1796786d
T3_LAG,/kaggle/input/datasets/rayeedaabir/lag-database-part1-uk/LAG_database_part1_UK/suspicious_glaucoma/image/2040.jpg,Glaucoma,6,train,91c3656c559bd364
T3_LAG,/kaggle/input/datasets/rayeedaabir/lag-database-part1-uk/LAG_database_part1_UK/suspicious_glaucoma/image/2045.jpg,Glaucoma,6,train,814a752ad5ba556d
T3_LAG,/kaggle/input/datasets/rayeedaabir/lag-database-part1-uk/LAG_database_part1_UK/suspicious_glaucoma/image/2049.jpg,Glaucoma,6,train,d3936c6c1193d764
T3_LAG,/kaggle/input/datasets/rayeedaabir/lag-database-part1-uk/LAG_database_part1_UK/suspicious_glaucoma/image/2051.jpg,Glaucoma,6,train,969669491796956d
T3_LAG,/kaggle/input/datasets/rayeedaabir/lag-database-part1-uk/LAG_database_part1_UK/suspicious_glaucoma/image/2054.jpg,Glaucoma,6,val,c1c3003f1c3e1ff3
T3_LAG,/kaggle/input/datasets/rayeedaabir/lag-database-part1-uk/LAG_database_part1_UK/suspicious_glaucoma/image/2057.jpg,Glaucoma,6,train,d1cb64661b996666
T3_LAG,/kaggle/input/datasets/rayeedaabir/lag-database-part1-uk/LAG_database_part1_UK/suspicious_glaucoma/image/2059.jpg,Glaucoma,6,train,d6936d6d12929a6c
T3_LAG,/kaggle/input/datasets/rayeedaabir/lag-database-part1-uk/LAG_database_part1_UK/suspicious_glaucoma/image/2064.jpg,Glaucoma,6,train,866f31f4ce8f3130
T3_LAG,/kaggle/input/datasets/rayeedaabir/lag-database-part1-uk/LAG_database_part1_UK/suspicious_glaucoma/image/2065.jpg,Glaucoma,6,train,c687b971cece1831
T3_LAG,/kaggle/input/datasets/rayeedaabir/lag-database-part1-uk/LAG_database_part1_UK/suspicious_glaucoma/image/2070.jpg,Glaucoma,6,train,953b565a35a5554a
T3_LAG,/kaggle/input/datasets/rayeedaabir/lag-database-part1-uk/LAG_database_part1_UK/suspicious_glaucoma/image/2072.jpg,Glaucoma,6,test,c0e01e1f05f1e0ff
T3_LAG,/kaggle/input/datasets/rayeedaabir/lag-database-part1-uk/LAG_database_part1_UK/suspicious_glaucoma/image/2075.jpg,Glaucoma,6,val,d6656d9212ec6996
T3_LAG,/kaggle/input/datasets/rayeedaabir/lag-database-part1-uk/LAG_database_part1_UK/suspicious_glaucoma/image/2087.jpg,Glaucoma,6,val,d1726c1b19fd6489
T3_LAG,/kaggle/input/datasets/rayeedaabir/lag-database-part1-uk/LAG_database_part1_UK/suspicious_glaucoma/image/2091.jpg,Glaucoma,6,test,c47b358d54a152dd
T3_LAG,/kaggle/input/datasets/rayeedaabir/lag-database-part1-uk/LAG_database_part1_UK/suspicious_glaucoma/image/2093.jpg,Glaucoma,6,test,c0373fc8e09e1fd0
T3_LAG,/kaggle/input/datasets/rayeedaabir/lag-database-part1-uk/LAG_database_part1_UK/suspicious_glaucoma/image/2094.jpg,Glaucoma,6,train,cc3e33eacc893266
T3_LAG,/kaggle/input/datasets/rayeedaabir/lag-database-part1-uk/LAG_database_part1_UK/suspicious_glaucoma/image/2100.jpg,Glaucoma,6,train,d52b54ca54a5d655
T3_LAG,/kaggle/input/datasets/rayeedaabir/lag-database-part1-uk/LAG_database_part1_UK/suspicious_glaucoma/image/2102.jpg,Glaucoma,6,val,d696694d12966a6d
T3_LAG,/kaggle/input/datasets/rayeedaabir/lag-database-part1-uk/LAG_database_part1_UK/suspicious_glaucoma/image/2104.jpg,Glaucoma,6,train,806903df2f603f37
T3_LAG,/kaggle/input/datasets/rayeedaabir/lag-database-part1-uk/LAG_database_part1_UK/suspicious_glaucoma/image/2108.jpg,Glaucoma,6,val,83c35c3c3ce7c3c2
T3_LAG,/kaggle/input/datasets/rayeedaabir/lag-database-part1-uk/LAG_database_part1_UK/suspicious_glaucoma/image/2115.jpg,Glaucoma,6,train,83c7003c0bc7c77f
T3_LAG,/kaggle/input/datasets/rayeedaabir/lag-database-part1-uk/LAG_database_part1_UK/suspicious_glaucoma/image/2116.jpg,Glaucoma,6,train,c1f03e1fe1e31e14
T3_LAG,/kaggle/input/datasets/rayeedaabir/lag-database-part1-uk/LAG_database_part1_UK/suspicious_glaucoma/image/2117.jpg,Glaucoma,6,val,96326d6d1692596d
T3_LAG,/kaggle/input/datasets/rayeedaabir/lag-database-part1-uk/LAG_database_part1_UK/suspicious_glaucoma/image/2119.jpg,Glaucoma,6,val,cedf307f44ce3030
T3_LAG,/kaggle/input/datasets/rayeedaabir/lag-database-part1-uk/LAG_database_part1_UK/suspicious_glaucoma/image/2122.jpg,Glaucoma,6,train,c1e33c3c78c3c39a
T3_LAG,/kaggle/input/datasets/rayeedaabir/lag-database-part1-uk/LAG_database_part1_UK/suspicious_glaucoma/image/2124.jpg,Glaucoma,6,train,d5b1552557d3442d
T3_LAG,/kaggle/input/datasets/rayeedaabir/lag-database-part1-uk/LAG_database_part1_UK/suspicious_glaucoma/image/2126.jpg,Glaucoma,6,test,957a4a85b54a4bba
T3_LAG,/kaggle/input/datasets/rayeedaabir/lag-database-part1-uk/LAG_database_part1_UK/suspicious_glaucoma/image/2127.jpg,Glaucoma,6,train,d8c627589e61693e
T3_LAG,/kaggle/input/datasets/rayeedaabir/lag-database-part1-uk/LAG_database_part1_UK/suspicious_glaucoma/image/2128.jpg,Glaucoma,6,train,95b552da75a5c44a
T3_LAG,/kaggle/input/datasets/rayeedaabir/lag-database-part1-uk/LAG_database_part1_UK/suspicious_glaucoma/image/2130.jpg,Glaucoma,6,train,915b6464999b5667
T3_LAG,/kaggle/input/datasets/rayeedaabir/lag-database-part1-uk/LAG_database_part1_UK/suspicious_glaucoma/image/2134.jpg,Glaucoma,6,train,8070031f2fe19f3f
T3_LAG,/kaggle/input/datasets/rayeedaabir/lag-database-part1-uk/LAG_database_part1_UK/suspicious_glaucoma/image/2135.jpg,Glaucoma,6,train,95e64dc35495496d
T3_LAG,/kaggle/input/datasets/rayeedaabir/lag-database-part1-uk/LAG_database_part1_UK/suspicious_glaucoma/image/2137.jpg,Glaucoma,6,train,952b552d5595d265
T3_LAG,/kaggle/input/datasets/rayeedaabir/lag-database-part1-uk/LAG_database_part1_UK/suspicious_glaucoma/image/2140.jpg,Glaucoma,6,train,c1e13e9e3c65c352
T3_LAG,/kaggle/input/datasets/rayeedaabir/lag-database-part1-uk/LAG_database_part1_UK/suspicious_glaucoma/image/2142.jpg,Glaucoma,6,train,93176d6c16926d6c
T3_LAG,/kaggle/input/datasets/rayeedaabir/lag-database-part1-uk/LAG_database_part1_UK/suspicious_glaucoma/image/2147.jpg,Glaucoma,6,train,803d247701d91dff
T3_LAG,/kaggle/input/datasets/rayeedaabir/lag-database-part1-uk/LAG_database_part1_UK/suspicious_glaucoma/image/2150.jpg,Glaucoma,6,train,9c2363cccc3373cc
T3_LAG,/kaggle/input/datasets/rayeedaabir/lag-database-part1-uk/LAG_database_part1_UK/suspicious_glaucoma/image/2153.jpg,Glaucoma,6,train,c6c6313912cecee9
T3_LAG,/kaggle/input/datasets/rayeedaabir/lag-database-part1-uk/LAG_database_part1_UK/suspicious_glaucoma/image/2154.jpg,Glaucoma,6,train,dc6277269a927932
T3_LAG,/kaggle/input/datasets/rayeedaabir/lag-database-part1-uk/LAG_database_part1_UK/suspicious_glaucoma/image/2156.jpg,Glaucoma,6,val,c3c33c3c1cc3c3b9
T3_LAG,/kaggle/input/datasets/rayeedaabir/lag-database-part1-uk/LAG_database_part1_UK/suspicious_glaucoma/image/2158.jpg,Glaucoma,6,train,998d657595d56464
T3_LAG,/kaggle/input/datasets/rayeedaabir/lag-database-part1-uk/LAG_database_part1_UK/suspicious_glaucoma/image/2176.jpg,Glaucoma,6,train,9537564adab54a4a
T3_LAG,/kaggle/input/datasets/rayeedaabir/lag-database-part1-uk/LAG_database_part1_UK/suspicious_glaucoma/image/2181.jpg,Glaucoma,6,test,d5e8509b15b5f24a
T3_LAG,/kaggle/input/datasets/rayeedaabir/lag-database-part1-uk/LAG_database_part1_UK/suspicious_glaucoma/image/2184.jpg,Glaucoma,6,train,93e1643cdb9b6464
T3_LAG,/kaggle/input/datasets/rayeedaabir/lag-database-part1-uk/LAG_database_part1_UK/suspicious_glaucoma/image/2187.jpg,Glaucoma,6,train,c0d13e3f61e1e11e
T3_LAG,/kaggle/input/datasets/rayeedaabir/lag-database-part1-uk/LAG_database_part1_UK/suspicious_glaucoma/image/2190.jpg,Glaucoma,6,train,d9d26466199b6723
T3_LAG,/kaggle/input/datasets/rayeedaabir/lag-database-part1-uk/LAG_database_part1_UK/suspicious_glaucoma/image/2205.jpg,Glaucoma,6,val,96396de496926969
T3_LAG,/kaggle/input/datasets/rayeedaabir/lag-database-part1-uk/LAG_database_part1_UK/suspicious_glaucoma/image/2207.jpg,Glaucoma,6,train,c0b33f4ee0e01e1f
T3_LAG,/kaggle/input/datasets/rayeedaabir/lag-database-part1-uk/LAG_database_part1_UK/suspicious_glaucoma/image/2213.jpg,Glaucoma,6,test,c05f03fc000f3cff
T3_LAG,/kaggle/input/datasets/rayeedaabir/lag-database-part1-uk/LAG_database_part1_UK/suspicious_glaucoma/image/2214.jpg,Glaucoma,6,train,950b7465539bda64
T3_LAG,/kaggle/input/datasets/rayeedaabir/lag-database-part1-uk/LAG_database_part1_UK/suspicious_glaucoma/image/2221.jpg,Glaucoma,6,train,d71b756452937264
T3_LAG,/kaggle/input/datasets/rayeedaabir/lag-database-part1-uk/LAG_database_part1_UK/suspicious_glaucoma/image/2225.jpg,Glaucoma,6,train,d4db452d56924a6d
T3_LAG,/kaggle/input/datasets/rayeedaabir/lag-database-part1-uk/LAG_database_part1_UK/suspicious_glaucoma/image/2227.jpg,Glaucoma,6,val,c121253e1e7e54e7
T3_LAG,/kaggle/input/datasets/rayeedaabir/lag-database-part1-uk/LAG_database_part1_UK/suspicious_glaucoma/image/2228.jpg,Glaucoma,6,train,c6e7313946cf2c38
T3_LAG,/kaggle/input/datasets/rayeedaabir/lag-database-part1-uk/LAG_database_part1_UK/suspicious_glaucoma/image/2234.jpg,Glaucoma,6,train,95ca5b94554a5ab5
T3_LAG,/kaggle/input/datasets/rayeedaabir/lag-database-part1-uk/LAG_database_part1_UK/suspicious_glaucoma/image/2237.jpg,Glaucoma,6,train,c14937373e3b3864
T3_LAG,/kaggle/input/datasets/rayeedaabir/lag-database-part1-uk/LAG_database_part1_UK/suspicious_glaucoma/image/2243.jpg,Glaucoma,6,train,d2866dcd359692cc
T3_LAG,/kaggle/input/datasets/rayeedaabir/lag-database-part1-uk/LAG_database_part1_UK/suspicious_glaucoma/image/2254.jpg,Glaucoma,6,val,c74e38b3c6cd2316
T3_LAG,/kaggle/input/datasets/rayeedaabir/lag-database-part1-uk/LAG_database_part1_UK/suspicious_glaucoma/image/2255.jpg,Glaucoma,6,val,950b5735554a5ab5
T3_LAG,/kaggle/input/datasets/rayeedaabir/lag-database-part1-uk/LAG_database_part1_UK/suspicious_glaucoma/image/2262.jpg,Glaucoma,6,train,c317383d42e7383d
T3_LAG,/kaggle/input/datasets/rayeedaabir/lag-database-part1-uk/LAG_database_part1_UK/suspicious_glaucoma/image/2275.jpg,Glaucoma,6,train,d536554d5a926a69
T3_LAG,/kaggle/input/datasets/rayeedaabir/lag-database-part1-uk/LAG_database_part1_UK/suspicious_glaucoma/image/2280.jpg,Glaucoma,6,val,c37e3c68c3c53c1c
T3_LAG,/kaggle/input/datasets/rayeedaabir/lag-database-part1-uk/LAG_database_part1_UK/suspicious_glaucoma/image/2283.jpg,Glaucoma,6,train,839f38e7003f01ef
T3_LAG,/kaggle/input/datasets/rayeedaabir/lag-database-part1-uk/LAG_database_part1_UK/suspicious_glaucoma/image/2284.jpg,Glaucoma,6,train,93c265ad5592d565
T3_LAG,/kaggle/input/datasets/rayeedaabir/lag-database-part1-uk/LAG_database_part1_UK/suspicious_glaucoma/image/2288.jpg,Glaucoma,6,val,96926d6d1696926d
T3_LAG,/kaggle/input/datasets/rayeedaabir/lag-database-part1-uk/LAG_database_part1_UK/suspicious_glaucoma/image/2296.jpg,Glaucoma,6,test,d264696a93966c6b
T3_LAG,/kaggle/input/datasets/rayeedaabir/lag-database-part1-uk/LAG_database_part1_UK/suspicious_glaucoma/image/2300.jpg,Glaucoma,6,val,d21165549c517bdd
T3_LAG,/kaggle/input/datasets/rayeedaabir/lag-database-part1-uk/LAG_database_part1_UK/suspicious_glaucoma/image/2303.jpg,Glaucoma,6,val,d56637c95c8262dc
T3_LAG,/kaggle/input/datasets/rayeedaabir/lag-database-part1-uk/LAG_database_part1_UK/suspicious_glaucoma/image/2310.jpg,Glaucoma,6,train,91136c6e33995c7a
T3_LAG,/kaggle/input/datasets/rayeedaabir/lag-database-part1-uk/LAG_database_part1_UK/suspicious_glaucoma/image/2321.jpg,Glaucoma,6,train,c7c73838c6c63939
T3_LAG,/kaggle/input/datasets/rayeedaabir/lag-database-part1-uk/LAG_database_part1_UK/suspicious_glaucoma/image/2324.jpg,Glaucoma,6,train,807f04ff01f1073f
T3_LAG,/kaggle/input/datasets/rayeedaabir/lag-database-part1-uk/LAG_database_part1_UK/suspicious_glaucoma/image/2328.jpg,Glaucoma,6,val,dd157551dc7530d0
T3_LAG,/kaggle/input/datasets/rayeedaabir/lag-database-part1-uk/LAG_database_part1_UK/suspicious_glaucoma/image/2335.jpg,Glaucoma,6,train,953956d635a9554a
T3_LAG,/kaggle/input/datasets/rayeedaabir/lag-database-part1-uk/LAG_database_part1_UK/suspicious_glaucoma/image/2336.jpg,Glaucoma,6,train,99fd643459d96464
T3_LAG,/kaggle/input/datasets/rayeedaabir/lag-database-part1-uk/LAG_database_part1_UK/suspicious_glaucoma/image/2341.jpg,Glaucoma,6,train,d25f207d00eec6f8
T3_LAG,/kaggle/input/datasets/rayeedaabir/lag-database-part1-uk/LAG_database_part1_UK/suspicious_glaucoma/image/2343.jpg,Glaucoma,6,train,c47f008f64ff030f
T3_LAG,/kaggle/input/datasets/rayeedaabir/lag-database-part1-uk/LAG_database_part1_UK/suspicious_glaucoma/image/2345.jpg,Glaucoma,6,val,95e9753555916465
T3_LAG,/kaggle/input/datasets/rayeedaabir/lag-database-part1-uk/LAG_database_part1_UK/suspicious_glaucoma/image/2346.jpg,Glaucoma,6,train,c43f317304de2177
T3_LAG,/kaggle/input/datasets/rayeedaabir/lag-database-part1-uk/LAG_database_part1_UK/suspicious_glaucoma/image/2348.jpg,Glaucoma,6,val,c33a3cc3c3383cc7
T3_LAG,/kaggle/input/datasets/rayeedaabir/lag-database-part1-uk/LAG_database_part1_UK/suspicious_glaucoma/image/2349.jpg,Glaucoma,6,test,d3ec64cf93656411
T3_LAG,/kaggle/input/datasets/rayeedaabir/lag-database-part1-uk/LAG_database_part1_UK/suspicious_glaucoma/image/2350.jpg,Glaucoma,6,train,95ea545a15ad565a
T3_LAG,/kaggle/input/datasets/rayeedaabir/lag-database-part1-uk/LAG_database_part1_UK/suspicious_glaucoma/image/2351.jpg,Glaucoma,6,train,d1cb6564159b7564
T3_LAG,/kaggle/input/datasets/rayeedaabir/lag-database-part1-uk/LAG_database_part1_UK/suspicious_glaucoma/image/2352.jpg,Glaucoma,6,test,809f1764607f0ff8
T3_LAG,/kaggle/input/datasets/rayeedaabir/lag-database-part1-uk/LAG_database_part1_UK/suspicious_glaucoma/image/2355.jpg,Glaucoma,6,train,94e5653556956a4d
T3_LAG,/kaggle/input/datasets/rayeedaabir/lag-database-part1-uk/LAG_database_part1_UK/suspicious_glaucoma/image/2356.jpg,Glaucoma,6,train,94ca553ad6cd6a94
T3_LAG,/kaggle/input/datasets/rayeedaabir/lag-database-part1-uk/LAG_database_part1_UK/suspicious_glaucoma/image/2360.jpg,Glaucoma,6,train,c35f307903e7187c
T3_LAG,/kaggle/input/datasets/rayeedaabir/lag-database-part1-uk/LAG_database_part1_UK/suspicious_glaucoma/image/2362.jpg,Glaucoma,6,train,c6df303900c7c6fc
T3_LAG,/kaggle/input/datasets/rayeedaabir/lag-database-part1-uk/LAG_database_part1_UK/suspicious_glaucoma/image/2363.jpg,Glaucoma,6,train,87f838c7c73c38c2
T3_LAG,/kaggle/input/datasets/rayeedaabir/lag-database-part1-uk/LAG_database_part1_UK/suspicious_glaucoma/image/2366.jpg,Glaucoma,6,test,c0e33fbe60e1381e
T3_LAG,/kaggle/input/datasets/rayeedaabir/lag-database-part1-uk/LAG_database_part1_UK/suspicious_glaucoma/image/2367.jpg,Glaucoma,6,train,956a4bb5954955aa
T3_LAG,/kaggle/input/datasets/rayeedaabir/lag-database-part1-uk/LAG_database_part1_UK/suspicious_glaucoma/image/2369.jpg,Glaucoma,6,train,ccdc333350d84a77
T3_LAG,/kaggle/input/datasets/rayeedaabir/lag-database-part1-uk/LAG_database_part1_UK/suspicious_glaucoma/image/2371.jpg,Glaucoma,6,train,cc0f3333ccc9362e
T3_LAG,/kaggle/input/datasets/rayeedaabir/lag-database-part1-uk/LAG_database_part1_UK/suspicious_glaucoma/image/2373.jpg,Glaucoma,6,train,d19d6e262c9b9961
T3_LAG,/kaggle/input/datasets/rayeedaabir/lag-database-part1-uk/LAG_database_part1_UK/suspicious_glaucoma/image/2376.jpg,Glaucoma,6,train,84c23033c6cf397f
T3_LAG,/kaggle/input/datasets/rayeedaabir/lag-database-part1-uk/LAG_database_part1_UK/suspicious_glaucoma/image/2377.jpg,Glaucoma,6,val,c1633c1e88e3c33f
T3_LAG,/kaggle/input/datasets/rayeedaabir/lag-database-part1-uk/LAG_database_part1_UK/suspicious_glaucoma/image/2395.jpg,Glaucoma,6,train,c1e304be43e3373c
T3_LAG,/kaggle/input/datasets/rayeedaabir/lag-database-part1-uk/LAG_database_part1_UK/suspicious_glaucoma/image/2397.jpg,Glaucoma,6,train,c437119f64ff010f
T3_LAG,/kaggle/input/datasets/rayeedaabir/lag-database-part1-uk/LAG_database_part1_UK/suspicious_glaucoma/image/2400.jpg,Glaucoma,6,train,810275f6559b556e
T3_LAG,/kaggle/input/datasets/rayeedaabir/lag-database-part1-uk/LAG_database_part1_UK/suspicious_glaucoma/image/2403.jpg,Glaucoma,6,train,c03f3fcce0ac1e43
T3_LAG,/kaggle/input/datasets/rayeedaabir/lag-database-part1-uk/LAG_database_part1_UK/suspicious_glaucoma/image/2405.jpg,Glaucoma,6,train,c1c3307e0c3f23e7
T3_LAG,/kaggle/input/datasets/rayeedaabir/lag-database-part1-uk/LAG_database_part1_UK/suspicious_glaucoma/image/2413.jpg,Glaucoma,6,train,992b669999a66399
T3_LAG,/kaggle/input/datasets/rayeedaabir/lag-database-part1-uk/LAG_database_part1_UK/suspicious_glaucoma/image/2424.jpg,Glaucoma,6,train,ccff30f806ce3330
T3_LAG,/kaggle/input/datasets/rayeedaabir/lag-database-part1-uk/LAG_database_part1_UK/suspicious_glaucoma/image/2425.jpg,Glaucoma,6,test,9593656d5693526c
T3_LAG,/kaggle/input/datasets/rayeedaabir/lag-database-part1-uk/LAG_database_part1_UK/suspicious_glaucoma/image/2428.jpg,Glaucoma,6,train,d42e33314c9c3377
T3_LAG,/kaggle/input/datasets/rayeedaabir/lag-database-part1-uk/LAG_database_part1_UK/suspicious_glaucoma/image/2429.jpg,Glaucoma,6,train,8087031f0fe33f1f
T3_LAG,/kaggle/input/datasets/rayeedaabir/lag-database-part1-uk/LAG_database_part1_UK/suspicious_glaucoma/image/2431.jpg,Glaucoma,6,train,81c7382f623f057b
T3_LAG,/kaggle/input/datasets/rayeedaabir/lag-database-part1-uk/LAG_database_part1_UK/suspicious_glaucoma/image/2438.jpg,Glaucoma,6,train,c03c3ed3e12c1ed3
T3_LAG,/kaggle/input/datasets/rayeedaabir/lag-database-part1-uk/LAG_database_part1_UK/suspicious_glaucoma/image/2442.jpg,Glaucoma,6,train,803e03fd0fd01f79
T3_LAG,/kaggle/input/datasets/rayeedaabir/lag-database-part1-uk/LAG_database_part1_UK/suspicious_glaucoma/image/2443.jpg,Glaucoma,6,val,c1cb3cbe01e3817e
T3_LAG,/kaggle/input/datasets/rayeedaabir/lag-database-part1-uk/LAG_database_part1_UK/suspicious_glaucoma/image/2445.jpg,Glaucoma,6,train,cd33362659896763
T3_LAG,/kaggle/input/datasets/rayeedaabir/lag-database-part1-uk/LAG_database_part1_UK/suspicious_glaucoma/image/2460.jpg,Glaucoma,6,test,80c3003e1f7be7e3
T3_LAG,/kaggle/input/datasets/rayeedaabir/lag-database-part1-uk/LAG_database_part1_UK/suspicious_glaucoma/image/2473.jpg,Glaucoma,6,train,996f60f700dd0177
T3_LAG,/kaggle/input/datasets/rayeedaabir/lag-database-part1-uk/LAG_database_part1_UK/suspicious_glaucoma/image/2484.jpg,Glaucoma,6,train,94926d695795b265
T3_LAG,/kaggle/input/datasets/rayeedaabir/lag-database-part1-uk/LAG_database_part1_UK/suspicious_glaucoma/image/2486.jpg,Glaucoma,6,train,d3cb642d93996465
T3_LAG,/kaggle/input/datasets/rayeedaabir/lag-database-part1-uk/LAG_database_part1_UK/suspicious_glaucoma/image/2489.jpg,Glaucoma,6,val,959b556456999a99
T3_LAG,/kaggle/input/datasets/rayeedaabir/lag-database-part1-uk/LAG_database_part1_UK/suspicious_glaucoma/image/2494.jpg,Glaucoma,6,train,c0bf213b00cf867f
T3_LAG,/kaggle/input/datasets/rayeedaabir/lag-database-part1-uk/LAG_database_part1_UK/suspicious_glaucoma/image/2495.jpg,Glaucoma,6,train,d6687de8d492452d
T3_LAG,/kaggle/input/datasets/rayeedaabir/lag-database-part1-uk/LAG_database_part1_UK/suspicious_glaucoma/image/2499.jpg,Glaucoma,6,train,c7be38cfc33838c0
T3_LAG,/kaggle/input/datasets/rayeedaabir/lag-database-part1-uk/LAG_database_part1_UK/suspicious_glaucoma/image/2500.jpg,Glaucoma,6,train,c03f037f60fd030f
T3_LAG,/kaggle/input/datasets/rayeedaabir/lag-database-part1-uk/LAG_database_part1_UK/suspicious_glaucoma/image/2503.jpg,Glaucoma,6,train,9595696915965d6a
T3_LAG,/kaggle/input/datasets/rayeedaabir/lag-database-part1-uk/LAG_database_part1_UK/suspicious_glaucoma/image/2504.jpg,Glaucoma,6,train,c0671b9f60f8071f
T3_LAG,/kaggle/input/datasets/rayeedaabir/lag-database-part1-uk/LAG_database_part1_UK/suspicious_glaucoma/image/2506.jpg,Glaucoma,6,train,c3c73c3c43c3173c
T3_LAG,/kaggle/input/datasets/rayeedaabir/lag-database-part1-uk/LAG_database_part1_UK/suspicious_glaucoma/image/2507.jpg,Glaucoma,6,train,9aba2c64939b6d64
T3_LAG,/kaggle/input/datasets/rayeedaabir/lag-database-part1-uk/LAG_database_part1_UK/suspicious_glaucoma/image/2508.jpg,Glaucoma,6,train,8157341c4be3c73b
T3_LAG,/kaggle/input/datasets/rayeedaabir/lag-database-part1-uk/LAG_database_part1_UK/suspicious_glaucoma/image/2509.jpg,Glaucoma,6,train,95b57a1a25954b4b
T3_LAG,/kaggle/input/datasets/rayeedaabir/lag-database-part1-uk/LAG_database_part1_UK/suspicious_glaucoma/image/2515.jpg,Glaucoma,6,val,d2866d32926d6d93
T3_LAG,/kaggle/input/datasets/rayeedaabir/lag-database-part1-uk/LAG_database_part1_UK/suspicious_glaucoma/image/2517.jpg,Glaucoma,6,train,941a656ed59d5562
T3_LAG,/kaggle/input/datasets/rayeedaabir/lag-database-part1-uk/LAG_database_part1_UK/suspicious_glaucoma/image/2518.jpg,Glaucoma,6,test,939b656c55939295
T3_LAG,/kaggle/input/datasets/rayeedaabir/lag-database-part1-uk/LAG_database_part1_UK/suspicious_glaucoma/image/2520.jpg,Glaucoma,6,train,d43633b74ccc2273
T3_LAG,/kaggle/input/datasets/rayeedaabir/lag-database-part1-uk/LAG_database_part1_UK/suspicious_glaucoma/image/2521.jpg,Glaucoma,6,val,c99d666699993362
T3_LAG,/kaggle/input/datasets/rayeedaabir/lag-database-part1-uk/LAG_database_part1_UK/suspicious_glaucoma/image/2523.jpg,Glaucoma,6,train,d564749955645b99
T3_LAG,/kaggle/input/datasets/rayeedaabir/lag-database-part1-uk/LAG_database_part1_UK/suspicious_glaucoma/image/2525.jpg,Glaucoma,6,train,c36f38bcc3c31839
T3_LAG,/kaggle/input/datasets/rayeedaabir/lag-database-part1-uk/LAG_database_part1_UK/suspicious_glaucoma/image/2528.jpg,Glaucoma,6,train,91e26d3a51cd6533
T3_LAG,/kaggle/input/datasets/rayeedaabir/lag-database-part1-uk/LAG_database_part1_UK/suspicious_glaucoma/image/2531.jpg,Glaucoma,6,train,919364659bd36665
T3_LAG,/kaggle/input/datasets/rayeedaabir/lag-database-part1-uk/LAG_database_part1_UK/suspicious_glaucoma/image/2535.jpg,Glaucoma,6,val,c54a4b3d15ea4db4
T3_LAG,/kaggle/input/datasets/rayeedaabir/lag-database-part1-uk/LAG_database_part1_UK/suspicious_glaucoma/image/2539.jpg,Glaucoma,6,test,dd26329d4cc93653
T3_LAG,/kaggle/input/datasets/rayeedaabir/lag-database-part1-uk/LAG_database_part1_UK/suspicious_glaucoma/image/2542.jpg,Glaucoma,6,train,c1bf10fc43e7183c
T3_LAG,/kaggle/input/datasets/rayeedaabir/lag-database-part1-uk/LAG_database_part1_UK/suspicious_glaucoma/image/2553.jpg,Glaucoma,6,test,c7423c37c3cc3e23
T3_LAG,/kaggle/input/datasets/rayeedaabir/lag-database-part1-uk/LAG_database_part1_UK/suspicious_glaucoma/image/2559.jpg,Glaucoma,6,train,c73b3c44c3b838c7
T3_LAG,/kaggle/input/datasets/rayeedaabir/lag-database-part1-uk/LAG_database_part1_UK/suspicious_glaucoma/image/2560.jpg,Glaucoma,6,train,c3673c3c01c7c33d
T3_LAG,/kaggle/input/datasets/rayeedaabir/lag-database-part1-uk/LAG_database_part1_UK/suspicious_glaucoma/image/2562.jpg,Glaucoma,6,train,c7c7303838c6c7c7
T3_LAG,/kaggle/input/datasets/rayeedaabir/lag-database-part1-uk/LAG_database_part1_UK/suspicious_glaucoma/image/2568.jpg,Glaucoma,6,test,c3c73c3c18c3c7cc
T3_LAG,/kaggle/input/datasets/rayeedaabir/lag-database-part1-uk/LAG_database_part1_UK/suspicious_glaucoma/image/2571.jpg,Glaucoma,6,val,8ccc333333cccccd
T3_LAG,/kaggle/input/datasets/rayeedaabir/lag-database-part1-uk/LAG_database_part1_UK/suspicious_glaucoma/image/2582.jpg,Glaucoma,6,val,d392656d1393d06d
T3_LAG,/kaggle/input/datasets/rayeedaabir/lag-database-part1-uk/LAG_database_part1_UK/suspicious_glaucoma/image/2588.jpg,Glaucoma,6,val,c00b1fe1f13f0c57
T3_LAG,/kaggle/input/datasets/rayeedaabir/lag-database-part1-uk/LAG_database_part1_UK/suspicious_glaucoma/image/2589.jpg,Glaucoma,6,train,c83f62c618cf2277
T3_LAG,/kaggle/input/datasets/rayeedaabir/lag-database-part1-uk/LAG_database_part1_UK/suspicious_glaucoma/image/2596.jpg,Glaucoma,6,train,8f56352a55ea5529
T3_LAG,/kaggle/input/datasets/rayeedaabir/lag-database-part1-uk/LAG_database_part1_UK/suspicious_glaucoma/image/2597.jpg,Glaucoma,6,val,c0951f3760e81f1f
T3_LAG,/kaggle/input/datasets/rayeedaabir/lag-database-part1-uk/LAG_database_part1_UK/suspicious_glaucoma/image/2598.jpg,Glaucoma,6,val,c0473f78f0250fe3
T3_LAG,/kaggle/input/datasets/rayeedaabir/lag-database-part1-uk/LAG_database_part1_UK/suspicious_glaucoma/image/2599.jpg,Glaucoma,6,test,956a65bf54a54a29
T3_LAG,/kaggle/input/datasets/rayeedaabir/lag-database-part1-uk/LAG_database_part1_UK/suspicious_glaucoma/image/2605.jpg,Glaucoma,6,val,86cf3139c6ce3331
T3_LAG,/kaggle/input/datasets/rayeedaabir/lag-database-part1-uk/LAG_database_part1_UK/suspicious_glaucoma/image/2608.jpg,Glaucoma,6,train,d59b75651293606d
T3_LAG,/kaggle/input/datasets/rayeedaabir/lag-database-part1-uk/LAG_database_part1_UK/suspicious_glaucoma/image/2612.jpg,Glaucoma,6,train,933924679b996666
T3_LAG,/kaggle/input/datasets/rayeedaabir/lag-database-part1-uk/LAG_database_part1_UK/suspicious_glaucoma/image/2614.jpg,Glaucoma,6,train,923b6d2c6192d36e
T3_LAG,/kaggle/input/datasets/rayeedaabir/lag-database-part1-uk/LAG_database_part1_UK/suspicious_glaucoma/image/2616.jpg,Glaucoma,6,train,916e6e91916c6e93
T3_LAG,/kaggle/input/datasets/rayeedaabir/lag-database-part1-uk/LAG_database_part1_UK/suspicious_glaucoma/image/2620.jpg,Glaucoma,6,val,d5345aca52b56a4b
T3_LAG,/kaggle/input/datasets/rayeedaabir/lag-database-part1-uk/LAG_database_part1_UK/suspicious_glaucoma/image/2621.jpg,Glaucoma,6,train,d9e0669d9934668d
T3_LAG,/kaggle/input/datasets/rayeedaabir/lag-database-part1-uk/LAG_database_part1_UK/suspicious_glaucoma/image/2626.jpg,Glaucoma,6,val,97c8753552926e6c
T3_LAG,/kaggle/input/datasets/rayeedaabir/lag-database-part1-uk/LAG_database_part1_UK/suspicious_glaucoma/image/2628.jpg,Glaucoma,6,val,878f3038c7c78f38
T3_LAG,/kaggle/input/datasets/rayeedaabir/lag-database-part1-uk/LAG_database_part1_UK/suspicious_glaucoma/image/2638.jpg,Glaucoma,6,train,816b3677089d233f
T3_LAG,/kaggle/input/datasets/rayeedaabir/lag-database-part1-uk/LAG_database_part1_UK/suspicious_glaucoma/image/2639.jpg,Glaucoma,6,test,c3cf203003cf8fbb
T3_LAG,/kaggle/input/datasets/rayeedaabir/lag-database-part1-uk/LAG_database_part1_UK/suspicious_glaucoma/image/2643.jpg,Glaucoma,6,test,c0780f1ff0f0271f
T3_LAG,/kaggle/input/datasets/rayeedaabir/lag-database-part1-uk/LAG_database_part1_UK/suspicious_glaucoma/image/2651.jpg,Glaucoma,6,train,956a55bb55a59225
T3_LAG,/kaggle/input/datasets/rayeedaabir/lag-database-part1-uk/LAG_database_part1_UK/suspicious_glaucoma/image/2657.jpg,Glaucoma,6,train,c1611e1ef1c3e3b8
T3_LAG,/kaggle/input/datasets/rayeedaabir/lag-database-part1-uk/LAG_database_part1_UK/suspicious_glaucoma/image/2659.jpg,Glaucoma,6,train,94b5233750dc3373
T3_LAG,/kaggle/input/datasets/rayeedaabir/lag-database-part1-uk/LAG_database_part1_UK/suspicious_glaucoma/image/2674.jpg,Glaucoma,6,test,c65730bdc4ef1039
T3_LAG,/kaggle/input/datasets/rayeedaabir/lag-database-part1-uk/LAG_database_part1_UK/suspicious_glaucoma/image/2683.jpg,Glaucoma,6,train,c7913878e6e71c38
T3_LAG,/kaggle/input/datasets/rayeedaabir/lag-database-part1-uk/LAG_database_part1_UK/suspicious_glaucoma/image/2686.jpg,Glaucoma,6,train,c7f0349747e7103c
T3_LAG,/kaggle/input/datasets/rayeedaabir/lag-database-part1-uk/LAG_database_part1_UK/suspicious_glaucoma/image/2693.jpg,Glaucoma,6,train,88bf267601d91577
T3_LAG,/kaggle/input/datasets/rayeedaabir/lag-database-part1-uk/LAG_database_part1_UK/suspicious_glaucoma/image/2695.jpg,Glaucoma,6,train,916b7564559b5526
T3_LAG,/kaggle/input/datasets/rayeedaabir/lag-database-part1-uk/LAG_database_part1_UK/suspicious_glaucoma/image/2709.jpg,Glaucoma,6,train,d155646513d76565
T3_LAG,/kaggle/input/datasets/rayeedaabir/lag-database-part1-uk/LAG_database_part1_UK/suspicious_glaucoma/image/2713.jpg,Glaucoma,6,train,817b157251cd5567
T3_LAG,/kaggle/input/datasets/rayeedaabir/lag-database-part1-uk/LAG_database_part1_UK/suspicious_glaucoma/image/2716.jpg,Glaucoma,6,train,d5733c897588754a
T3_LAG,/kaggle/input/datasets/rayeedaabir/lag-database-part1-uk/LAG_database_part1_UK/suspicious_glaucoma/image/2719.jpg,Glaucoma,6,train,d5b54b4a1db5b448
T3_LAG,/kaggle/input/datasets/rayeedaabir/lag-database-part1-uk/LAG_database_part1_UK/suspicious_glaucoma/image/2722.jpg,Glaucoma,6,train,972a6d2c57927469
T3_LAG,/kaggle/input/datasets/rayeedaabir/lag-database-part1-uk/LAG_database_part1_UK/suspicious_glaucoma/image/2726.jpg,Glaucoma,6,train,801f6d6817b4756b
T3_LAG,/kaggle/input/datasets/rayeedaabir/lag-database-part1-uk/LAG_database_part1_UK/suspicious_glaucoma/image/2729.jpg,Glaucoma,6,train,81e13e1ee3e81e4d
T3_LAG,/kaggle/input/datasets/rayeedaabir/lag-database-part1-uk/LAG_database_part1_UK/suspicious_glaucoma/image/2735.jpg,Glaucoma,6,train,942975e996b56a49
T3_LAG,/kaggle/input/datasets/rayeedaabir/lag-database-part1-uk/LAG_database_part1_UK/suspicious_glaucoma/image/2736.jpg,Glaucoma,6,train,d92e27c3982927da
T3_LAG,/kaggle/input/datasets/rayeedaabir/lag-database-part1-uk/LAG_database_part1_UK/suspicious_glaucoma/image/2742.jpg,Glaucoma,6,train,c16334be45e3813f
T3_LAG,/kaggle/input/datasets/rayeedaabir/lag-database-part1-uk/LAG_database_part1_UK/suspicious_glaucoma/image/2745.jpg,Glaucoma,6,train,81b7107cc3c71f78
T3_LAG,/kaggle/input/datasets/rayeedaabir/lag-database-part1-uk/LAG_database_part1_UK/suspicious_glaucoma/image/2750.jpg,Glaucoma,6,train,d52f55a057f4640b
T3_LAG,/kaggle/input/datasets/rayeedaabir/lag-database-part1-uk/LAG_database_part1_UK/suspicious_glaucoma/image/2754.jpg,Glaucoma,6,train,9393656d9393646c
T3_LAG,/kaggle/input/datasets/rayeedaabir/lag-database-part1-uk/LAG_database_part1_UK/suspicious_glaucoma/image/2768.jpg,Glaucoma,6,val,c7673838c7c4661b
T3_LAG,/kaggle/input/datasets/rayeedaabir/lag-database-part1-uk/LAG_database_part1_UK/suspicious_glaucoma/image/2774.jpg,Glaucoma,6,train,c3f73c5ac3c13c18
T3_LAG,/kaggle/input/datasets/rayeedaabir/lag-database-part1-uk/LAG_database_part1_UK/suspicious_glaucoma/image/2783.jpg,Glaucoma,6,test,c52a6a9796686b95
T3_LAG,/kaggle/input/datasets/rayeedaabir/lag-database-part1-uk/LAG_database_part1_UK/suspicious_glaucoma/image/2784.jpg,Glaucoma,6,test,912a75ed53956465
T3_LAG,/kaggle/input/datasets/rayeedaabir/lag-database-part1-uk/LAG_database_part1_UK/suspicious_glaucoma/image/2788.jpg,Glaucoma,6,val,d6926d651692716d
T3_LAG,/kaggle/input/datasets/rayeedaabir/lag-database-part1-uk/LAG_database_part1_UK/suspicious_glaucoma/image/2791.jpg,Glaucoma,6,test,80e00f1f6fe01f1f
T3_LAG,/kaggle/input/datasets/rayeedaabir/lag-database-part1-uk/LAG_database_part1_UK/suspicious_glaucoma/image/2795.jpg,Glaucoma,6,val,970a656c5792556d
T3_LAG,/kaggle/input/datasets/rayeedaabir/lag-database-part1-uk/LAG_database_part1_UK/suspicious_glaucoma/image/2796.jpg,Glaucoma,6,train,d3996d6d12966165
T3_LAG,/kaggle/input/datasets/rayeedaabir/lag-database-part1-uk/LAG_database_part1_UK/suspicious_glaucoma/image/2798.jpg,Glaucoma,6,test,93936c6c9393556c
T3_LAG,/kaggle/input/datasets/rayeedaabir/lag-database-part1-uk/LAG_database_part1_UK/suspicious_glaucoma/image/2820.jpg,Glaucoma,6,test,c0a31e1ee3e1391f
T3_LAG,/kaggle/input/datasets/rayeedaabir/lag-database-part1-uk/LAG_database_part1_UK/suspicious_glaucoma/image/2823.jpg,Glaucoma,6,train,c1e13e3c43e3a33c
T3_LAG,/kaggle/input/datasets/rayeedaabir/lag-database-part1-uk/LAG_database_part1_UK/suspicious_glaucoma/image/2824.jpg,Glaucoma,6,train,d6ee69f016096596
T3_LAG,/kaggle/input/datasets/rayeedaabir/lag-database-part1-uk/LAG_database_part1_UK/suspicious_glaucoma/image/2826.jpg,Glaucoma,6,train,c75f30fd42e60439
T3_LAG,/kaggle/input/datasets/rayeedaabir/lag-database-part1-uk/LAG_database_part1_UK/suspicious_glaucoma/image/2831.jpg,Glaucoma,6,train,949f52764ac24a7e
T3_LAG,/kaggle/input/datasets/rayeedaabir/lag-database-part1-uk/LAG_database_part1_UK/suspicious_glaucoma/image/2835.jpg,Glaucoma,6,train,95b5554b4b4a15b5
T3_LAG,/kaggle/input/datasets/rayeedaabir/lag-database-part1-uk/LAG_database_part1_UK/suspicious_glaucoma/image/2836.jpg,Glaucoma,6,val,873b38d6c7ad3848
T3_LAG,/kaggle/input/datasets/rayeedaabir/lag-database-part1-uk/LAG_database_part1_UK/suspicious_glaucoma/image/2837.jpg,Glaucoma,6,train,84ff233300cc8f3f
T3_LAG,/kaggle/input/datasets/rayeedaabir/lag-database-part1-uk/LAG_database_part1_UK/suspicious_glaucoma/image/2839.jpg,Glaucoma,6,test,d11976665199d966
T3_LAG,/kaggle/input/datasets/rayeedaabir/lag-database-part1-uk/LAG_database_part1_UK/suspicious_glaucoma/image/2840.jpg,Glaucoma,6,test,d3d165dc93e0641b
T3_LAG,/kaggle/input/datasets/rayeedaabir/lag-database-part1-uk/LAG_database_part1_UK/suspicious_glaucoma/image/2843.jpg,Glaucoma,6,train,c7c73038307ec7c6
T3_LAG,/kaggle/input/datasets/rayeedaabir/lag-database-part1-uk/LAG_database_part1_UK/suspicious_glaucoma/image/2844.jpg,Glaucoma,6,train,c2ff383c82c3233e
T3_LAG,/kaggle/input/datasets/rayeedaabir/lag-database-part1-uk/LAG_database_part1_UK/suspicious_glaucoma/image/2848.jpg,Glaucoma,6,val,d5355aca36b44a4b
T3_LAG,/kaggle/input/datasets/rayeedaabir/lag-database-part1-uk/LAG_database_part1_UK/suspicious_glaucoma/image/2851.jpg,Glaucoma,6,val,c03f026f00df0ffc
T3_LAG,/kaggle/input/datasets/rayeedaabir/lag-database-part1-uk/LAG_database_part1_UK/suspicious_glaucoma/image/2852.jpg,Glaucoma,6,train,d19b75645493da91
T3_LAG,/kaggle/input/datasets/rayeedaabir/lag-database-part1-uk/LAG_database_part1_UK/suspicious_glaucoma/image/2854.jpg,Glaucoma,6,train,9449553a56694fb6
T3_LAG,/kaggle/input/datasets/rayeedaabir/lag-database-part1-uk/LAG_database_part1_UK/suspicious_glaucoma/image/2855.jpg,Glaucoma,6,train,c078071f07f0f1f9
T3_LAG,/kaggle/input/datasets/rayeedaabir/lag-database-part1-uk/LAG_database_part1_UK/suspicious_glaucoma/image/2862.jpg,Glaucoma,6,train,83e8385fc38b3c72
T3_LAG,/kaggle/input/datasets/rayeedaabir/lag-database-part1-uk/LAG_database_part1_UK/suspicious_glaucoma/image/2869.jpg,Glaucoma,6,train,d66a698695ea4e29
T3_LAG,/kaggle/input/datasets/rayeedaabir/lag-database-part1-uk/LAG_database_part1_UK/suspicious_glaucoma/image/2879.jpg,Glaucoma,6,test,937e65ce91b25509
T3_LAG,/kaggle/input/datasets/rayeedaabir/lag-database-part1-uk/LAG_database_part1_UK/suspicious_glaucoma/image/2881.jpg,Glaucoma,6,train,91bb646459997267
T3_LAG,/kaggle/input/datasets/rayeedaabir/lag-database-part1-uk/LAG_database_part1_UK/suspicious_glaucoma/image/2882.jpg,Glaucoma,6,train,c6783939c6c831e7
T3_LAG,/kaggle/input/datasets/rayeedaabir/lag-database-part1-uk/LAG_database_part1_UK/suspicious_glaucoma/image/2890.jpg,Glaucoma,6,train,d7ca6524939b642d
T3_LAG,/kaggle/input/datasets/rayeedaabir/lag-database-part1-uk/LAG_database_part1_UK/suspicious_glaucoma/image/2902.jpg,Glaucoma,6,train,c18977661d9d5833
T3_LAG,/kaggle/input/datasets/rayeedaabir/lag-database-part1-uk/LAG_database_part1_UK/suspicious_glaucoma/image/2908.jpg,Glaucoma,6,train,95b2696b55b45549
T3_LAG,/kaggle/input/datasets/rayeedaabir/lag-database-part1-uk/LAG_database_part1_UK/suspicious_glaucoma/image/2918.jpg,Glaucoma,6,train,84a739394bccb671
T3_LAG,/kaggle/input/datasets/rayeedaabir/lag-database-part1-uk/LAG_database_part1_UK/suspicious_glaucoma/image/2924.jpg,Glaucoma,6,train,d5d5746651996664
T3_LAG,/kaggle/input/datasets/rayeedaabir/lag-database-part1-uk/LAG_database_part1_UK/suspicious_glaucoma/image/2930.jpg,Glaucoma,6,train,c1c33c1ce3e33c39
T3_LAG,/kaggle/input/datasets/rayeedaabir/lag-database-part1-uk/LAG_database_part1_UK/suspicious_glaucoma/image/2931.jpg,Glaucoma,6,train,d19b746464919b9b
T3_LAG,/kaggle/input/datasets/rayeedaabir/lag-database-part1-uk/LAG_database_part1_UK/suspicious_glaucoma/image/2938.jpg,Glaucoma,6,test,96c2692d96966d69
T3_LAG,/kaggle/input/datasets/rayeedaabir/lag-database-part1-uk/LAG_database_part1_UK/suspicious_glaucoma/image/2940.jpg,Glaucoma,6,train,d19b7464449bdac5
T3_LAG,/kaggle/input/datasets/rayeedaabir/lag-database-part1-uk/LAG_database_part1_UK/suspicious_glaucoma/image/2942.jpg,Glaucoma,6,train,94276f90926d6c9b
T3_LAG,/kaggle/input/datasets/rayeedaabir/lag-database-part1-uk/LAG_database_part1_UK/suspicious_glaucoma/image/2949.jpg,Glaucoma,6,train,d09f17f0501f54f8
T3_LAG,/kaggle/input/datasets/rayeedaabir/lag-database-part1-uk/LAG_database_part1_UK/suspicious_glaucoma/image/2950.jpg,Glaucoma,6,train,8087007f039f3f7d
T3_LAG,/kaggle/input/datasets/rayeedaabir/lag-database-part1-uk/LAG_database_part1_UK/suspicious_glaucoma/image/2951.jpg,Glaucoma,6,train,966d6996926d1d92
T3_LAG,/kaggle/input/datasets/rayeedaabir/lag-database-part1-uk/LAG_database_part1_UK/suspicious_glaucoma/image/2953.jpg,Glaucoma,6,val,c6673139c6ce3139
T3_LAG,/kaggle/input/datasets/rayeedaabir/lag-database-part1-uk/LAG_database_part1_UK/suspicious_glaucoma/image/2959.jpg,Glaucoma,6,val,827f30f847c63b38
T3_LAG,/kaggle/input/datasets/rayeedaabir/lag-database-part1-uk/LAG_database_part1_UK/suspicious_glaucoma/image/2961.jpg,Glaucoma,6,train,c6cf383842c7c739
T3_LAG,/kaggle/input/datasets/rayeedaabir/lag-database-part1-uk/LAG_database_part1_UK/suspicious_glaucoma/image/2965.jpg,Glaucoma,6,train,c6c7383978c7c638
T3_LAG,/kaggle/input/datasets/rayeedaabir/lag-database-part1-uk/LAG_database_part1_UK/suspicious_glaucoma/image/2979.jpg,Glaucoma,6,test,94b46b4906b4fd4d
T3_LAG,/kaggle/input/datasets/rayeedaabir/lag-database-part1-uk/LAG_database_part1_UK/suspicious_glaucoma/image/2981.jpg,Glaucoma,6,train,869f387346ce3178
T3_LAG,/kaggle/input/datasets/rayeedaabir/lag-database-part1-uk/LAG_database_part1_UK/suspicious_glaucoma/image/2984.jpg,Glaucoma,6,train,c6c73839386ec6c6
T3_LAG,/kaggle/input/datasets/rayeedaabir/lag-database-part1-uk/LAG_database_part1_UK/suspicious_glaucoma/image/2986.jpg,Glaucoma,6,train,c6ce313131cece4e
T3_LAG,/kaggle/input/datasets/rayeedaabir/lag-database-part1-uk/LAG_database_part1_UK/suspicious_glaucoma/image/2987.jpg,Glaucoma,6,train,99e664c993374c66
T3_LAG,/kaggle/input/datasets/rayeedaabir/lag-database-part1-uk/LAG_database_part1_UK/suspicious_glaucoma/image/2988.jpg,Glaucoma,6,train,d82b676798dc2631
T3_LAG,/kaggle/input/datasets/rayeedaabir/lag-database-part1-uk/LAG_database_part1_UK/suspicious_glaucoma/image/2989.jpg,Glaucoma,6,train,87e738b842c7c738
T3_LAG,/kaggle/input/datasets/rayeedaabir/lag-database-part1-uk/LAG_database_part1_UK/suspicious_glaucoma/image/2990.jpg,Glaucoma,6,train,d5cb752451935a65
T3_LAG,/kaggle/input/datasets/rayeedaabir/lag-database-part1-uk/LAG_database_part1_UK/suspicious_glaucoma/image/3003.jpg,Glaucoma,6,train,d39a6d681392756c
T3_LAG,/kaggle/input/datasets/rayeedaabir/lag-database-part1-uk/LAG_database_part1_UK/suspicious_glaucoma/image/3004.jpg,Glaucoma,6,train,86cf31314ecece31
T3_LAG,/kaggle/input/datasets/rayeedaabir/lag-database-part1-uk/LAG_database_part1_UK/suspicious_glaucoma/image/3008.jpg,Glaucoma,6,train,d0e00f1f78f01f0f
T3_LAG,/kaggle/input/datasets/rayeedaabir/lag-database-part1-uk/LAG_database_part1_UK/suspicious_glaucoma/image/3009.jpg,Glaucoma,6,val,801f307f02fd317b
T3_LAG,/kaggle/input/datasets/rayeedaabir/lag-database-part1-uk/LAG_database_part1_UK/suspicious_glaucoma/image/3017.jpg,Glaucoma,6,train,9526556b55b65649
T3_LAG,/kaggle/input/datasets/rayeedaabir/lag-database-part1-uk/LAG_database_part1_UK/suspicious_glaucoma/image/3028.jpg,Glaucoma,6,test,93a36d6c559b5164
T3_LAG,/kaggle/input/datasets/rayeedaabir/lag-database-part1-uk/LAG_database_part1_UK/suspicious_glaucoma/image/3030.jpg,Glaucoma,6,train,963f207f00ff007d
T3_LAG,/kaggle/input/datasets/rayeedaabir/lag-database-part1-uk/LAG_database_part1_UK/suspicious_glaucoma/image/3032.jpg,Glaucoma,6,train,c47a33b35d892572
T3_LAG,/kaggle/input/datasets/rayeedaabir/lag-database-part1-uk/LAG_database_part1_UK/suspicious_glaucoma/image/3034.jpg,Glaucoma,6,train,dc637398dd662219
T3_LAG,/kaggle/input/datasets/rayeedaabir/lag-database-part1-uk/LAG_database_part1_UK/suspicious_glaucoma/image/3035.jpg,Glaucoma,6,train,c667381c72cb8739
T3_LAG,/kaggle/input/datasets/rayeedaabir/lag-database-part1-uk/LAG_database_part1_UK/suspicious_glaucoma/image/3044.jpg,Glaucoma,6,test,c45f217b00de8cfc
T3_LAG,/kaggle/input/datasets/rayeedaabir/lag-database-part1-uk/LAG_database_part1_UK/suspicious_glaucoma/image/3045.jpg,Glaucoma,6,val,c0ff1f1f60f0011f
T3_LAG,/kaggle/input/datasets/rayeedaabir/lag-database-part1-uk/LAG_database_part1_UK/suspicious_glaucoma/image/3050.jpg,Glaucoma,6,val,d6e56d9255695492
T3_LAG,/kaggle/input/datasets/rayeedaabir/lag-database-part1-uk/LAG_database_part1_UK/suspicious_glaucoma/image/3051.jpg,Glaucoma,6,train,c3df387942c78139
T3_LAG,/kaggle/input/datasets/rayeedaabir/lag-database-part1-uk/LAG_database_part1_UK/suspicious_glaucoma/image/3056.jpg,Glaucoma,6,test,d90726dd98702577
T3_LAG,/kaggle/input/datasets/rayeedaabir/lag-database-part1-uk/LAG_database_part1_UK/suspicious_glaucoma/image/3059.jpg,Glaucoma,6,train,95a555e552946a6d
T3_LAG,/kaggle/input/datasets/rayeedaabir/lag-database-part1-uk/LAG_database_part1_UK/suspicious_glaucoma/image/3063.jpg,Glaucoma,6,train,c07f0fdf20f0031f
T3_LAG,/kaggle/input/datasets/rayeedaabir/lag-database-part1-uk/LAG_database_part1_UK/suspicious_glaucoma/image/3064.jpg,Glaucoma,6,train,c7e1381dc3c3383e
T3_LAG,/kaggle/input/datasets/rayeedaabir/lag-database-part1-uk/LAG_database_part1_UK/suspicious_glaucoma/image/3065.jpg,Glaucoma,6,train,c6dd39c6c63838c6
T3_LAG,/kaggle/input/datasets/rayeedaabir/lag-database-part1-uk/LAG_database_part1_UK/suspicious_glaucoma/image/3075.jpg,Glaucoma,6,train,86ca716d1a96c66d
T3_LAG,/kaggle/input/datasets/rayeedaabir/lag-database-part1-uk/LAG_database_part1_UK/suspicious_glaucoma/image/3076.jpg,Glaucoma,6,train,dd6a3627599c2427
T3_LAG,/kaggle/input/datasets/rayeedaabir/lag-database-part1-uk/LAG_database_part1_UK/suspicious_glaucoma/image/3079.jpg,Glaucoma,6,test,d3936d6c64939391
T3_LAG,/kaggle/input/datasets/rayeedaabir/lag-database-part1-uk/LAG_database_part1_UK/suspicious_glaucoma/image/3083.jpg,Glaucoma,6,train,83f03c6ed29ac559
T3_LAG,/kaggle/input/datasets/rayeedaabir/lag-database-part1-uk/LAG_database_part1_UK/suspicious_glaucoma/image/3087.jpg,Glaucoma,6,train,d1f36c1913ed6489
T3_LAG,/kaggle/input/datasets/rayeedaabir/lag-database-part1-uk/LAG_database_part1_UK/suspicious_glaucoma/image/3089.jpg,Glaucoma,6,val,954a752c55bb5265
T3_LAG,/kaggle/input/datasets/rayeedaabir/lag-database-part1-uk/LAG_database_part1_UK/suspicious_glaucoma/image/3090.jpg,Glaucoma,6,train,958a756c656ed590
T3_LAG,/kaggle/input/datasets/rayeedaabir/lag-database-part1-uk/LAG_database_part1_UK/suspicious_glaucoma/image/3095.jpg,Glaucoma,6,val,c3973c7cc3ca3838
T3_LAG,/kaggle/input/datasets/rayeedaabir/lag-database-part1-uk/LAG_database_part1_UK/suspicious_glaucoma/image/3096.jpg,Glaucoma,6,train,93ea6c2c939b6c64
T3_LAG,/kaggle/input/datasets/rayeedaabir/lag-database-part1-uk/LAG_database_part1_UK/suspicious_glaucoma/image/3098.jpg,Glaucoma,6,train,9494636b49cd3799
T3_LAG,/kaggle/input/datasets/rayeedaabir/lag-database-part1-uk/LAG_database_part1_UK/suspicious_glaucoma/image/3099.jpg,Glaucoma,6,test,d19564571bd56453
T3_LAG,/kaggle/input/datasets/rayeedaabir/lag-database-part1-uk/LAG_database_part1_UK/suspicious_glaucoma/image/3101.jpg,Glaucoma,6,train,852b54e55aa74a3d
T3_LAG,/kaggle/input/datasets/rayeedaabir/lag-database-part1-uk/LAG_database_part1_UK/suspicious_glaucoma/image/3105.jpg,Glaucoma,6,test,9392656d139a7c6c
T3_LAG,/kaggle/input/datasets/rayeedaabir/lag-database-part1-uk/LAG_database_part1_UK/suspicious_glaucoma/image/3113.jpg,Glaucoma,6,val,959c6e6a1b9d9492
T3_LAG,/kaggle/input/datasets/rayeedaabir/lag-database-part1-uk/LAG_database_part1_UK/suspicious_glaucoma/image/3114.jpg,Glaucoma,6,train,912e66ee992b26f0
T3_LAG,/kaggle/input/datasets/rayeedaabir/lag-database-part1-uk/LAG_database_part1_UK/suspicious_glaucoma/image/3119.jpg,Glaucoma,6,train,c1d33e3cc3c11c3e
T3_LAG,/kaggle/input/datasets/rayeedaabir/lag-database-part1-uk/LAG_database_part1_UK/suspicious_glaucoma/image/3123.jpg,Glaucoma,6,train,95b565d555d055c1
T3_LAG,/kaggle/input/datasets/rayeedaabir/lag-database-part1-uk/LAG_database_part1_UK/suspicious_glaucoma/image/3124.jpg,Glaucoma,6,test,d52c33d34c996276
T3_LAG,/kaggle/input/datasets/rayeedaabir/lag-database-part1-uk/LAG_database_part1_UK/suspicious_glaucoma/image/3128.jpg,Glaucoma,6,train,c1ff30bc41c31d3c
T3_LAG,/kaggle/input/datasets/rayeedaabir/lag-database-part1-uk/LAG_database_part1_UK/suspicious_glaucoma/image/3129.jpg,Glaucoma,6,val,8eef3171ccce2131
T3_LAG,/kaggle/input/datasets/rayeedaabir/lag-database-part1-uk/LAG_database_part1_UK/suspicious_glaucoma/image/3134.jpg,Glaucoma,6,test,c09f016fe0bf007f
T3_LAG,/kaggle/input/datasets/rayeedaabir/lag-database-part1-uk/LAG_database_part1_UK/suspicious_glaucoma/image/3136.jpg,Glaucoma,6,train,c167007f3c3c0cef
T3_LAG,/kaggle/input/datasets/rayeedaabir/lag-database-part1-uk/LAG_database_part1_UK/suspicious_glaucoma/image/3139.jpg,Glaucoma,6,train,85ad565625add552
T3_LAG,/kaggle/input/datasets/rayeedaabir/lag-database-part1-uk/LAG_database_part1_UK/suspicious_glaucoma/image/3143.jpg,Glaucoma,6,test,c33e3cc3083ec3e3
T3_LAG,/kaggle/input/datasets/rayeedaabir/lag-database-part1-uk/LAG_database_part1_UK/suspicious_glaucoma/image/3144.jpg,Glaucoma,6,train,c1e03f1e63e1f039
T3_LAG,/kaggle/input/datasets/rayeedaabir/lag-database-part1-uk/LAG_database_part1_UK/suspicious_glaucoma/image/3148.jpg,Glaucoma,6,train,933b646c13937d64
T3_LAG,/kaggle/input/datasets/rayeedaabir/lag-database-part1-uk/LAG_database_part1_UK/suspicious_glaucoma/image/3150.jpg,Glaucoma,6,train,939a6ded0192766c
T3_LAG,/kaggle/input/datasets/rayeedaabir/lag-database-part1-uk/LAG_database_part1_UK/suspicious_glaucoma/image/3157.jpg,Glaucoma,6,train,d2306dc792996d9c
T3_LAG,/kaggle/input/datasets/rayeedaabir/lag-database-part1-uk/LAG_database_part1_UK/suspicious_glaucoma/image/3161.jpg,Glaucoma,6,val,93d66d6c1792646c
T3_LAG,/kaggle/input/datasets/rayeedaabir/lag-database-part1-uk/LAG_database_part1_UK/suspicious_glaucoma/image/3174.jpg,Glaucoma,6,train,c20d2dd513556d5d
T3_LAG,/kaggle/input/datasets/rayeedaabir/lag-database-part1-uk/LAG_database_part1_UK/suspicious_glaucoma/image/3178.jpg,Glaucoma,6,train,916b64a69b9b6465
T3_LAG,/kaggle/input/datasets/rayeedaabir/lag-database-part1-uk/LAG_database_part1_UK/suspicious_glaucoma/image/3179.jpg,Glaucoma,6,train,95eb56382da35654
T3_LAG,/kaggle/input/datasets/rayeedaabir/lag-database-part1-uk/LAG_database_part1_UK/suspicious_glaucoma/image/3180.jpg,Glaucoma,6,train,c56136e655dd0467
T3_LAG,/kaggle/input/datasets/rayeedaabir/lag-database-part1-uk/LAG_database_part1_UK/suspicious_glaucoma/image/3193.jpg,Glaucoma,6,val,c07934fe01c71f39
T3_LAG,/kaggle/input/datasets/rayeedaabir/lag-database-part1-uk/LAG_database_part1_UK/suspicious_glaucoma/image/3195.jpg,Glaucoma,6,test,c68f30798ece3139
T3_LAG,/kaggle/input/datasets/rayeedaabir/lag-database-part1-uk/LAG_database_part1_UK/suspicious_glaucoma/image/3199.jpg,Glaucoma,6,val,c3c3393c3ca1c6ec
T3_LAG,/kaggle/input/datasets/rayeedaabir/lag-database-part1-uk/LAG_database_part1_UK/suspicious_glaucoma/image/3201.jpg,Glaucoma,6,train,887f227700dd097f
T3_LAG,/kaggle/input/datasets/rayeedaabir/lag-database-part1-uk/LAG_database_part1_UK/suspicious_glaucoma/image/3204.jpg,Glaucoma,6,train,c6ce313996ce2333
T3_LAG,/kaggle/input/datasets/rayeedaabir/lag-database-part1-uk/LAG_database_part1_UK/suspicious_glaucoma/image/3205.jpg,Glaucoma,6,test,95a55595555592dc
T3_LAG,/kaggle/input/datasets/rayeedaabir/lag-database-part1-uk/LAG_database_part1_UK/suspicious_glaucoma/image/3206.jpg,Glaucoma,6,test,c0e13f1ee0e11f1e
T3_LAG,/kaggle/input/datasets/rayeedaabir/lag-database-part1-uk/LAG_database_part1_UK/suspicious_glaucoma/image/3207.jpg,Glaucoma,6,train,86cc39b3c6ed3191
T3_LAG,/kaggle/input/datasets/rayeedaabir/lag-database-part1-uk/LAG_database_part1_UK/suspicious_glaucoma/image/3214.jpg,Glaucoma,6,test,932964279bd36665
T3_LAG,/kaggle/input/datasets/rayeedaabir/lag-database-part1-uk/LAG_database_part1_UK/suspicious_glaucoma/image/3222.jpg,Glaucoma,6,train,9592756d55939255
T3_LAG,/kaggle/input/datasets/rayeedaabir/lag-database-part1-uk/LAG_database_part1_UK/suspicious_glaucoma/image/3234.jpg,Glaucoma,6,train,93d66528959a756c
T3_LAG,/kaggle/input/datasets/rayeedaabir/lag-database-part1-uk/LAG_database_part1_UK/suspicious_glaucoma/image/3236.jpg,Glaucoma,6,test,c35f307d80ff007c
T3_LAG,/kaggle/input/datasets/rayeedaabir/lag-database-part1-uk/LAG_database_part1_UK/suspicious_glaucoma/image/3237.jpg,Glaucoma,6,test,807f079f80f80f1f
T3_LAG,/kaggle/input/datasets/rayeedaabir/lag-database-part1-uk/LAG_database_part1_UK/suspicious_glaucoma/image/3238.jpg,Glaucoma,6,train,943827495dcc7537
T3_LAG,/kaggle/input/datasets/rayeedaabir/lag-database-part1-uk/LAG_database_part1_UK/suspicious_glaucoma/image/3242.jpg,Glaucoma,6,train,c34f3c30c3e13b36
T3_LAG,/kaggle/input/datasets/rayeedaabir/lag-database-part1-uk/LAG_database_part1_UK/suspicious_glaucoma/image/3244.jpg,Glaucoma,6,val,8c0e772136964dcf
T3_LAG,/kaggle/input/datasets/rayeedaabir/lag-database-part1-uk/LAG_database_part1_UK/suspicious_glaucoma/image/3245.jpg,Glaucoma,6,val,80271e9e47e13f1e
T3_LAG,/kaggle/input/datasets/rayeedaabir/lag-database-part1-uk/LAG_database_part1_UK/suspicious_glaucoma/image/3249.jpg,Glaucoma,6,train,cedf307b06ce0139
T3_LAG,/kaggle/input/datasets/rayeedaabir/lag-database-part1-uk/LAG_database_part1_UK/suspicious_glaucoma/image/3254.jpg,Glaucoma,6,train,d3fe28e1c3e03cc2
T3_LAG,/kaggle/input/datasets/rayeedaabir/lag-database-part1-uk/LAG_database_part1_UK/suspicious_glaucoma/image/3258.jpg,Glaucoma,6,train,87a73c7c40c7a13d
T3_LAG,/kaggle/input/datasets/rayeedaabir/lag-database-part1-uk/LAG_database_part1_UK/suspicious_glaucoma/image/3263.jpg,Glaucoma,6,train,d38b6464939b6c65
T3_LAG,/kaggle/input/datasets/rayeedaabir/lag-database-part1-uk/LAG_database_part1_UK/suspicious_glaucoma/image/3266.jpg,Glaucoma,6,train,959b554956a5526d
T3_LAG,/kaggle/input/datasets/rayeedaabir/lag-database-part1-uk/LAG_database_part1_UK/suspicious_glaucoma/image/3272.jpg,Glaucoma,6,train,d9db26259998664d
T3_LAG,/kaggle/input/datasets/rayeedaabir/lag-database-part1-uk/LAG_database_part1_UK/suspicious_glaucoma/image/3274.jpg,Glaucoma,6,train,c67f313944cf2079
T3_LAG,/kaggle/input/datasets/rayeedaabir/lag-database-part1-uk/LAG_database_part1_UK/suspicious_glaucoma/image/3286.jpg,Glaucoma,6,train,919b666419997c67
T3_LAG,/kaggle/input/datasets/rayeedaabir/lag-database-part1-uk/LAG_database_part1_UK/suspicious_glaucoma/image/3290.jpg,Glaucoma,6,train,dd0937235d8d7522
T3_LAG,/kaggle/input/datasets/rayeedaabir/lag-database-part1-uk/LAG_database_part1_UK/suspicious_glaucoma/image/3291.jpg,Glaucoma,6,test,81ab552555dd7265
T3_LAG,/kaggle/input/datasets/rayeedaabir/lag-database-part1-uk/LAG_database_part1_UK/suspicious_glaucoma/image/3295.jpg,Glaucoma,6,train,958a552d54b54b6d
T3_LAG,/kaggle/input/datasets/rayeedaabir/lag-database-part1-uk/LAG_database_part1_UK/suspicious_glaucoma/image/3302.jpg,Glaucoma,6,train,c7c7383846cf9938
T3_LAG,/kaggle/input/datasets/rayeedaabir/lag-database-part1-uk/LAG_database_part1_UK/suspicious_glaucoma/image/3306.jpg,Glaucoma,6,train,919a776765696464
T3_LAG,/kaggle/input/datasets/rayeedaabir/lag-database-part1-uk/LAG_database_part1_UK/suspicious_glaucoma/image/3309.jpg,Glaucoma,6,train,950b55645699da75
T3_LAG,/kaggle/input/datasets/rayeedaabir/lag-database-part1-uk/LAG_database_part1_UK/suspicious_glaucoma/image/3310.jpg,Glaucoma,6,train,986b662699983f63
T3_LAG,/kaggle/input/datasets/rayeedaabir/lag-database-part1-uk/LAG_database_part1_UK/suspicious_glaucoma/image/3312.jpg,Glaucoma,6,test,d49669695496966d
T3_LAG,/kaggle/input/datasets/rayeedaabir/lag-database-part1-uk/LAG_database_part1_UK/suspicious_glaucoma/image/3313.jpg,Glaucoma,6,test,87d7387c43c73138
T3_LAG,/kaggle/input/datasets/rayeedaabir/lag-database-part1-uk/LAG_database_part1_UK/suspicious_glaucoma/image/3322.jpg,Glaucoma,6,train,951f49eb14b44b69
T3_LAG,/kaggle/input/datasets/rayeedaabir/lag-database-part1-uk/LAG_database_part1_UK/suspicious_glaucoma/image/3324.jpg,Glaucoma,6,train,c09f1bf8203f20fe
T3_LAG,/kaggle/input/datasets/rayeedaabir/lag-database-part1-uk/LAG_database_part1_UK/suspicious_glaucoma/image/3326.jpg,Glaucoma,6,train,990a67665598dd2b
T3_LAG,/kaggle/input/datasets/rayeedaabir/lag-database-part1-uk/LAG_database_part1_UK/suspicious_glaucoma/image/3334.jpg,Glaucoma,6,train,9392656d5792926d
T3_LAG,/kaggle/input/datasets/rayeedaabir/lag-database-part1-uk/LAG_database_part1_UK/suspicious_glaucoma/image/3344.jpg,Glaucoma,6,val,936a6d2a939a6c2d
T3_LAG,/kaggle/input/datasets/rayeedaabir/lag-database-part1-uk/LAG_database_part1_UK/suspicious_glaucoma/image/3350.jpg,Glaucoma,6,train,d39b6464139b9b64
T3_LAG,/kaggle/input/datasets/rayeedaabir/lag-database-part1-uk/LAG_database_part1_UK/suspicious_glaucoma/image/3353.jpg,Glaucoma,6,train,912966b7aab49d4a
T3_LAG,/kaggle/input/datasets/rayeedaabir/lag-database-part1-uk/LAG_database_part1_UK/suspicious_glaucoma/image/3354.jpg,Glaucoma,6,test,c31b2d64919d6772
T3_LAG,/kaggle/input/datasets/rayeedaabir/lag-database-part1-uk/LAG_database_part1_UK/suspicious_glaucoma/image/3358.jpg,Glaucoma,6,val,d845276398db6b49
T3_LAG,/kaggle/input/datasets/rayeedaabir/lag-database-part1-uk/LAG_database_part1_UK/suspicious_glaucoma/image/3362.jpg,Glaucoma,6,train,c3c3383c3ce6c2c7
T3_LAG,/kaggle/input/datasets/rayeedaabir/lag-database-part1-uk/LAG_database_part1_UK/suspicious_glaucoma/image/3364.jpg,Glaucoma,6,val,c3df387883c73838
T3_LAG,/kaggle/input/datasets/rayeedaabir/lag-database-part1-uk/LAG_database_part1_UK/suspicious_glaucoma/image/3365.jpg,Glaucoma,6,val,d5e661e91796510b
T3_LAG,/kaggle/input/datasets/rayeedaabir/lag-database-part1-uk/LAG_database_part1_UK/suspicious_glaucoma/image/3370.jpg,Glaucoma,6,test,d39a656d1393466c
T3_LAG,/kaggle/input/datasets/rayeedaabir/lag-database-part1-uk/LAG_database_part1_UK/suspicious_glaucoma/image/3372.jpg,Glaucoma,6,train,a5856a49b5b5495b
T3_LAG,/kaggle/input/datasets/rayeedaabir/lag-database-part1-uk/LAG_database_part1_UK/suspicious_glaucoma/image/3377.jpg,Glaucoma,6,test,c52b7c301619db97
T3_LAG,/kaggle/input/datasets/rayeedaabir/lag-database-part1-uk/LAG_database_part1_UK/suspicious_glaucoma/image/3379.jpg,Glaucoma,6,train,c1c03e1fe3e23c1d
T3_LAG,/kaggle/input/datasets/rayeedaabir/lag-database-part1-uk/LAG_database_part1_UK/suspicious_glaucoma/image/3380.jpg,Glaucoma,6,train,8cce337322cc8cf3
T3_LAG,/kaggle/input/datasets/rayeedaabir/lag-database-part1-uk/LAG_database_part1_UK/suspicious_glaucoma/image/3383.jpg,Glaucoma,6,val,92926d69659395b5
T3_LAG,/kaggle/input/datasets/rayeedaabir/lag-database-part1-uk/LAG_database_part1_UK/suspicious_glaucoma/image/3395.jpg,Glaucoma,6,val,d1cb75241999f265
T3_LAG,/kaggle/input/datasets/rayeedaabir/lag-database-part1-uk/LAG_database_part1_UK/suspicious_glaucoma/image/3398.jpg,Glaucoma,6,train,d5c1741b13646e9b
T3_LAG,/kaggle/input/datasets/rayeedaabir/lag-database-part1-uk/LAG_database_part1_UK/suspicious_glaucoma/image/3402.jpg,Glaucoma,6,train,83fb38c7433938c3
T3_LAG,/kaggle/input/datasets/rayeedaabir/lag-database-part1-uk/LAG_database_part1_UK/suspicious_glaucoma/image/3406.jpg,Glaucoma,6,train,82936d6c939af46c
T3_LAG,/kaggle/input/datasets/rayeedaabir/lag-database-part1-uk/LAG_database_part1_UK/suspicious_glaucoma/image/3411.jpg,Glaucoma,6,train,c3ff38c7013c01e7
T3_LAG,/kaggle/input/datasets/rayeedaabir/lag-database-part1-uk/LAG_database_part1_UK/suspicious_glaucoma/image/3414.jpg,Glaucoma,6,train,833f38bc42c7c738
T3_LAG,/kaggle/input/datasets/rayeedaabir/lag-database-part1-uk/LAG_database_part1_UK/suspicious_glaucoma/image/3417.jpg,Glaucoma,6,train,91cb742457997e64
T3_LAG,/kaggle/input/datasets/rayeedaabir/lag-database-part1-uk/LAG_database_part1_UK/suspicious_glaucoma/image/3420.jpg,Glaucoma,6,train,c4b5375358e622cd
T3_LAG,/kaggle/input/datasets/rayeedaabir/lag-database-part1-uk/LAG_database_part1_UK/suspicious_glaucoma/image/3424.jpg,Glaucoma,6,train,8e66613d99929765
T3_LAG,/kaggle/input/datasets/rayeedaabir/lag-database-part1-uk/LAG_database_part1_UK/suspicious_glaucoma/image/3426.jpg,Glaucoma,6,train,c6df313904cc8776
T3_LAG,/kaggle/input/datasets/rayeedaabir/lag-database-part1-uk/LAG_database_part1_UK/suspicious_glaucoma/image/3428.jpg,Glaucoma,6,val,c1711e1ee1e13b1e
T3_LAG,/kaggle/input/datasets/rayeedaabir/lag-database-part1-uk/LAG_database_part1_UK/suspicious_glaucoma/image/3436.jpg,Glaucoma,6,train,9713756552926a6d
T3_LAG,/kaggle/input/datasets/rayeedaabir/lag-database-part1-uk/LAG_database_part1_UK/suspicious_glaucoma/image/3447.jpg,Glaucoma,6,val,91ea75acd5915564
T3_LAG,/kaggle/input/datasets/rayeedaabir/lag-database-part1-uk/LAG_database_part1_UK/suspicious_glaucoma/image/3452.jpg,Glaucoma,6,val,c36b3cbcc1e11c3c
T3_LAG,/kaggle/input/datasets/rayeedaabir/lag-database-part1-uk/LAG_database_part1_UK/suspicious_glaucoma/image/3453.jpg,Glaucoma,6,train,c6dc30e507a73939
T3_LAG,/kaggle/input/datasets/rayeedaabir/lag-database-part1-uk/LAG_database_part1_UK/suspicious_glaucoma/image/3455.jpg,Glaucoma,6,test,d3a86df112956c65
T3_LAG,/kaggle/input/datasets/rayeedaabir/lag-database-part1-uk/LAG_database_part1_UK/suspicious_glaucoma/image/3457.jpg,Glaucoma,6,train,d43a712d56964a6d
T3_LAG,/kaggle/input/datasets/rayeedaabir/lag-database-part1-uk/LAG_database_part1_UK/suspicious_glaucoma/image/3463.jpg,Glaucoma,6,train,951a475b55a5556a
T3_LAG,/kaggle/input/datasets/rayeedaabir/lag-database-part1-uk/LAG_database_part1_UK/suspicious_glaucoma/image/3464.jpg,Glaucoma,6,train,d93a6699992467d8
T3_LAG,/kaggle/input/datasets/rayeedaabir/lag-database-part1-uk/LAG_database_part1_UK/suspicious_glaucoma/image/3468.jpg,Glaucoma,6,test,80bf017f00fa06ff
T3_LAG,/kaggle/input/datasets/rayeedaabir/lag-database-part1-uk/LAG_database_part1_UK/suspicious_glaucoma/image/3471.jpg,Glaucoma,6,train,953356cc358e5e49
T3_LAG,/kaggle/input/datasets/rayeedaabir/lag-database-part1-uk/LAG_database_part1_UK/suspicious_glaucoma/image/3476.jpg,Glaucoma,6,train,d1bb746413997a64
T3_LAG,/kaggle/input/datasets/rayeedaabir/lag-database-part1-uk/LAG_database_part1_UK/suspicious_glaucoma/image/3487.jpg,Glaucoma,6,test,c3c7303810efc7c7
T3_LAG,/kaggle/input/datasets/rayeedaabir/lag-database-part1-uk/LAG_database_part1_UK/suspicious_glaucoma/image/3490.jpg,Glaucoma,6,train,93da656c54939a65
T3_LAG,/kaggle/input/datasets/rayeedaabir/lag-database-part1-uk/LAG_database_part1_UK/suspicious_glaucoma/image/3494.jpg,Glaucoma,6,train,804d23330fcc9f77
T3_LAG,/kaggle/input/datasets/rayeedaabir/lag-database-part1-uk/LAG_database_part1_UK/suspicious_glaucoma/image/3495.jpg,Glaucoma,6,val,9dc8743558997267
T3_LAG,/kaggle/input/datasets/rayeedaabir/lag-database-part1-uk/LAG_database_part1_UK/suspicious_glaucoma/image/3500.jpg,Glaucoma,6,train,d02d0f92f1de3f01
T3_LAG,/kaggle/input/datasets/rayeedaabir/lag-database-part1-uk/LAG_database_part1_UK/suspicious_glaucoma/image/3501.jpg,Glaucoma,6,train,806f617710dd5573
T3_LAG,/kaggle/input/datasets/rayeedaabir/lag-database-part1-uk/LAG_database_part1_UK/suspicious_glaucoma/image/3506.jpg,Glaucoma,6,train,d43379ce964a6839
T3_LAG,/kaggle/input/datasets/rayeedaabir/lag-database-part1-uk/LAG_database_part1_UK/suspicious_glaucoma/image/3512.jpg,Glaucoma,6,test,836e3c5dc3903d27
T3_LAG,/kaggle/input/datasets/rayeedaabir/lag-database-part1-uk/LAG_database_part1_UK/suspicious_glaucoma/image/3517.jpg,Glaucoma,6,val,9535565235ad555a
T3_LAG,/kaggle/input/datasets/rayeedaabir/lag-database-part1-uk/LAG_database_part1_UK/suspicious_glaucoma/image/3518.jpg,Glaucoma,6,train,c387383ce1c7c738
T3_LAG,/kaggle/input/datasets/rayeedaabir/lag-database-part1-uk/LAG_database_part1_UK/suspicious_glaucoma/image/3523.jpg,Glaucoma,6,train,d393646d1b93526c
T3_LAG,/kaggle/input/datasets/rayeedaabir/lag-database-part1-uk/LAG_database_part1_UK/suspicious_glaucoma/image/3524.jpg,Glaucoma,6,train,c1b7307c83e3193e
T3_LAG,/kaggle/input/datasets/rayeedaabir/lag-database-part1-uk/LAG_database_part1_UK/suspicious_glaucoma/image/3528.jpg,Glaucoma,6,train,99756614999d6666
T3_LAG,/kaggle/input/datasets/rayeedaabir/lag-database-part1-uk/LAG_database_part1_UK/suspicious_glaucoma/image/3529.jpg,Glaucoma,6,val,90fe0307f0f81f0f
T3_LAG,/kaggle/input/datasets/rayeedaabir/lag-database-part1-uk/LAG_database_part1_UK/suspicious_glaucoma/image/3530.jpg,Glaucoma,6,val,d6ff20f900fe00f8
T3_LAG,/kaggle/input/datasets/rayeedaabir/lag-database-part1-uk/LAG_database_part1_UK/suspicious_glaucoma/image/3532.jpg,Glaucoma,6,val,b05f011f00fed07f
T3_LAG,/kaggle/input/datasets/rayeedaabir/lag-database-part1-uk/LAG_database_part1_UK/suspicious_glaucoma/image/3535.jpg,Glaucoma,6,train,d7af38b8c2c72039
T3_LAG,/kaggle/input/datasets/rayeedaabir/lag-database-part1-uk/LAG_database_part1_UK/suspicious_glaucoma/image/3545.jpg,Glaucoma,6,test,c13c3c53c3b83cc7
T3_LAG,/kaggle/input/datasets/rayeedaabir/lag-database-part1-uk/LAG_database_part1_UK/suspicious_glaucoma/image/3556.jpg,Glaucoma,6,train,d47d6b0d160f6e11
T3_LAG,/kaggle/input/datasets/rayeedaabir/lag-database-part1-uk/LAG_database_part1_UK/suspicious_glaucoma/image/3566.jpg,Glaucoma,6,train,d59975645299da64
T3_LAG,/kaggle/input/datasets/rayeedaabir/lag-database-part1-uk/LAG_database_part1_UK/suspicious_glaucoma/image/3569.jpg,Glaucoma,6,test,c0ff1e3f00e8e0bc
T3_LAG,/kaggle/input/datasets/rayeedaabir/lag-database-part1-uk/LAG_database_part1_UK/suspicious_glaucoma/image/3570.jpg,Glaucoma,6,train,93cc6d3592936d64
T3_LAG,/kaggle/input/datasets/rayeedaabir/lag-database-part1-uk/LAG_database_part1_UK/suspicious_glaucoma/image/3572.jpg,Glaucoma,6,train,95b5551556564c6d
T3_LAG,/kaggle/input/datasets/rayeedaabir/lag-database-part1-uk/LAG_database_part1_UK/suspicious_glaucoma/image/3574.jpg,Glaucoma,6,train,91cb756651997a64
T3_LAG,/kaggle/input/datasets/rayeedaabir/lag-database-part1-uk/LAG_database_part1_UK/suspicious_glaucoma/image/3578.jpg,Glaucoma,6,train,983f627700dd9077
T3_LAG,/kaggle/input/datasets/rayeedaabir/lag-database-part1-uk/LAG_database_part1_UK/suspicious_glaucoma/image/3579.jpg,Glaucoma,6,train,c63e3131c6cf30e6
T3_LAG,/kaggle/input/datasets/rayeedaabir/lag-database-part1-uk/LAG_database_part1_UK/suspicious_glaucoma/image/3581.jpg,Glaucoma,6,train,c07f038f24fc988f
T3_LAG,/kaggle/input/datasets/rayeedaabir/lag-database-part1-uk/LAG_database_part1_UK/suspicious_glaucoma/image/3583.jpg,Glaucoma,6,train,c0671c3e61e39f1c
T3_LAG,/kaggle/input/datasets/rayeedaabir/lag-database-part1-uk/LAG_database_part1_UK/suspicious_glaucoma/image/3584.jpg,Glaucoma,6,test,c79a384cc7b93847
T3_LAG,/kaggle/input/datasets/rayeedaabir/lag-database-part1-uk/LAG_database_part1_UK/suspicious_glaucoma/image/3586.jpg,Glaucoma,6,train,95ec691b35e1495a
T3_LAG,/kaggle/input/datasets/rayeedaabir/lag-database-part1-uk/LAG_database_part1_UK/suspicious_glaucoma/image/3591.jpg,Glaucoma,6,train,84ce31310fcf0f73
T3_LAG,/kaggle/input/datasets/rayeedaabir/lag-database-part1-uk/LAG_database_part1_UK/suspicious_glaucoma/image/3599.jpg,Glaucoma,6,train,c347303c83e7077d
T3_LAG,/kaggle/input/datasets/rayeedaabir/lag-database-part1-uk/LAG_database_part1_UK/suspicious_glaucoma/image/3607.jpg,Glaucoma,6,val,d39364649a936e6c
T3_LAG,/kaggle/input/datasets/rayeedaabir/lag-database-part1-uk/LAG_database_part1_UK/suspicious_glaucoma/image/3611.jpg,Glaucoma,6,val,d96d223348dd2277
T3_LAG,/kaggle/input/datasets/rayeedaabir/lag-database-part1-uk/LAG_database_part1_UK/suspicious_glaucoma/image/3618.jpg,Glaucoma,6,val,c0d31e3e21e1179f
T3_LAG,/kaggle/input/datasets/rayeedaabir/lag-database-part1-uk/LAG_database_part1_UK/suspicious_glaucoma/image/3622.jpg,Glaucoma,6,train,809f107f04ef317b
T3_LAG,/kaggle/input/datasets/rayeedaabir/lag-database-part1-uk/LAG_database_part1_UK/suspicious_glaucoma/image/3627.jpg,Glaucoma,6,train,95e9553554d54a5a
T3_LAG,/kaggle/input/datasets/rayeedaabir/lag-database-part1-uk/LAG_database_part1_UK/suspicious_glaucoma/image/3630.jpg,Glaucoma,6,train,ab4ab56e958b9524
T3_LAG,/kaggle/input/datasets/rayeedaabir/lag-database-part1-uk/LAG_database_part1_UK/suspicious_glaucoma/image/3635.jpg,Glaucoma,6,train,c7c7383c42e70d39
T3_LAG,/kaggle/input/datasets/rayeedaabir/lag-database-part1-uk/LAG_database_part1_UK/suspicious_glaucoma/image/3638.jpg,Glaucoma,6,test,f7c23839c6c73838
T3_LAG,/kaggle/input/datasets/rayeedaabir/lag-database-part1-uk/LAG_database_part1_UK/suspicious_glaucoma/image/3640.jpg,Glaucoma,6,train,9569553d52356a1d
T3_LAG,/kaggle/input/datasets/rayeedaabir/lag-database-part1-uk/LAG_database_part1_UK/suspicious_glaucoma/image/3647.jpg,Glaucoma,6,train,946a55695696566d
T3_LAG,/kaggle/input/datasets/rayeedaabir/lag-database-part1-uk/LAG_database_part1_UK/suspicious_glaucoma/image/3650.jpg,Glaucoma,6,train,87bc38c7c73839c4
T3_LAG,/kaggle/input/datasets/rayeedaabir/lag-database-part1-uk/LAG_database_part1_UK/suspicious_glaucoma/image/3656.jpg,Glaucoma,6,train,c1ff283ec0e7813c
T3_LAG,/kaggle/input/datasets/rayeedaabir/lag-database-part1-uk/LAG_database_part1_UK/suspicious_glaucoma/image/3662.jpg,Glaucoma,6,train,d535564b32654a6b
T3_LAG,/kaggle/input/datasets/rayeedaabir/lag-database-part1-uk/LAG_database_part1_UK/suspicious_glaucoma/image/3664.jpg,Glaucoma,6,train,81b9558e558e55b3
T3_LAG,/kaggle/input/datasets/rayeedaabir/lag-database-part1-uk/LAG_database_part1_UK/suspicious_glaucoma/image/3666.jpg,Glaucoma,6,train,d99b654698c96663
T3_LAG,/kaggle/input/datasets/rayeedaabir/lag-database-part1-uk/LAG_database_part1_UK/suspicious_glaucoma/image/3674.jpg,Glaucoma,6,train,c697307946cf3139
T3_LAG,/kaggle/input/datasets/rayeedaabir/lag-database-part1-uk/LAG_database_part1_UK/suspicious_glaucoma/image/3675.jpg,Glaucoma,6,test,d9cb64661599d926
T3_LAG,/kaggle/input/datasets/rayeedaabir/lag-database-part1-uk/LAG_database_part1_UK/suspicious_glaucoma/image/3682.jpg,Glaucoma,6,train,86d23934c3c73a3b
T3_LAG,/kaggle/input/datasets/rayeedaabir/lag-database-part1-uk/LAG_database_part1_UK/suspicious_glaucoma/image/3686.jpg,Glaucoma,6,test,87c7383844c7c7ba
T3_LAG,/kaggle/input/datasets/rayeedaabir/lag-database-part1-uk/LAG_database_part1_UK/suspicious_glaucoma/image/3687.jpg,Glaucoma,6,train,817f756255995266
T3_LAG,/kaggle/input/datasets/rayeedaabir/lag-database-part1-uk/LAG_database_part1_UK/suspicious_glaucoma/image/3691.jpg,Glaucoma,6,train,c1673c3943c73c3c
T3_LAG,/kaggle/input/datasets/rayeedaabir/lag-database-part1-uk/LAG_database_part1_UK/suspicious_glaucoma/image/3695.jpg,Glaucoma,6,train,84663b39c4da275b
T3_LAG,/kaggle/input/datasets/rayeedaabir/lag-database-part1-uk/LAG_database_part1_UK/suspicious_glaucoma/image/3696.jpg,Glaucoma,6,train,d2926d6d55939255
T3_LAG,/kaggle/input/datasets/rayeedaabir/lag-database-part1-uk/LAG_database_part1_UK/suspicious_glaucoma/image/3698.jpg,Glaucoma,6,train,d1f36454999b6664
T3_LAG,/kaggle/input/datasets/rayeedaabir/lag-database-part1-uk/LAG_database_part1_UK/suspicious_glaucoma/image/3701.jpg,Glaucoma,6,train,cb5f307e81eb0538
T3_LAG,/kaggle/input/datasets/rayeedaabir/lag-database-part1-uk/LAG_database_part1_UK/suspicious_glaucoma/image/3709.jpg,Glaucoma,6,val,d5d6454d55965269
T3_LAG,/kaggle/input/datasets/rayeedaabir/lag-database-part1-uk/LAG_database_part1_UK/suspicious_glaucoma/image/3710.jpg,Glaucoma,6,train,962d6db456914d6c
T3_LAG,/kaggle/input/datasets/rayeedaabir/lag-database-part1-uk/LAG_database_part1_UK/suspicious_glaucoma/image/3712.jpg,Glaucoma,6,train,806f417a15fd5536
T3_LAG,/kaggle/input/datasets/rayeedaabir/lag-database-part1-uk/LAG_database_part1_UK/suspicious_glaucoma/image/3714.jpg,Glaucoma,6,train,deff3079c4ce2030
T3_LAG,/kaggle/input/datasets/rayeedaabir/lag-database-part1-uk/LAG_database_part1_UK/suspicious_glaucoma/image/3717.jpg,Glaucoma,6,train,c11f343f41e31c3e
T3_LAG,/kaggle/input/datasets/rayeedaabir/lag-database-part1-uk/LAG_database_part1_UK/suspicious_glaucoma/image/3718.jpg,Glaucoma,6,train,c05f0769e0bf01f9
T3_LAG,/kaggle/input/datasets/rayeedaabir/lag-database-part1-uk/LAG_database_part1_UK/suspicious_glaucoma/image/3730.jpg,Glaucoma,6,train,946e693a961d698e
T3_LAG,/kaggle/input/datasets/rayeedaabir/lag-database-part1-uk/LAG_database_part1_UK/suspicious_glaucoma/image/3731.jpg,Glaucoma,6,val,c7cf387800c787f8
T3_LAG,/kaggle/input/datasets/rayeedaabir/lag-database-part1-uk/LAG_database_part1_UK/suspicious_glaucoma/image/3733.jpg,Glaucoma,6,val,d3c36564129bf26c
T3_LAG,/kaggle/input/datasets/rayeedaabir/lag-database-part1-uk/LAG_database_part1_UK/suspicious_glaucoma/image/3736.jpg,Glaucoma,6,val,c0c21e3fe1e71e1c
T3_LAG,/kaggle/input/datasets/rayeedaabir/lag-database-part1-uk/LAG_database_part1_UK/suspicious_glaucoma/image/3737.jpg,Glaucoma,6,train,863930cdcf3e3631
T3_LAG,/kaggle/input/datasets/rayeedaabir/lag-database-part1-uk/LAG_database_part1_UK/suspicious_glaucoma/image/3738.jpg,Glaucoma,6,train,c7673c3871c6c0c7
T3_LAG,/kaggle/input/datasets/rayeedaabir/lag-database-part1-uk/LAG_database_part1_UK/suspicious_glaucoma/image/3741.jpg,Glaucoma,6,train,d00b03ff609307ef
T3_LAG,/kaggle/input/datasets/rayeedaabir/lag-database-part1-uk/LAG_database_part1_UK/suspicious_glaucoma/image/3744.jpg,Glaucoma,6,train,d42a75ed16964a69
T3_LAG,/kaggle/input/datasets/rayeedaabir/lag-database-part1-uk/LAG_database_part1_UK/suspicious_glaucoma/image/3748.jpg,Glaucoma,6,train,806a038f2ff03f1f
T3_LAG,/kaggle/input/datasets/rayeedaabir/lag-database-part1-uk/LAG_database_part1_UK/suspicious_glaucoma/image/3751.jpg,Glaucoma,6,test,c6ce3139c6ce8c33
T3_LAG,/kaggle/input/datasets/rayeedaabir/lag-database-part1-uk/LAG_database_part1_UK/suspicious_glaucoma/image/3755.jpg,Glaucoma,6,train,94cd553554d6495e
T3_LAG,/kaggle/input/datasets/rayeedaabir/lag-database-part1-uk/LAG_database_part1_UK/suspicious_glaucoma/image/3756.jpg,Glaucoma,6,train,95cb752555995a64
T3_LAG,/kaggle/input/datasets/rayeedaabir/lag-database-part1-uk/LAG_database_part1_UK/suspicious_glaucoma/image/3759.jpg,Glaucoma,6,train,d53b528f52956a68
T3_LAG,/kaggle/input/datasets/rayeedaabir/lag-database-part1-uk/LAG_database_part1_UK/suspicious_glaucoma/image/3761.jpg,Glaucoma,6,train,c62f389847c71d39
T3_LAG,/kaggle/input/datasets/rayeedaabir/lag-database-part1-uk/LAG_database_part1_UK/suspicious_glaucoma/image/3762.jpg,Glaucoma,6,train,803d2677009d99ff
T3_LAG,/kaggle/input/datasets/rayeedaabir/lag-database-part1-uk/LAG_database_part1_UK/suspicious_glaucoma/image/3764.jpg,Glaucoma,6,train,cecf3139c4ce803b
T3_LAG,/kaggle/input/datasets/rayeedaabir/lag-database-part1-uk/LAG_database_part1_UK/suspicious_glaucoma/image/3775.jpg,Glaucoma,6,train,8077007f0797137f
T3_LAG,/kaggle/input/datasets/rayeedaabir/lag-database-part1-uk/LAG_database_part1_UK/suspicious_glaucoma/image/3782.jpg,Glaucoma,6,train,e36a1c3cc7c738a8
T3_LAG,/kaggle/input/datasets/rayeedaabir/lag-database-part1-uk/LAG_database_part1_UK/suspicious_glaucoma/image/3786.jpg,Glaucoma,6,train,81171efb40a41cff
T3_LAG,/kaggle/input/datasets/rayeedaabir/lag-database-part1-uk/LAG_database_part1_UK/suspicious_glaucoma/image/3787.jpg,Glaucoma,6,train,c2793dc6c63d39c0
T3_LAG,/kaggle/input/datasets/rayeedaabir/lag-database-part1-uk/LAG_database_part1_UK/suspicious_glaucoma/image/3791.jpg,Glaucoma,6,train,d99264a69b9a6566
T3_LAG,/kaggle/input/datasets/rayeedaabir/lag-database-part1-uk/LAG_database_part1_UK/suspicious_glaucoma/image/3797.jpg,Glaucoma,6,train,db1964339b866758
T3_LAG,/kaggle/input/datasets/rayeedaabir/lag-database-part1-uk/LAG_database_part1_UK/suspicious_glaucoma/image/3801.jpg,Glaucoma,6,train,dc7f227700dd0077
T3_LAG,/kaggle/input/datasets/rayeedaabir/lag-database-part1-uk/LAG_database_part1_UK/suspicious_glaucoma/image/3805.jpg,Glaucoma,6,train,d18d74919be56613
T3_LAG,/kaggle/input/datasets/rayeedaabir/lag-database-part1-uk/LAG_database_part1_UK/suspicious_glaucoma/image/3806.jpg,Glaucoma,6,train,c3e33c3c43c3a91e
T3_LAG,/kaggle/input/datasets/rayeedaabir/lag-database-part1-uk/LAG_database_part1_UK/suspicious_glaucoma/image/3809.jpg,Glaucoma,6,test,94946b4b4bb5b496
T3_LAG,/kaggle/input/datasets/rayeedaabir/lag-database-part1-uk/LAG_database_part1_UK/suspicious_glaucoma/image/3816.jpg,Glaucoma,6,train,c1a83e5ce1f11e2b
T3_LAG,/kaggle/input/datasets/rayeedaabir/lag-database-part1-uk/LAG_database_part1_UK/suspicious_glaucoma/image/3825.jpg,Glaucoma,6,train,d7ce650a97385513
T3_LAG,/kaggle/input/datasets/rayeedaabir/lag-database-part1-uk/LAG_database_part1_UK/suspicious_glaucoma/image/3826.jpg,Glaucoma,6,val,cd0c33334dd86573
T3_LAG,/kaggle/input/datasets/rayeedaabir/lag-database-part1-uk/LAG_database_part1_UK/suspicious_glaucoma/image/3839.jpg,Glaucoma,6,test,81c7343c43c71f3e
T3_LAG,/kaggle/input/datasets/rayeedaabir/lag-database-part1-uk/LAG_database_part1_UK/suspicious_glaucoma/image/3842.jpg,Glaucoma,6,test,95274b4b34b54a6b
T3_LAG,/kaggle/input/datasets/rayeedaabir/lag-database-part1-uk/LAG_database_part1_UK/suspicious_glaucoma/image/3843.jpg,Glaucoma,6,test,d3926d6d9293486d
T3_LAG,/kaggle/input/datasets/rayeedaabir/lag-database-part1-uk/LAG_database_part1_UK/suspicious_glaucoma/image/3851.jpg,Glaucoma,6,train,c3c33c7ec383383c
T3_LAG,/kaggle/input/datasets/rayeedaabir/lag-database-part1-uk/LAG_database_part1_UK/suspicious_glaucoma/image/3854.jpg,Glaucoma,6,val,d624696d96b4494f
T3_LAG,/kaggle/input/datasets/rayeedaabir/lag-database-part1-uk/LAG_database_part1_UK/suspicious_glaucoma/image/3855.jpg,Glaucoma,6,test,822a7999376c6dcc
T3_LAG,/kaggle/input/datasets/rayeedaabir/lag-database-part1-uk/LAG_database_part1_UK/suspicious_glaucoma/image/3863.jpg,Glaucoma,6,val,939b6664259b99b4
T3_LAG,/kaggle/input/datasets/rayeedaabir/lag-database-part1-uk/LAG_database_part1_UK/suspicious_glaucoma/image/3868.jpg,Glaucoma,6,train,81611e9e1ee3c3e3
T3_LAG,/kaggle/input/datasets/rayeedaabir/lag-database-part1-uk/LAG_database_part1_UK/suspicious_glaucoma/image/3874.jpg,Glaucoma,6,train,944f55ed54d3406d
T3_LAG,/kaggle/input/datasets/rayeedaabir/lag-database-part1-uk/LAG_database_part1_UK/suspicious_glaucoma/image/3876.jpg,Glaucoma,6,train,94d0556d56966c6d
T3_LAG,/kaggle/input/datasets/rayeedaabir/lag-database-part1-uk/LAG_database_part1_UK/suspicious_glaucoma/image/3878.jpg,Glaucoma,6,train,d39b64ec119b5564
T3_LAG,/kaggle/input/datasets/rayeedaabir/lag-database-part1-uk/LAG_database_part1_UK/suspicious_glaucoma/image/3879.jpg,Glaucoma,6,train,893f20ee01db1577
T3_LAG,/kaggle/input/datasets/rayeedaabir/lag-database-part1-uk/LAG_database_part1_UK/suspicious_glaucoma/image/3882.jpg,Glaucoma,6,train,d6d169491696674d
T3_LAG,/kaggle/input/datasets/rayeedaabir/lag-database-part1-uk/LAG_database_part1_UK/suspicious_glaucoma/image/3886.jpg,Glaucoma,6,train,97b16565d2936c64
T3_LAG,/kaggle/input/datasets/rayeedaabir/lag-database-part1-uk/LAG_database_part1_UK/suspicious_glaucoma/image/3889.jpg,Glaucoma,6,train,952d5a4a95b55a4b
T3_LAG,/kaggle/input/datasets/rayeedaabir/lag-database-part1-uk/LAG_database_part1_UK/suspicious_glaucoma/image/3890.jpg,Glaucoma,6,train,8083161e6fe19f3e
T3_LAG,/kaggle/input/datasets/rayeedaabir/lag-database-part1-uk/LAG_database_part1_UK/suspicious_glaucoma/image/3899.jpg,Glaucoma,6,val,803e217305fd5577
T3_LAG,/kaggle/input/datasets/rayeedaabir/lag-database-part1-uk/LAG_database_part1_UK/suspicious_glaucoma/image/3903.jpg,Glaucoma,6,val,c6af39b846c72139
T3_LAG,/kaggle/input/datasets/rayeedaabir/lag-database-part1-uk/LAG_database_part1_UK/suspicious_glaucoma/image/3915.jpg,Glaucoma,6,train,cc9f317f00de0533
T3_LAG,/kaggle/input/datasets/rayeedaabir/lag-database-part1-uk/LAG_database_part1_UK/suspicious_glaucoma/image/3916.jpg,Glaucoma,6,train,94b5555d56965269
T3_LAG,/kaggle/input/datasets/rayeedaabir/lag-database-part1-uk/LAG_database_part1_UK/suspicious_glaucoma/image/3922.jpg,Glaucoma,6,val,c0763ecb41b71c4b
T3_LAG,/kaggle/input/datasets/rayeedaabir/lag-database-part1-uk/LAG_database_part1_UK/suspicious_glaucoma/image/3924.jpg,Glaucoma,6,train,dd1d2277019d1177
T3_LAG,/kaggle/input/datasets/rayeedaabir/lag-database-part1-uk/LAG_database_part1_UK/suspicious_glaucoma/image/3926.jpg,Glaucoma,6,train,c0e13c3e1ee3c3e1
T3_LAG,/kaggle/input/datasets/rayeedaabir/lag-database-part1-uk/LAG_database_part1_UK/suspicious_glaucoma/image/3927.jpg,Glaucoma,6,train,d193746c65939ad1
T3_LAG,/kaggle/input/datasets/rayeedaabir/lag-database-part1-uk/LAG_database_part1_UK/suspicious_glaucoma/image/3930.jpg,Glaucoma,6,train,95956b6604966e6b
T3_LAG,/kaggle/input/datasets/rayeedaabir/lag-database-part1-uk/LAG_database_part1_UK/suspicious_glaucoma/image/3931.jpg,Glaucoma,6,val,c26f303f00ef867c
T3_LAG,/kaggle/input/datasets/rayeedaabir/lag-database-part1-uk/LAG_database_part1_UK/suspicious_glaucoma/image/3932.jpg,Glaucoma,6,val,c1ff303c01c3137f
T3_LAG,/kaggle/input/datasets/rayeedaabir/lag-database-part1-uk/LAG_database_part1_UK/suspicious_glaucoma/image/3934.jpg,Glaucoma,6,train,8ccc33336bdc9866
T3_LAG,/kaggle/input/datasets/rayeedaabir/lag-database-part1-uk/LAG_database_part1_UK/suspicious_glaucoma/image/3937.jpg,Glaucoma,6,train,c0e73c3fc0c32c3e
T3_LAG,/kaggle/input/datasets/rayeedaabir/lag-database-part1-uk/LAG_database_part1_UK/suspicious_glaucoma/image/3939.jpg,Glaucoma,6,train,c54c373355ccdc23
T3_LAG,/kaggle/input/datasets/rayeedaabir/lag-database-part1-uk/LAG_database_part1_UK/suspicious_glaucoma/image/3941.jpg,Glaucoma,6,train,956e333348cf433c
T3_LAG,/kaggle/input/datasets/rayeedaabir/lag-database-part1-uk/LAG_database_part1_UK/suspicious_glaucoma/image/3946.jpg,Glaucoma,6,train,843f73f304cc5533
T3_LAG,/kaggle/input/datasets/rayeedaabir/lag-database-part1-uk/LAG_database_part1_UK/suspicious_glaucoma/image/3947.jpg,Glaucoma,6,train,95295556553d35a5
T3_LAG,/kaggle/input/datasets/rayeedaabir/lag-database-part1-uk/LAG_database_part1_UK/suspicious_glaucoma/image/3951.jpg,Glaucoma,6,train,dd2c33334c8c7633
T3_LAG,/kaggle/input/datasets/rayeedaabir/lag-database-part1-uk/LAG_database_part1_UK/suspicious_glaucoma/image/3953.jpg,Glaucoma,6,train,80e01c1f1f1fe3f1
T3_LAG,/kaggle/input/datasets/rayeedaabir/lag-database-part1-uk/LAG_database_part1_UK/suspicious_glaucoma/image/3958.jpg,Glaucoma,6,train,c1f11e3e61e31c3c
T3_LAG,/kaggle/input/datasets/rayeedaabir/lag-database-part1-uk/LAG_database_part1_UK/suspicious_glaucoma/image/3961.jpg,Glaucoma,6,val,87cf287d42ef1138
T3_LAG,/kaggle/input/datasets/rayeedaabir/lag-database-part1-uk/LAG_database_part1_UK/suspicious_glaucoma/image/3964.jpg,Glaucoma,6,test,f56b525a82a55a5a
T3_LAG,/kaggle/input/datasets/rayeedaabir/lag-database-part1-uk/LAG_database_part1_UK/suspicious_glaucoma/image/3971.jpg,Glaucoma,6,train,d533568b729c4a4b
T3_LAG,/kaggle/input/datasets/rayeedaabir/lag-database-part1-uk/LAG_database_part1_UK/suspicious_glaucoma/image/3974.jpg,Glaucoma,6,train,d5a54a4b94b56a4b
T3_LAG,/kaggle/input/datasets/rayeedaabir/lag-database-part1-uk/LAG_database_part1_UK/suspicious_glaucoma/image/3977.jpg,Glaucoma,6,test,d5b46b4b14b5b249
T3_LAG,/kaggle/input/datasets/rayeedaabir/lag-database-part1-uk/LAG_database_part1_UK/suspicious_glaucoma/image/3979.jpg,Glaucoma,6,val,d0e1000b0ffe1f7d
T3_LAG,/kaggle/input/datasets/rayeedaabir/lag-database-part1-uk/LAG_database_part1_UK/suspicious_glaucoma/image/3980.jpg,Glaucoma,6,train,c3c7383c4cc7c738
T3_LAG,/kaggle/input/datasets/rayeedaabir/lag-database-part1-uk/LAG_database_part1_UK/suspicious_glaucoma/image/3991.jpg,Glaucoma,6,train,d92626999966279d
T3_LAG,/kaggle/input/datasets/rayeedaabir/lag-database-part1-uk/LAG_database_part1_UK/suspicious_glaucoma/image/3997.jpg,Glaucoma,6,train,821f69a712f66969
T3_LAG,/kaggle/input/datasets/rayeedaabir/lag-database-part1-uk/LAG_database_part1_UK/suspicious_glaucoma/image/4001.jpg,Glaucoma,6,train,803f23e10f9c3f71
T3_LAG,/kaggle/input/datasets/rayeedaabir/lag-database-part1-uk/LAG_database_part1_UK/suspicious_glaucoma/image/4005.jpg,Glaucoma,6,train,d768641d9bb2642d
T3_LAG,/kaggle/input/datasets/rayeedaabir/lag-database-part1-uk/LAG_database_part1_UK/suspicious_glaucoma/image/4009.jpg,Glaucoma,6,val,c1f11c3e41c33f3c
T3_LAG,/kaggle/input/datasets/rayeedaabir/lag-database-part1-uk/LAG_database_part1_UK/suspicious_glaucoma/image/4014.jpg,Glaucoma,6,val,9686696b55945d69
T3_LAG,/kaggle/input/datasets/rayeedaabir/lag-database-part1-uk/LAG_database_part1_UK/suspicious_glaucoma/image/4015.jpg,Glaucoma,6,train,c64f30b9c6cf043b
T3_LAG,/kaggle/input/datasets/rayeedaabir/lag-database-part1-uk/LAG_database_part1_UK/suspicious_glaucoma/image/4019.jpg,Glaucoma,6,train,c079378e784d0fe1
T3_LAG,/kaggle/input/datasets/rayeedaabir/lag-database-part1-uk/LAG_database_part1_UK/suspicious_glaucoma/image/4020.jpg,Glaucoma,6,train,92536d6593921d6e
T3_LAG,/kaggle/input/datasets/rayeedaabir/lag-database-part1-uk/LAG_database_part1_UK/suspicious_glaucoma/image/4021.jpg,Glaucoma,6,train,926b699192fd6c91
T3_LAG,/kaggle/input/datasets/rayeedaabir/lag-database-part1-uk/LAG_database_part1_UK/suspicious_glaucoma/image/4022.jpg,Glaucoma,6,val,95e46b6b34b4514b
T3_LAG,/kaggle/input/datasets/rayeedaabir/lag-database-part1-uk/LAG_database_part1_UK/suspicious_glaucoma/image/4025.jpg,Glaucoma,6,train,93756c95936c6493
T3_LAG,/kaggle/input/datasets/rayeedaabir/lag-database-part1-uk/LAG_database_part1_UK/suspicious_glaucoma/image/4028.jpg,Glaucoma,6,train,944d6b1596fa494e
T3_LAG,/kaggle/input/datasets/rayeedaabir/lag-database-part1-uk/LAG_database_part1_UK/suspicious_glaucoma/image/4029.jpg,Glaucoma,6,val,84bb73c1ccda313a
T3_LAG,/kaggle/input/datasets/rayeedaabir/lag-database-part1-uk/LAG_database_part1_UK/suspicious_glaucoma/image/4031.jpg,Glaucoma,6,test,91c976a599356665
T3_LAG,/kaggle/input/datasets/rayeedaabir/lag-database-part1-uk/LAG_database_part1_UK/suspicious_glaucoma/image/4032.jpg,Glaucoma,6,train,a55a5aa5a55a55a6
T3_LAG,/kaggle/input/datasets/rayeedaabir/lag-database-part1-uk/LAG_database_part1_UK/suspicious_glaucoma/image/4037.jpg,Glaucoma,6,val,d4c45b497296b669
T3_LAG,/kaggle/input/datasets/rayeedaabir/lag-database-part1-uk/LAG_database_part1_UK/suspicious_glaucoma/image/4040.jpg,Glaucoma,6,val,d64c293976e742e1
T3_LAG,/kaggle/input/datasets/rayeedaabir/lag-database-part1-uk/LAG_database_part1_UK/suspicious_glaucoma/image/4043.jpg,Glaucoma,6,val,d2d26d65149bd24d
T3_LAG,/kaggle/input/datasets/rayeedaabir/lag-database-part1-uk/LAG_database_part1_UK/suspicious_glaucoma/image/4044.jpg,Glaucoma,6,test,952b6ab5344b4bb4
T3_LAG,/kaggle/input/datasets/rayeedaabir/lag-database-part1-uk/LAG_database_part1_UK/suspicious_glaucoma/image/4045.jpg,Glaucoma,6,train,c060171f1fdfe0f0
T3_LAG,/kaggle/input/datasets/rayeedaabir/lag-database-part1-uk/LAG_database_part1_UK/suspicious_glaucoma/image/4048.jpg,Glaucoma,6,val,c07f039f60ff0307
T3_LAG,/kaggle/input/datasets/rayeedaabir/lag-database-part1-uk/LAG_database_part1_UK/suspicious_glaucoma/image/4057.jpg,Glaucoma,6,test,d439643705cd5177
T3_LAG,/kaggle/input/datasets/rayeedaabir/lag-database-part1-uk/LAG_database_part1_UK/suspicious_glaucoma/image/4058.jpg,Glaucoma,6,val,c3df307c43e71838
T3_LAG,/kaggle/input/datasets/rayeedaabir/lag-database-part1-uk/LAG_database_part1_UK/suspicious_glaucoma/image/4063.jpg,Glaucoma,6,train,d5c955b45549166d
T3_LAG,/kaggle/input/datasets/rayeedaabir/lag-database-part1-uk/LAG_database_part1_UK/suspicious_glaucoma/image/4072.jpg,Glaucoma,6,train,c687383962cf6479
T3_LAG,/kaggle/input/datasets/rayeedaabir/lag-database-part1-uk/LAG_database_part1_UK/suspicious_glaucoma/image/4075.jpg,Glaucoma,6,train,c36f3c3c43c33c38
T3_LAG,/kaggle/input/datasets/rayeedaabir/lag-database-part1-uk/LAG_database_part1_UK/suspicious_glaucoma/image/4076.jpg,Glaucoma,6,val,d3ff3c3cc0e3003c
T3_LAG,/kaggle/input/datasets/rayeedaabir/lag-database-part1-uk/LAG_database_part1_UK/suspicious_glaucoma/image/4082.jpg,Glaucoma,6,train,883f627708cd2377
T3_LAG,/kaggle/input/datasets/rayeedaabir/lag-database-part1-uk/LAG_database_part1_UK/suspicious_glaucoma/image/4083.jpg,Glaucoma,6,train,c07b6e9f80a5123f
T3_LAG,/kaggle/input/datasets/rayeedaabir/lag-database-part1-uk/LAG_database_part1_UK/suspicious_glaucoma/image/4095.jpg,Glaucoma,6,test,d06f6d379c0363c1
T3_LAG,/kaggle/input/datasets/rayeedaabir/lag-database-part1-uk/LAG_database_part1_UK/suspicious_glaucoma/image/4103.jpg,Glaucoma,6,train,d1b96564159b5574
T3_LAG,/kaggle/input/datasets/rayeedaabir/lag-database-part1-uk/LAG_database_part1_UK/suspicious_glaucoma/image/4105.jpg,Glaucoma,6,train,971a65e55692526d
T3_LAG,/kaggle/input/datasets/rayeedaabir/lag-database-part1-uk/LAG_database_part1_UK/suspicious_glaucoma/image/4117.jpg,Glaucoma,6,train,95ca452b55b55569
T3_LAG,/kaggle/input/datasets/rayeedaabir/lag-database-part1-uk/LAG_database_part1_UK/suspicious_glaucoma/image/4122.jpg,Glaucoma,6,train,c1e11e1e61e1e31f
T3_LAG,/kaggle/input/datasets/rayeedaabir/lag-database-part1-uk/LAG_database_part1_UK/suspicious_glaucoma/image/4123.jpg,Glaucoma,6,train,d56f558554c94237
T3_LAG,/kaggle/input/datasets/rayeedaabir/lag-database-part1-uk/LAG_database_part1_UK/suspicious_glaucoma/image/4129.jpg,Glaucoma,6,train,95b56a7a14944a6f
T3_LAG,/kaggle/input/datasets/rayeedaabir/lag-database-part1-uk/LAG_database_part1_UK/suspicious_glaucoma/image/4132.jpg,Glaucoma,6,train,d4e34916966d6996
T3_LAG,/kaggle/input/datasets/rayeedaabir/lag-database-part1-uk/LAG_database_part1_UK/suspicious_glaucoma/image/4135.jpg,Glaucoma,6,train,d44a552d56b66a69
T3_LAG,/kaggle/input/datasets/rayeedaabir/lag-database-part1-uk/LAG_database_part1_UK/suspicious_glaucoma/image/4145.jpg,Glaucoma,6,train,95ca69b6156b5594
T3_LAG,/kaggle/input/datasets/rayeedaabir/lag-database-part1-uk/LAG_database_part1_UK/suspicious_glaucoma/image/4147.jpg,Glaucoma,6,test,813f00bf039c1f7b
T3_LAG,/kaggle/input/datasets/rayeedaabir/lag-database-part1-uk/LAG_database_part1_UK/suspicious_glaucoma/image/4150.jpg,Glaucoma,6,train,c1033e3ec3e01f1f
T3_LAG,/kaggle/input/datasets/rayeedaabir/lag-database-part1-uk/LAG_database_part1_UK/suspicious_glaucoma/image/4155.jpg,Glaucoma,6,train,939a656c179b5564
T3_LAG,/kaggle/input/datasets/rayeedaabir/lag-database-part1-uk/LAG_database_part1_UK/suspicious_glaucoma/image/4160.jpg,Glaucoma,6,train,912554de35a9c557
T3_LAG,/kaggle/input/datasets/rayeedaabir/lag-database-part1-uk/LAG_database_part1_UK/suspicious_glaucoma/image/4161.jpg,Glaucoma,6,train,c0df003f03c7077f
T3_LAG,/kaggle/input/datasets/rayeedaabir/lag-database-part1-uk/LAG_database_part1_UK/suspicious_glaucoma/image/4169.jpg,Glaucoma,6,train,c3233c3cc3c33c3e
T3_LAG,/kaggle/input/datasets/rayeedaabir/lag-database-part1-uk/LAG_database_part1_UK/suspicious_glaucoma/image/4180.jpg,Glaucoma,6,val,d26c6d90936c6d99
T3_LAG,/kaggle/input/datasets/rayeedaabir/lag-database-part1-uk/LAG_database_part1_UK/suspicious_glaucoma/image/4184.jpg,Glaucoma,6,val,d6926d691596d4cc
T3_LAG,/kaggle/input/datasets/rayeedaabir/lag-database-part1-uk/LAG_database_part1_UK/suspicious_glaucoma/image/4196.jpg,Glaucoma,6,train,d1c976661899d966
T3_LAG,/kaggle/input/datasets/rayeedaabir/lag-database-part1-uk/LAG_database_part1_UK/suspicious_glaucoma/image/4199.jpg,Glaucoma,6,train,c30e3c5cc7c43c3d
T3_LAG,/kaggle/input/datasets/rayeedaabir/lag-database-part1-uk/LAG_database_part1_UK/suspicious_glaucoma/image/4204.jpg,Glaucoma,6,train,d53b4ade34b14a52
T3_LAG,/kaggle/input/datasets/rayeedaabir/lag-database-part1-uk/LAG_database_part1_UK/suspicious_glaucoma/image/4214.jpg,Glaucoma,6,train,83e730fa43c73878
T3_LAG,/kaggle/input/datasets/rayeedaabir/lag-database-part1-uk/LAG_database_part1_UK/suspicious_glaucoma/image/4221.jpg,Glaucoma,6,train,c6cf3838389bc78c
T3_LAG,/kaggle/input/datasets/rayeedaabir/lag-database-part1-uk/LAG_database_part1_UK/suspicious_glaucoma/image/4223.jpg,Glaucoma,6,test,c39e3c1ce6b23c31
T3_LAG,/kaggle/input/datasets/rayeedaabir/lag-database-part1-uk/LAG_database_part1_UK/suspicious_glaucoma/image/4224.jpg,Glaucoma,6,train,952d565675a95552
T3_LAG,/kaggle/input/datasets/rayeedaabir/lag-database-part1-uk/LAG_database_part1_UK/suspicious_glaucoma/image/4229.jpg,Glaucoma,6,train,883b221d88ff22ef
T3_LAG,/kaggle/input/datasets/rayeedaabir/lag-database-part1-uk/LAG_database_part1_UK/suspicious_glaucoma/image/4231.jpg,Glaucoma,6,train,9696696969949796
T3_LAG,/kaggle/input/datasets/rayeedaabir/lag-database-part1-uk/LAG_database_part1_UK/suspicious_glaucoma/image/4234.jpg,Glaucoma,6,train,89fa62c18999276f
T3_LAG,/kaggle/input/datasets/rayeedaabir/lag-database-part1-uk/LAG_database_part1_UK/suspicious_glaucoma/image/4240.jpg,Glaucoma,6,val,d3b56d441b936465
T3_LAG,/kaggle/input/datasets/rayeedaabir/lag-database-part1-uk/LAG_database_part1_UK/suspicious_glaucoma/image/4244.jpg,Glaucoma,6,train,92ad6d17926c6d92
T3_LAG,/kaggle/input/datasets/rayeedaabir/lag-database-part1-uk/LAG_database_part1_UK/suspicious_glaucoma/image/4248.jpg,Glaucoma,6,train,95ad56522db55652
T3_LAG,/kaggle/input/datasets/rayeedaabir/lag-database-part1-uk/LAG_database_part1_UK/suspicious_glaucoma/image/4249.jpg,Glaucoma,6,test,9c6b67059c9c6b8a
T3_LAG,/kaggle/input/datasets/rayeedaabir/lag-database-part1-uk/LAG_database_part1_UK/suspicious_glaucoma/image/4253.jpg,Glaucoma,6,test,d2246d93b36d6991
T3_LAG,/kaggle/input/datasets/rayeedaabir/lag-database-part1-uk/LAG_database_part1_UK/suspicious_glaucoma/image/4257.jpg,Glaucoma,6,train,d16e6c171ae96ec0
T3_LAG,/kaggle/input/datasets/rayeedaabir/lag-database-part1-uk/LAG_database_part1_UK/suspicious_glaucoma/image/4258.jpg,Glaucoma,6,test,dce772566ca96070
T3_LAG,/kaggle/input/datasets/rayeedaabir/lag-database-part1-uk/LAG_database_part1_UK/suspicious_glaucoma/image/4262.jpg,Glaucoma,6,train,83ff003c83ef033d
T3_LAG,/kaggle/input/datasets/rayeedaabir/lag-database-part1-uk/LAG_database_part1_UK/suspicious_glaucoma/image/4265.jpg,Glaucoma,6,val,87d23875c787383c
T3_LAG,/kaggle/input/datasets/rayeedaabir/lag-database-part1-uk/LAG_database_part1_UK/suspicious_glaucoma/image/4266.jpg,Glaucoma,6,train,d3d36d64119bd264
T3_LAG,/kaggle/input/datasets/rayeedaabir/lag-database-part1-uk/LAG_database_part1_UK/suspicious_glaucoma/image/4268.jpg,Glaucoma,6,train,d31564519b7c64cb
T3_LAG,/kaggle/input/datasets/rayeedaabir/lag-database-part1-uk/LAG_database_part1_UK/suspicious_glaucoma/image/4275.jpg,Glaucoma,6,train,93406c7e93af4669
T3_LAG,/kaggle/input/datasets/rayeedaabir/lag-database-part1-uk/LAG_database_part1_UK/suspicious_glaucoma/image/4281.jpg,Glaucoma,6,train,c17f3cee43c01c78
T3_LAG,/kaggle/input/datasets/rayeedaabir/lag-database-part1-uk/LAG_database_part1_UK/suspicious_glaucoma/image/4283.jpg,Glaucoma,6,val,c64f383900cf86fe
T3_LAG,/kaggle/input/datasets/rayeedaabir/lag-database-part1-uk/LAG_database_part1_UK/suspicious_glaucoma/image/4284.jpg,Glaucoma,6,train,918a7565d19b6665
T3_LAG,/kaggle/input/datasets/rayeedaabir/lag-database-part1-uk/LAG_database_part1_UK/suspicious_glaucoma/image/4287.jpg,Glaucoma,6,val,c1cf153c40f7143f
T3_LAG,/kaggle/input/datasets/rayeedaabir/lag-database-part1-uk/LAG_database_part1_UK/suspicious_glaucoma/image/4292.jpg,Glaucoma,6,val,d56e5bb114c94ab4
T3_LAG,/kaggle/input/datasets/rayeedaabir/lag-database-part1-uk/LAG_database_part1_UK/suspicious_glaucoma/image/4302.jpg,Glaucoma,6,train,d27a6d93926d6c90
T3_LAG,/kaggle/input/datasets/rayeedaabir/lag-database-part1-uk/LAG_database_part1_UK/suspicious_glaucoma/image/4303.jpg,Glaucoma,6,train,952a65cd5592556d
T3_LAG,/kaggle/input/datasets/rayeedaabir/lag-database-part1-uk/LAG_database_part1_UK/suspicious_glaucoma/image/4305.jpg,Glaucoma,6,train,d5c1656f1bb4b40c
T3_LAG,/kaggle/input/datasets/rayeedaabir/lag-database-part1-uk/LAG_database_part1_UK/suspicious_glaucoma/image/4310.jpg,Glaucoma,6,test,9e63798ea6194d62
T3_LAG,/kaggle/input/datasets/rayeedaabir/lag-database-part1-uk/LAG_database_part1_UK/suspicious_glaucoma/image/4313.jpg,Glaucoma,6,test,843e394cc6bb35e2
T3_LAG,/kaggle/input/datasets/rayeedaabir/lag-database-part1-uk/LAG_database_part1_UK/suspicious_glaucoma/image/4314.jpg,Glaucoma,6,train,946b559d52c56a95
T3_LAG,/kaggle/input/datasets/rayeedaabir/lag-database-part1-uk/LAG_database_part1_UK/suspicious_glaucoma/image/4319.jpg,Glaucoma,6,train,876a3835c6e7394a
T3_LAG,/kaggle/input/datasets/rayeedaabir/lag-database-part1-uk/LAG_database_part1_UK/suspicious_glaucoma/image/4321.jpg,Glaucoma,6,train,c11f3c7e43c61d38
T3_LAG,/kaggle/input/datasets/rayeedaabir/lag-database-part1-uk/LAG_database_part1_UK/suspicious_glaucoma/image/4323.jpg,Glaucoma,6,train,d53d52cb1ab54a4a
T3_LAG,/kaggle/input/datasets/rayeedaabir/lag-database-part1-uk/LAG_database_part1_UK/suspicious_glaucoma/image/4327.jpg,Glaucoma,6,test,c33d3cc720f4471e
T3_LAG,/kaggle/input/datasets/rayeedaabir/lag-database-part1-uk/LAG_database_part1_UK/suspicious_glaucoma/image/4332.jpg,Glaucoma,6,train,96b369b197466c89
T3_LAG,/kaggle/input/datasets/rayeedaabir/lag-database-part1-uk/LAG_database_part1_UK/suspicious_glaucoma/image/4339.jpg,Glaucoma,6,train,92ac5565559256ed
T3_LAG,/kaggle/input/datasets/rayeedaabir/lag-database-part1-uk/LAG_database_part1_UK/suspicious_glaucoma/image/4341.jpg,Glaucoma,6,train,c4cf307d02ef0778
T3_LAG,/kaggle/input/datasets/rayeedaabir/lag-database-part1-uk/LAG_database_part1_UK/suspicious_glaucoma/image/4343.jpg,Glaucoma,6,val,c55a558952e72a3d
T3_LAG,/kaggle/input/datasets/rayeedaabir/lag-database-part1-uk/LAG_database_part1_UK/suspicious_glaucoma/image/4345.jpg,Glaucoma,6,train,959375e457936264
T3_LAG,/kaggle/input/datasets/rayeedaabir/lag-database-part1-uk/LAG_database_part1_UK/suspicious_glaucoma/image/4348.jpg,Glaucoma,6,train,87c7383938c6c6cd
T3_LAG,/kaggle/input/datasets/rayeedaabir/lag-database-part1-uk/LAG_database_part1_UK/suspicious_glaucoma/image/4365.jpg,Glaucoma,6,train,d6e9698496696d92
T3_LAG,/kaggle/input/datasets/rayeedaabir/lag-database-part1-uk/LAG_database_part1_UK/suspicious_glaucoma/image/4366.jpg,Glaucoma,6,train,956a5527539b6625
T3_LAG,/kaggle/input/datasets/rayeedaabir/lag-database-part1-uk/LAG_database_part1_UK/suspicious_glaucoma/image/4367.jpg,Glaucoma,6,test,806b00b701df27ff
T3_LAG,/kaggle/input/datasets/rayeedaabir/lag-database-part1-uk/LAG_database_part1_UK/suspicious_glaucoma/image/4374.jpg,Glaucoma,6,train,95e1753b564d6891
T3_LAG,/kaggle/input/datasets/rayeedaabir/lag-database-part1-uk/LAG_database_part1_UK/suspicious_glaucoma/image/4376.jpg,Glaucoma,6,train,d1eb7409d1666699
T3_LAG,/kaggle/input/datasets/rayeedaabir/lag-database-part1-uk/LAG_database_part1_UK/suspicious_glaucoma/image/4383.jpg,Glaucoma,6,train,9c4c63671b9a6729
T3_LAG,/kaggle/input/datasets/rayeedaabir/lag-database-part1-uk/LAG_database_part1_UK/suspicious_glaucoma/image/4384.jpg,Glaucoma,6,val,94b5659554d6564b
T3_LAG,/kaggle/input/datasets/rayeedaabir/lag-database-part1-uk/LAG_database_part1_UK/suspicious_glaucoma/image/4391.jpg,Glaucoma,6,train,c7c33838c3c77139
T3_LAG,/kaggle/input/datasets/rayeedaabir/lag-database-part1-uk/LAG_database_part1_UK/suspicious_glaucoma/image/4397.jpg,Glaucoma,6,train,95954a4a35b55e5a
T3_LAG,/kaggle/input/datasets/rayeedaabir/lag-database-part1-uk/LAG_database_part1_UK/suspicious_glaucoma/image/4400.jpg,Glaucoma,6,train,903f215f40af23dd
T3_LAG,/kaggle/input/datasets/rayeedaabir/lag-database-part1-uk/LAG_database_part1_UK/suspicious_glaucoma/image/4408.jpg,Glaucoma,6,train,c26f207f00cf037f
T3_LAG,/kaggle/input/datasets/rayeedaabir/lag-database-part1-uk/LAG_database_part1_UK/suspicious_glaucoma/image/4413.jpg,Glaucoma,6,train,c3e3383c30e3c3a7
T3_LAG,/kaggle/input/datasets/rayeedaabir/lag-database-part1-uk/LAG_database_part1_UK/suspicious_glaucoma/image/4414.jpg,Glaucoma,6,train,c1f638a9c0ef107e
T3_LAG,/kaggle/input/datasets/rayeedaabir/lag-database-part1-uk/LAG_database_part1_UK/suspicious_glaucoma/image/4428.jpg,Glaucoma,6,train,9637694936966969
T3_LAG,/kaggle/input/datasets/rayeedaabir/lag-database-part1-uk/LAG_database_part1_UK/suspicious_glaucoma/image/4434.jpg,Glaucoma,6,train,d52b556d16954a4d
T3_LAG,/kaggle/input/datasets/rayeedaabir/lag-database-part1-uk/LAG_database_part1_UK/suspicious_glaucoma/image/4437.jpg,Glaucoma,6,test,817f00e343be1ceb
T3_LAG,/kaggle/input/datasets/rayeedaabir/lag-database-part1-uk/LAG_database_part1_UK/suspicious_glaucoma/image/4449.jpg,Glaucoma,6,train,896420c81f676fb7
T3_LAG,/kaggle/input/datasets/rayeedaabir/lag-database-part1-uk/LAG_database_part1_UK/suspicious_glaucoma/image/4453.jpg,Glaucoma,6,train,999b64661b99d466
T3_LAG,/kaggle/input/datasets/rayeedaabir/lag-database-part1-uk/LAG_database_part1_UK/suspicious_glaucoma/image/4457.jpg,Glaucoma,6,train,c2ff30bd82cf013c
T3_LAG,/kaggle/input/datasets/rayeedaabir/lag-database-part1-uk/LAG_database_part1_UK/suspicious_glaucoma/image/4459.jpg,Glaucoma,6,train,96e1691c16e96d96
T3_LAG,/kaggle/input/datasets/rayeedaabir/lag-database-part1-uk/LAG_database_part1_UK/suspicious_glaucoma/image/4460.jpg,Glaucoma,6,val,d1a976e619996626
T3_LAG,/kaggle/input/datasets/rayeedaabir/lag-database-part1-uk/LAG_database_part1_UK/suspicious_glaucoma/image/4461.jpg,Glaucoma,6,train,d26a6d9492ec6d92
T3_LAG,/kaggle/input/datasets/rayeedaabir/lag-database-part1-uk/LAG_database_part1_UK/suspicious_glaucoma/image/4467.jpg,Glaucoma,6,train,c07f105e03e71f3c
T3_LAG,/kaggle/input/datasets/rayeedaabir/lag-database-part1-uk/LAG_database_part1_UK/suspicious_glaucoma/image/4471.jpg,Glaucoma,6,train,d0f12f1f48e1c03f
T3_LAG,/kaggle/input/datasets/rayeedaabir/lag-database-part1-uk/LAG_database_part1_UK/suspicious_glaucoma/image/4474.jpg,Glaucoma,6,train,993166d3982c73c7
T3_LAG,/kaggle/input/datasets/rayeedaabir/lag-database-part1-uk/LAG_database_part1_UK/suspicious_glaucoma/image/4475.jpg,Glaucoma,6,train,92166dcb92f26d29
T3_LAG,/kaggle/input/datasets/rayeedaabir/lag-database-part1-uk/LAG_database_part1_UK/suspicious_glaucoma/image/4478.jpg,Glaucoma,6,train,94b56b4a94b46769
T3_LAG,/kaggle/input/datasets/rayeedaabir/lag-database-part1-uk/LAG_database_part1_UK/suspicious_glaucoma/image/4485.jpg,Glaucoma,6,train,d5b44a4a7ab5624b
T3_LAG,/kaggle/input/datasets/rayeedaabir/lag-database-part1-uk/LAG_database_part1_UK/suspicious_glaucoma/image/4490.jpg,Glaucoma,6,train,97926d6994956a6a
T3_LAG,/kaggle/input/datasets/rayeedaabir/lag-database-part1-uk/LAG_database_part1_UK/suspicious_glaucoma/image/4493.jpg,Glaucoma,6,train,d33d6c2199976c68
T3_LAG,/kaggle/input/datasets/rayeedaabir/lag-database-part1-uk/LAG_database_part1_UK/suspicious_glaucoma/image/4496.jpg,Glaucoma,6,train,d8680797f8f80f07
T3_LAG,/kaggle/input/datasets/rayeedaabir/lag-database-part1-uk/LAG_database_part1_UK/suspicious_glaucoma/image/4501.jpg,Glaucoma,6,train,c37b38cec3b8380e
T3_LAG,/kaggle/input/datasets/rayeedaabir/lag-database-part1-uk/LAG_database_part1_UK/suspicious_glaucoma/image/4506.jpg,Glaucoma,6,train,92ac6d92926d6d93
T3_LAG,/kaggle/input/datasets/rayeedaabir/lag-database-part1-uk/LAG_database_part1_UK/suspicious_glaucoma/image/4510.jpg,Glaucoma,6,test,d13a6ef4950332ec
T3_LAG,/kaggle/input/datasets/rayeedaabir/lag-database-part1-uk/LAG_database_part1_UK/suspicious_glaucoma/image/4511.jpg,Glaucoma,6,test,c76738b862c72d38
T3_LAG,/kaggle/input/datasets/rayeedaabir/lag-database-part1-uk/LAG_database_part1_UK/suspicious_glaucoma/image/4513.jpg,Glaucoma,6,train,d52e74b5cac132c6
T3_LAG,/kaggle/input/datasets/rayeedaabir/lag-database-part1-uk/LAG_database_part1_UK/suspicious_glaucoma/image/4518.jpg,Glaucoma,6,train,c1633c9e40e3c0ff
T3_LAG,/kaggle/input/datasets/rayeedaabir/lag-database-part1-uk/LAG_database_part1_UK/suspicious_glaucoma/image/4519.jpg,Glaucoma,6,test,d4df20fb44ce2073
T3_LAG,/kaggle/input/datasets/rayeedaabir/lag-database-part1-uk/LAG_database_part1_UK/suspicious_glaucoma/image/4521.jpg,Glaucoma,6,train,803376661dcd3a73
T3_LAG,/kaggle/input/datasets/rayeedaabir/lag-database-part1-uk/LAG_database_part1_UK/suspicious_glaucoma/image/4527.jpg,Glaucoma,6,test,d2966c6916962dec
T3_LAG,/kaggle/input/datasets/rayeedaabir/lag-database-part1-uk/LAG_database_part1_UK/suspicious_glaucoma/image/4528.jpg,Glaucoma,6,test,cccc3333cc8ccc73
T3_LAG,/kaggle/input/datasets/rayeedaabir/lag-database-part1-uk/LAG_database_part1_UK/suspicious_glaucoma/image/4529.jpg,Glaucoma,6,test,c4462fb9313939b9
T3_LAG,/kaggle/input/datasets/rayeedaabir/lag-database-part1-uk/LAG_database_part1_UK/suspicious_glaucoma/image/4546.jpg,Glaucoma,6,test,95685994d56b55b2
T3_LAG,/kaggle/input/datasets/rayeedaabir/lag-database-part1-uk/LAG_database_part1_UK/suspicious_glaucoma/image/4549.jpg,Glaucoma,6,train,c3d7383cc7c72039
T3_LAG,/kaggle/input/datasets/rayeedaabir/lag-database-part1-uk/LAG_database_part1_UK/suspicious_glaucoma/image/4551.jpg,Glaucoma,6,train,807d22a71f992f66
T3_LAG,/kaggle/input/datasets/rayeedaabir/lag-database-part1-uk/LAG_database_part1_UK/suspicious_glaucoma/image/4553.jpg,Glaucoma,6,train,d4d4690b16b4766b
T3_LAG,/kaggle/input/datasets/rayeedaabir/lag-database-part1-uk/LAG_database_part1_UK/suspicious_glaucoma/image/4556.jpg,Glaucoma,6,val,d592754d5692526d
T3_LAG,/kaggle/input/datasets/rayeedaabir/lag-database-part1-uk/LAG_database_part1_UK/suspicious_glaucoma/image/4564.jpg,Glaucoma,6,test,d599666317946479
T3_LAG,/kaggle/input/datasets/rayeedaabir/lag-database-part1-uk/LAG_database_part1_UK/suspicious_glaucoma/image/4569.jpg,Glaucoma,6,train,d50b553c552d4ab5
T3_LAG,/kaggle/input/datasets/rayeedaabir/lag-database-part1-uk/LAG_database_part1_UK/suspicious_glaucoma/image/4570.jpg,Glaucoma,6,train,d1cb742519997666
T3_LAG,/kaggle/input/datasets/rayeedaabir/lag-database-part1-uk/LAG_database_part1_UK/suspicious_glaucoma/image/4572.jpg,Glaucoma,6,test,c6c7313904cec73b
T3_LAG,/kaggle/input/datasets/rayeedaabir/lag-database-part1-uk/LAG_database_part1_UK/suspicious_glaucoma/image/4577.jpg,Glaucoma,6,train,92a66d0992de6d66
T3_LAG,/kaggle/input/datasets/rayeedaabir/lag-database-part1-uk/LAG_database_part1_UK/suspicious_glaucoma/image/4582.jpg,Glaucoma,6,train,9457494996976b69
T3_LAG,/kaggle/input/datasets/rayeedaabir/lag-database-part1-uk/LAG_database_part1_UK/suspicious_glaucoma/image/4587.jpg,Glaucoma,6,train,d6e1691c16c469f6
T3_LAG,/kaggle/input/datasets/rayeedaabir/lag-database-part1-uk/LAG_database_part1_UK/suspicious_glaucoma/image/4592.jpg,Glaucoma,6,test,816f3c7843c71e3c
T3_LAG,/kaggle/input/datasets/rayeedaabir/lag-database-part1-uk/LAG_database_part1_UK/suspicious_glaucoma/image/4596.jpg,Glaucoma,6,train,95956d6a55175549
T3_LAG,/kaggle/input/datasets/rayeedaabir/lag-database-part1-uk/LAG_database_part1_UK/suspicious_glaucoma/image/4598.jpg,Glaucoma,6,val,d1156c6399b166f8
T3_LAG,/kaggle/input/datasets/rayeedaabir/lag-database-part1-uk/LAG_database_part1_UK/suspicious_glaucoma/image/4602.jpg,Glaucoma,6,train,93ca652dd5935265
T3_LAG,/kaggle/input/datasets/rayeedaabir/lag-database-part1-uk/LAG_database_part1_UK/suspicious_glaucoma/image/4610.jpg,Glaucoma,6,val,d5eb4a3535c34a34
T3_LAG,/kaggle/input/datasets/rayeedaabir/lag-database-part1-uk/LAG_database_part1_UK/suspicious_glaucoma/image/4615.jpg,Glaucoma,6,train,8855227709df3277
T3_LAG,/kaggle/input/datasets/rayeedaabir/lag-database-part1-uk/LAG_database_part1_UK/suspicious_glaucoma/image/4617.jpg,Glaucoma,6,train,d6b2696d0792926d
T3_LAG,/kaggle/input/datasets/rayeedaabir/lag-database-part1-uk/LAG_database_part1_UK/suspicious_glaucoma/image/4620.jpg,Glaucoma,6,train,91c3656d539b6465
T3_LAG,/kaggle/input/datasets/rayeedaabir/lag-database-part1-uk/LAG_database_part1_UK/suspicious_glaucoma/image/4621.jpg,Glaucoma,6,train,c0bf137fc0f8021f
T3_LAG,/kaggle/input/datasets/rayeedaabir/lag-database-part1-uk/LAG_database_part1_UK/suspicious_glaucoma/image/4627.jpg,Glaucoma,6,test,893f666619d93266
T3_LAG,/kaggle/input/datasets/rayeedaabir/lag-database-part1-uk/LAG_database_part1_UK/suspicious_glaucoma/image/4630.jpg,Glaucoma,6,test,989e6761699e9692
T3_LAG,/kaggle/input/datasets/rayeedaabir/lag-database-part1-uk/LAG_database_part1_UK/suspicious_glaucoma/image/4631.jpg,Glaucoma,6,val,c03f1ce3c13c1ee3
T3_LAG,/kaggle/input/datasets/rayeedaabir/lag-database-part1-uk/LAG_database_part1_UK/suspicious_glaucoma/image/4634.jpg,Glaucoma,6,train,c1d3345e41e3273e
T3_LAG,/kaggle/input/datasets/rayeedaabir/lag-database-part1-uk/LAG_database_part1_UK/suspicious_glaucoma/image/4636.jpg,Glaucoma,6,train,966b203c46cf217f
T3_LAG,/kaggle/input/datasets/rayeedaabir/lag-database-part1-uk/LAG_database_part1_UK/suspicious_glaucoma/image/4637.jpg,Glaucoma,6,train,c6c7383847c7a339
T3_LAG,/kaggle/input/datasets/rayeedaabir/lag-database-part1-uk/LAG_database_part1_UK/suspicious_glaucoma/image/4638.jpg,Glaucoma,6,test,d826630f8c99da73
T3_LAG,/kaggle/input/datasets/rayeedaabir/lag-database-part1-uk/LAG_database_part1_UK/suspicious_glaucoma/image/4639.jpg,Glaucoma,6,test,9662691d169d696b
T3_LAG,/kaggle/input/datasets/rayeedaabir/lag-database-part1-uk/LAG_database_part1_UK/suspicious_glaucoma/image/4646.jpg,Glaucoma,6,train,d5d56515555d5541
T3_LAG,/kaggle/input/datasets/rayeedaabir/lag-database-part1-uk/LAG_database_part1_UK/suspicious_glaucoma/image/4647.jpg,Glaucoma,6,train,92b36d659293656c
T3_LAG,/kaggle/input/datasets/rayeedaabir/lag-database-part1-uk/LAG_database_part1_UK/suspicious_glaucoma/image/4651.jpg,Glaucoma,6,test,c0e31f3f01e1e03f
T3_LAG,/kaggle/input/datasets/rayeedaabir/lag-database-part1-uk/LAG_database_part1_UK/suspicious_glaucoma/image/4653.jpg,Glaucoma,6,train,c2953c7e43c73c38
T3_LAG,/kaggle/input/datasets/rayeedaabir/lag-database-part1-uk/LAG_database_part1_UK/suspicious_glaucoma/image/4656.jpg,Glaucoma,6,train,9532551875ad575a
T3_LAG,/kaggle/input/datasets/rayeedaabir/lag-database-part1-uk/LAG_database_part1_UK/suspicious_glaucoma/image/4657.jpg,Glaucoma,6,train,c1fb007e05e0d7ba
T3_LAG,/kaggle/input/datasets/rayeedaabir/lag-database-part1-uk/LAG_database_part1_UK/suspicious_glaucoma/image/4661.jpg,Glaucoma,6,train,d6d5651c16e16d92
T3_LAG,/kaggle/input/datasets/rayeedaabir/lag-database-part1-uk/LAG_database_part1_UK/suspicious_glaucoma/image/4668.jpg,Glaucoma,6,train,9535555275a9d552
T3_LAG,/kaggle/input/datasets/rayeedaabir/lag-database-part1-uk/LAG_database_part1_UK/suspicious_glaucoma/image/4671.jpg,Glaucoma,6,train,c162343c43c73f3d
T3_LAG,/kaggle/input/datasets/rayeedaabir/lag-database-part1-uk/LAG_database_part1_UK/suspicious_glaucoma/image/4679.jpg,Glaucoma,6,train,9b9d64361b9b6464
T3_LAG,/kaggle/input/datasets/rayeedaabir/lag-database-part1-uk/LAG_database_part1_UK/suspicious_glaucoma/image/4680.jpg,Glaucoma,6,train,8da975a555cd5425
T3_LAG,/kaggle/input/datasets/rayeedaabir/lag-database-part1-uk/LAG_database_part1_UK/suspicious_glaucoma/image/4683.jpg,Glaucoma,6,test,c0e03f1f59e0e03f
T3_LAG,/kaggle/input/datasets/rayeedaabir/lag-database-part1-uk/LAG_database_part1_UK/suspicious_glaucoma/image/4692.jpg,Glaucoma,6,train,c7943071c7cf3839
T3_LAG,/kaggle/input/datasets/rayeedaabir/lag-database-part1-uk/LAG_database_part1_UK/suspicious_glaucoma/image/4693.jpg,Glaucoma,6,train,c763383c42c7c53b
T3_LAG,/kaggle/input/datasets/rayeedaabir/lag-database-part1-uk/LAG_database_part1_UK/suspicious_glaucoma/image/4702.jpg,Glaucoma,6,train,d5ed4ada12b54a4a
T3_LAG,/kaggle/input/datasets/rayeedaabir/lag-database-part1-uk/LAG_database_part1_UK/suspicious_glaucoma/image/4706.jpg,Glaucoma,6,train,d57a52b5b44a4aa5
T3_LAG,/kaggle/input/datasets/rayeedaabir/lag-database-part1-uk/LAG_database_part1_UK/suspicious_glaucoma/image/4710.jpg,Glaucoma,6,train,94f46b1b94b7494a
T3_LAG,/kaggle/input/datasets/rayeedaabir/lag-database-part1-uk/LAG_database_part1_UK/suspicious_glaucoma/image/4723.jpg,Glaucoma,6,train,946e693606ff6e01
T3_LAG,/kaggle/input/datasets/rayeedaabir/lag-database-part1-uk/LAG_database_part1_UK/suspicious_glaucoma/image/4726.jpg,Glaucoma,6,train,90db66d2996372c9
T3_LAG,/kaggle/input/datasets/rayeedaabir/lag-database-part1-uk/LAG_database_part1_UK/suspicious_glaucoma/image/4732.jpg,Glaucoma,6,train,c1581e1fe3e73819
T3_LAG,/kaggle/input/datasets/rayeedaabir/lag-database-part1-uk/LAG_database_part1_UK/suspicious_glaucoma/image/4733.jpg,Glaucoma,6,val,8036039f4ff01f1f
T3_LAG,/kaggle/input/datasets/rayeedaabir/lag-database-part1-uk/LAG_database_part1_UK/suspicious_glaucoma/image/4742.jpg,Glaucoma,6,train,c1bf48db81bd1cc2
T3_LAG,/kaggle/input/datasets/rayeedaabir/lag-database-part1-uk/LAG_database_part1_UK/suspicious_glaucoma/image/4747.jpg,Glaucoma,6,train,95b54b49b6b44a6a
T3_LAG,/kaggle/input/datasets/rayeedaabir/lag-database-part1-uk/LAG_database_part1_UK/suspicious_glaucoma/image/4749.jpg,Glaucoma,6,test,decf203900cf84ef
T3_LAG,/kaggle/input/datasets/rayeedaabir/lag-database-part1-uk/LAG_database_part1_UK/suspicious_glaucoma/image/4750.jpg,Glaucoma,6,val,9599746553936a6c
T3_LAG,/kaggle/input/datasets/rayeedaabir/lag-database-part1-uk/LAG_database_part1_UK/suspicious_glaucoma/image/4756.jpg,Glaucoma,6,train,c1fc3cc3c33c3cc1
T3_LAG,/kaggle/input/datasets/rayeedaabir/lag-database-part1-uk/LAG_database_part1_UK/suspicious_glaucoma/image/4757.jpg,Glaucoma,6,train,953552ca35bd534a
T3_LAG,/kaggle/input/datasets/rayeedaabir/lag-database-part1-uk/LAG_database_part1_UK/suspicious_glaucoma/image/4759.jpg,Glaucoma,6,train,8296696d1796556d
T3_LAG,/kaggle/input/datasets/rayeedaabir/lag-database-part1-uk/LAG_database_part1_UK/suspicious_glaucoma/image/4763.jpg,Glaucoma,6,train,c8ed6328982767d3
T3_LAG,/kaggle/input/datasets/rayeedaabir/lag-database-part1-uk/LAG_database_part1_UK/suspicious_glaucoma/image/4770.jpg,Glaucoma,6,train,d4975d4d12966a69
T3_LAG,/kaggle/input/datasets/rayeedaabir/lag-database-part1-uk/LAG_database_part1_UK/suspicious_glaucoma/image/4771.jpg,Glaucoma,6,test,81ff1cd3813c1ce3
T3_LAG,/kaggle/input/datasets/rayeedaabir/lag-database-part1-uk/LAG_database_part1_UK/suspicious_glaucoma/image/4774.jpg,Glaucoma,6,train,c23f207f82fc1978
T3_LAG,/kaggle/input/datasets/rayeedaabir/lag-database-part1-uk/LAG_database_part1_UK/suspicious_glaucoma/image/4777.jpg,Glaucoma,6,train,951e6be194f44b15
T3_LAG,/kaggle/input/datasets/rayeedaabir/lag-database-part1-uk/LAG_database_part1_UK/suspicious_glaucoma/image/4778.jpg,Glaucoma,6,train,d5da456d529b6a24
T3_LAG,/kaggle/input/datasets/rayeedaabir/lag-database-part1-uk/LAG_database_part1_UK/suspicious_glaucoma/image/4779.jpg,Glaucoma,6,val,c1ef3c3c40c7c33c
T3_LAG,/kaggle/input/datasets/rayeedaabir/lag-database-part1-uk/LAG_database_part1_UK/suspicious_glaucoma/image/4780.jpg,Glaucoma,6,train,946b6b94966b32b1
T3_LAG,/kaggle/input/datasets/rayeedaabir/lag-database-part1-uk/LAG_database_part1_UK/suspicious_glaucoma/image/4781.jpg,Glaucoma,6,train,d368643b9be06497
T3_LAG,/kaggle/input/datasets/rayeedaabir/lag-database-part1-uk/LAG_database_part1_UK/suspicious_glaucoma/image/4783.jpg,Glaucoma,6,train,dc2f233348dd0277
T3_LAG,/kaggle/input/datasets/rayeedaabir/lag-database-part1-uk/LAG_database_part1_UK/suspicious_glaucoma/image/4785.jpg,Glaucoma,6,train,c667383918cec6c7
T3_LAG,/kaggle/input/datasets/rayeedaabir/lag-database-part1-uk/LAG_database_part1_UK/suspicious_glaucoma/image/4786.jpg,Glaucoma,6,train,d42f690616df6f02
T3_LAG,/kaggle/input/datasets/rayeedaabir/lag-database-part1-uk/LAG_database_part1_UK/suspicious_glaucoma/image/4787.jpg,Glaucoma,6,train,92926d6d259296bb
T3_LAG,/kaggle/input/datasets/rayeedaabir/lag-database-part1-uk/LAG_database_part1_UK/suspicious_glaucoma/image/4788.jpg,Glaucoma,6,train,80773fcec26c3931
T3_LAG,/kaggle/input/datasets/rayeedaabir/lag-database-part1-uk/LAG_database_part1_UK/suspicious_glaucoma/image/4790.jpg,Glaucoma,6,train,85a9753555b4552d
T3_LAG,/kaggle/input/datasets/rayeedaabir/lag-database-part1-uk/LAG_database_part1_UK/suspicious_glaucoma/image/4796.jpg,Glaucoma,6,val,c6ef317846ce3039
T3_LAG,/kaggle/input/datasets/rayeedaabir/lag-database-part1-uk/LAG_database_part1_UK/suspicious_glaucoma/image/4797.jpg,Glaucoma,6,test,c0e13e1ec1e13d1f
T3_LAG,/kaggle/input/datasets/rayeedaabir/lag-database-part1-uk/LAG_database_part1_UK/suspicious_glaucoma/image/4798.jpg,Glaucoma,6,train,d66d653f12c06837
T3_LAG,/kaggle/input/datasets/rayeedaabir/lag-database-part1-uk/LAG_database_part1_UK/suspicious_glaucoma/image/4804.jpg,Glaucoma,6,train,d416656957b696c1
T3_LAG,/kaggle/input/datasets/rayeedaabir/lag-database-part1-uk/LAG_database_part1_UK/suspicious_glaucoma/image/4808.jpg,Glaucoma,6,val,c377383cc3c73838
T3_LAG,/kaggle/input/datasets/rayeedaabir/lag-database-part1-uk/LAG_database_part1_UK/suspicious_glaucoma/image/4818.jpg,Glaucoma,6,test,d18b642e199b7566
T3_LAG,/kaggle/input/datasets/rayeedaabir/lag-database-part1-uk/LAG_database_part1_UK/suspicious_glaucoma/image/4820.jpg,Glaucoma,6,test,fc7f607f80fc0130
T3_LAG,/kaggle/input/datasets/rayeedaabir/lag-database-part1-uk/LAG_database_part1_UK/suspicious_glaucoma/image/4837.jpg,Glaucoma,6,val,d3a365651593d364
T3_LAG,/kaggle/input/datasets/rayeedaabir/lag-database-part1-uk/LAG_database_part1_UK/suspicious_glaucoma/image/4838.jpg,Glaucoma,6,test,d52c559b54355a65
T3_LAG,/kaggle/input/datasets/rayeedaabir/lag-database-part1-uk/LAG_database_part1_UK/suspicious_glaucoma/image/4844.jpg,Glaucoma,6,train,94e1613f16d3496d
T3_LAG,/kaggle/input/datasets/rayeedaabir/lag-database-part1-uk/LAG_database_part1_UK/suspicious_glaucoma/image/4846.jpg,Glaucoma,6,train,c7be3842c6b130e7
T3_LAG,/kaggle/input/datasets/rayeedaabir/lag-database-part1-uk/LAG_database_part1_UK/suspicious_glaucoma/image/4849.jpg,Glaucoma,6,train,d56c74334acd6a31
T3_LAG,/kaggle/input/datasets/rayeedaabir/lag-database-part1-uk/LAG_database_part1_UK/suspicious_glaucoma/image/4856.jpg,Glaucoma,6,test,d1d37464579b5264
T3_LAG,/kaggle/input/datasets/rayeedaabir/lag-database-part1-uk/LAG_database_part1_UK/suspicious_glaucoma/image/4858.jpg,Glaucoma,6,train,813f64e601dd5567
T3_LAG,/kaggle/input/datasets/rayeedaabir/lag-database-part1-uk/LAG_database_part1_UK/suspicious_glaucoma/image/4861.jpg,Glaucoma,6,train,82362d6d92926d6f
T3_LAG,/kaggle/input/datasets/rayeedaabir/lag-database-part1-uk/LAG_database_part1_UK/suspicious_glaucoma/image/4864.jpg,Glaucoma,6,train,d3c2646c179b7564
T3_LAG,/kaggle/input/datasets/rayeedaabir/lag-database-part1-uk/LAG_database_part1_UK/suspicious_glaucoma/image/4866.jpg,Glaucoma,6,train,939b6c6c13935972
T3_LAG,/kaggle/input/datasets/rayeedaabir/lag-database-part1-uk/LAG_database_part1_UK/suspicious_glaucoma/image/4872.jpg,Glaucoma,6,train,c26f38b94ec73138
T3_LAG,/kaggle/input/datasets/rayeedaabir/lag-database-part1-uk/LAG_database_part1_UK/suspicious_glaucoma/image/4877.jpg,Glaucoma,6,train,9939666799996562
T3_LAG,/kaggle/input/datasets/rayeedaabir/lag-database-part1-uk/LAG_database_part1_UK/suspicious_glaucoma/image/4886.jpg,Glaucoma,6,train,cedf307b40cf803c
T3_LAG,/kaggle/input/datasets/rayeedaabir/lag-database-part1-uk/LAG_database_part1_UK/suspicious_glaucoma/image/4889.jpg,Glaucoma,6,test,817302c00fcf6f77
T3_LAG,/kaggle/input/datasets/rayeedaabir/lag-database-part1-uk/LAG_database_part1_UK/suspicious_glaucoma/image/4904.jpg,Glaucoma,6,test,83c73c3c40c3c79f
T3_LAG,/kaggle/input/datasets/rayeedaabir/lag-database-part1-uk/LAG_database_part1_UK/suspicious_glaucoma/image/4906.jpg,Glaucoma,6,val,c1933c7e02e3e13e
T3_LAG,/kaggle/input/datasets/rayeedaabir/lag-database-part1-uk/LAG_database_part1_UK/suspicious_glaucoma/image/4912.jpg,Glaucoma,6,train,d9e0669ad9266699
T3_LAG,/kaggle/input/datasets/rayeedaabir/lag-database-part1-uk/LAG_database_part1_UK/suspicious_glaucoma/image/4925.jpg,Glaucoma,6,train,d55e54a9255255ad
T3_LAG,/kaggle/input/datasets/rayeedaabir/lag-database-part1-uk/LAG_database_part1_UK/suspicious_glaucoma/image/4933.jpg,Glaucoma,6,train,c15b107b01ff11fc
T3_LAG,/kaggle/input/datasets/rayeedaabir/lag-database-part1-uk/LAG_database_part1_UK/suspicious_glaucoma/image/4935.jpg,Glaucoma,6,train,801f03ff001f07ff
T3_LAG,/kaggle/input/datasets/rayeedaabir/lag-database-part1-uk/LAG_database_part1_UK/suspicious_glaucoma/image/4943.jpg,Glaucoma,6,train,945a756855ba526d
T3_LAG,/kaggle/input/datasets/rayeedaabir/lag-database-part1-uk/LAG_database_part1_UK/suspicious_glaucoma/image/4944.jpg,Glaucoma,6,test,d5a45d2756d64949
T3_LAG,/kaggle/input/datasets/rayeedaabir/lag-database-part1-uk/LAG_database_part1_UK/suspicious_glaucoma/image/4947.jpg,Glaucoma,6,train,80c3071f63e13f1f
T3_LAG,/kaggle/input/datasets/rayeedaabir/lag-database-part1-uk/LAG_database_part1_UK/suspicious_glaucoma/image/4959.jpg,Glaucoma,6,train,c1c23e1ee3c13e1e
T3_LAG,/kaggle/input/datasets/rayeedaabir/lag-database-part1-uk/LAG_database_part1_UK/suspicious_glaucoma/image/4960.jpg,Glaucoma,6,train,dc1f617b00fd04ce
T3_LAG,/kaggle/input/datasets/rayeedaabir/lag-database-part1-uk/LAG_database_part1_UK/suspicious_glaucoma/image/4975.jpg,Glaucoma,6,train,c3c7383c62c78739
T3_LAG,/kaggle/input/datasets/rayeedaabir/lag-database-part1-uk/LAG_database_part1_UK/suspicious_glaucoma/image/4980.jpg,Glaucoma,6,train,86df307946cf0479
T3_LAG,/kaggle/input/datasets/rayeedaabir/lag-database-part1-uk/LAG_database_part1_UK/suspicious_glaucoma/image/4984.jpg,Glaucoma,6,test,8347003d07cfcf7c
T3_LAG,/kaggle/input/datasets/rayeedaabir/lag-database-part1-uk/LAG_database_part1_UK/suspicious_glaucoma/image/4986.jpg,Glaucoma,6,test,943655c94d695a97
T3_LAG,/kaggle/input/datasets/rayeedaabir/lag-database-part1-uk/LAG_database_part1_UK/suspicious_glaucoma/image/4999.jpg,Glaucoma,6,test,d6926d6c0f969685
T3_LAG,/kaggle/input/datasets/rayeedaabir/lag-database-part1-uk/LAG_database_part1_UK/suspicious_glaucoma/image/5003.jpg,Glaucoma,6,train,86de31394ece3133
T3_LAG,/kaggle/input/datasets/rayeedaabir/lag-database-part1-uk/LAG_database_part1_UK/suspicious_glaucoma/image/5004.jpg,Glaucoma,6,test,c16f103c07e71f3c
T3_LAG,/kaggle/input/datasets/rayeedaabir/lag-database-part1-uk/LAG_database_part1_UK/suspicious_glaucoma/image/5008.jpg,Glaucoma,6,train,806e21f90f679f92
T3_LAG,/kaggle/input/datasets/rayeedaabir/lag-database-part1-uk/LAG_database_part1_UK/suspicious_glaucoma/image/5013.jpg,Glaucoma,6,test,94756b4995946b4b
T3_LAG,/kaggle/input/datasets/rayeedaabir/lag-database-part1-uk/LAG_database_part1_UK/suspicious_glaucoma/image/5016.jpg,Glaucoma,6,test,c1d01e3ee3e3383c
T3_LAG,/kaggle/input/datasets/rayeedaabir/lag-database-part1-uk/LAG_database_part1_UK/suspicious_glaucoma/image/5017.jpg,Glaucoma,6,train,cc6633b3cccc7330
T3_LAG,/kaggle/input/datasets/rayeedaabir/lag-database-part1-uk/LAG_database_part1_UK/suspicious_glaucoma/image/5023.jpg,Glaucoma,6,train,95ad55b556554a94
T3_LAG,/kaggle/input/datasets/rayeedaabir/lag-database-part1-uk/LAG_database_part1_UK/suspicious_glaucoma/image/5024.jpg,Glaucoma,6,val,c070030f2fe0bf9f
T3_LAG,/kaggle/input/datasets/rayeedaabir/lag-database-part1-uk/LAG_database_part1_UK/suspicious_glaucoma/image/5033.jpg,Glaucoma,6,val,86af313908cece79
T3_LAG,/kaggle/input/datasets/rayeedaabir/lag-database-part1-uk/LAG_database_part1_UK/suspicious_glaucoma/image/5034.jpg,Glaucoma,6,train,c1c33c3c18e3c17f
T3_LAG,/kaggle/input/datasets/rayeedaabir/lag-database-part1-uk/LAG_database_part1_UK/suspicious_glaucoma/image/5038.jpg,Glaucoma,6,train,92926d6d0793936e
T3_LAG,/kaggle/input/datasets/rayeedaabir/lag-database-part1-uk/LAG_database_part1_UK/suspicious_glaucoma/image/5044.jpg,Glaucoma,6,train,d3a2552d92936a6d
T3_LAG,/kaggle/input/datasets/rayeedaabir/lag-database-part1-uk/LAG_database_part1_UK/suspicious_glaucoma/image/5050.jpg,Glaucoma,6,val,c65b3934c4c63e35
T3_LAG,/kaggle/input/datasets/rayeedaabir/lag-database-part1-uk/LAG_database_part1_UK/suspicious_glaucoma/image/5051.jpg,Glaucoma,6,train,86576a6c6197b643
T3_LAG,/kaggle/input/datasets/rayeedaabir/lag-database-part1-uk/LAG_database_part1_UK/suspicious_glaucoma/image/5053.jpg,Glaucoma,6,test,c33c38e9c3383f0e
T3_LAG,/kaggle/input/datasets/rayeedaabir/lag-database-part1-uk/LAG_database_part1_UK/suspicious_glaucoma/image/5057.jpg,Glaucoma,6,train,8169656711dd5537
T3_LAG,/kaggle/input/datasets/rayeedaabir/lag-database-part1-uk/LAG_database_part1_UK/suspicious_glaucoma/image/5059.jpg,Glaucoma,6,test,8077103e03cf177f
T3_LAG,/kaggle/input/datasets/rayeedaabir/lag-database-part1-uk/LAG_database_part1_UK/suspicious_glaucoma/image/5060.jpg,Glaucoma,6,test,923b65609bd46c6d
T3_LAG,/kaggle/input/datasets/rayeedaabir/lag-database-part1-uk/LAG_database_part1_UK/suspicious_glaucoma/image/5065.jpg,Glaucoma,6,train,89caf528d59a5566
T3_LAG,/kaggle/input/datasets/rayeedaabir/lag-database-part1-uk/LAG_database_part1_UK/suspicious_glaucoma/image/5067.jpg,Glaucoma,6,train,c3c73c3c46c78939
T3_LAG,/kaggle/input/datasets/rayeedaabir/lag-database-part1-uk/LAG_database_part1_UK/suspicious_glaucoma/image/5070.jpg,Glaucoma,6,train,c07f130f20fcd09f
T3_LAG,/kaggle/input/datasets/rayeedaabir/lag-database-part1-uk/LAG_database_part1_UK/suspicious_glaucoma/image/5077.jpg,Glaucoma,6,val,deff30fb00ce0078
T3_LAG,/kaggle/input/datasets/rayeedaabir/lag-database-part1-uk/LAG_database_part1_UK/suspicious_glaucoma/image/5086.jpg,Glaucoma,6,train,83f73c6ac3e43c18
T3_LAG,/kaggle/input/datasets/rayeedaabir/lag-database-part1-uk/LAG_database_part1_UK/suspicious_glaucoma/image/5103.jpg,Glaucoma,6,train,d5a5564a55b5145b
T3_LAG,/kaggle/input/datasets/rayeedaabir/lag-database-part1-uk/LAG_database_part1_UK/suspicious_glaucoma/image/5104.jpg,Glaucoma,6,test,d47e23b750dc1037
T3_LAG,/kaggle/input/datasets/rayeedaabir/lag-database-part1-uk/LAG_database_part1_UK/suspicious_glaucoma/image/5113.jpg,Glaucoma,6,train,c2c73c3830c7c7cd
T3_LAG,/kaggle/input/datasets/rayeedaabir/lag-database-part1-uk/LAG_database_part1_UK/suspicious_glaucoma/image/5124.jpg,Glaucoma,6,test,d3c2246d9b93646d
T3_LAG,/kaggle/input/datasets/rayeedaabir/lag-database-part1-uk/LAG_database_part1_UK/suspicious_glaucoma/image/5129.jpg,Glaucoma,6,val,d6946dcd1692686d
T3_LAG,/kaggle/input/datasets/rayeedaabir/lag-database-part1-uk/LAG_database_part1_UK/suspicious_glaucoma/image/5130.jpg,Glaucoma,6,test,d92a666a999963e2
T3_LAG,/kaggle/input/datasets/rayeedaabir/lag-database-part1-uk/LAG_database_part1_UK/suspicious_glaucoma/image/5136.jpg,Glaucoma,6,test,c3e7383c00c783bf
T3_LAG,/kaggle/input/datasets/rayeedaabir/lag-database-part1-uk/LAG_database_part1_UK/suspicious_glaucoma/image/5141.jpg,Glaucoma,6,train,833e3c47e6633398
T3_LAG,/kaggle/input/datasets/rayeedaabir/lag-database-part1-uk/LAG_database_part1_UK/suspicious_glaucoma/image/5144.jpg,Glaucoma,6,train,d3086cbf8974364b
T3_LAG,/kaggle/input/datasets/rayeedaabir/lag-database-part1-uk/LAG_database_part1_UK/suspicious_glaucoma/image/5153.jpg,Glaucoma,6,train,d129649599dd6666
T3_LAG,/kaggle/input/datasets/rayeedaabir/lag-database-part1-uk/LAG_database_part1_UK/suspicious_glaucoma/image/5158.jpg,Glaucoma,6,train,dd7e60f340cc00fb
T3_LAG,/kaggle/input/datasets/rayeedaabir/lag-database-part1-uk/LAG_database_part1_UK/suspicious_glaucoma/image/5164.jpg,Glaucoma,6,val,956a45ab55ae552a
T3_LAG,/kaggle/input/datasets/rayeedaabir/lag-database-part1-uk/LAG_database_part1_UK/suspicious_glaucoma/image/5166.jpg,Glaucoma,6,val,9194666a999d7476
T3_LAG,/kaggle/input/datasets/rayeedaabir/lag-database-part1-uk/LAG_database_part1_UK/suspicious_glaucoma/image/5167.jpg,Glaucoma,6,train,86793954c71d3ba8
T3_LAG,/kaggle/input/datasets/rayeedaabir/lag-database-part1-uk/LAG_database_part1_UK/suspicious_glaucoma/image/5170.jpg,Glaucoma,6,train,d938663299cd6366
T3_LAG,/kaggle/input/datasets/rayeedaabir/lag-database-part1-uk/LAG_database_part1_UK/suspicious_glaucoma/image/5171.jpg,Glaucoma,6,train,c65e3139ccce3331
T3_LAG,/kaggle/input/datasets/rayeedaabir/lag-database-part1-uk/LAG_database_part1_UK/suspicious_glaucoma/image/5176.jpg,Glaucoma,6,val,debf30e6c67810c4
T3_LAG,/kaggle/input/datasets/rayeedaabir/lag-database-part1-uk/LAG_database_part1_UK/suspicious_glaucoma/image/5182.jpg,Glaucoma,6,train,95cb55b4554b5495
T3_LAG,/kaggle/input/datasets/rayeedaabir/lag-database-part1-uk/LAG_database_part1_UK/suspicious_glaucoma/image/5190.jpg,Glaucoma,6,test,c32a65b517e45595
T3_LAG,/kaggle/input/datasets/rayeedaabir/lag-database-part1-uk/LAG_database_part1_UK/suspicious_glaucoma/image/5192.jpg,Glaucoma,6,train,c1966d71139c75a6
T3_LAG,/kaggle/input/datasets/rayeedaabir/lag-database-part1-uk/LAG_database_part1_UK/suspicious_glaucoma/image/5196.jpg,Glaucoma,6,test,d2c26d2d92916d6d
T3_LAG,/kaggle/input/datasets/rayeedaabir/lag-database-part1-uk/LAG_database_part1_UK/suspicious_glaucoma/image/5200.jpg,Glaucoma,6,train,cc673130cecc383f
T3_LAG,/kaggle/input/datasets/rayeedaabir/lag-database-part1-uk/LAG_database_part1_UK/suspicious_glaucoma/image/5204.jpg,Glaucoma,6,train,c09d1f1ee1e01e1f
T3_LAG,/kaggle/input/datasets/rayeedaabir/lag-database-part1-uk/LAG_database_part1_UK/suspicious_glaucoma/image/5209.jpg,Glaucoma,6,train,c16b3e9f41e3003f
T3_LAG,/kaggle/input/datasets/rayeedaabir/lag-database-part1-uk/LAG_database_part1_UK/suspicious_glaucoma/image/5210.jpg,Glaucoma,6,val,94fc010303fcf8df
T3_LAG,/kaggle/input/datasets/rayeedaabir/lag-database-part1-uk/LAG_database_part1_UK/suspicious_glaucoma/image/5211.jpg,Glaucoma,6,train,95b66a4b34b44b4b
T3_LAG,/kaggle/input/datasets/rayeedaabir/lag-database-part1-uk/LAG_database_part1_UK/suspicious_glaucoma/image/5220.jpg,Glaucoma,6,val,d193756445ddd894
T3_LAG,/kaggle/input/datasets/rayeedaabir/lag-database-part1-uk/LAG_database_part1_UK/suspicious_glaucoma/image/5225.jpg,Glaucoma,6,train,93ab65e513996465
T3_LAG,/kaggle/input/datasets/rayeedaabir/lag-database-part1-uk/LAG_database_part1_UK/suspicious_glaucoma/image/5232.jpg,Glaucoma,6,train,92cd6d2512f66c69
T3_LAG,/kaggle/input/datasets/rayeedaabir/lag-database-part1-uk/LAG_database_part1_UK/suspicious_glaucoma/image/5234.jpg,Glaucoma,6,train,c13e307e077c3f48
T3_LAG,/kaggle/input/datasets/rayeedaabir/lag-database-part1-uk/LAG_database_part1_UK/suspicious_glaucoma/image/5237.jpg,Glaucoma,6,val,c0e11f3f68e0c31f
T3_LAG,/kaggle/input/datasets/rayeedaabir/lag-database-part1-uk/LAG_database_part1_UK/suspicious_glaucoma/image/5243.jpg,Glaucoma,6,test,c4603b5ec4b137c7
T3_LAG,/kaggle/input/datasets/rayeedaabir/lag-database-part1-uk/LAG_database_part1_UK/suspicious_glaucoma/image/5244.jpg,Glaucoma,6,train,81db3c7e43e70439
T3_LAG,/kaggle/input/datasets/rayeedaabir/lag-database-part1-uk/LAG_database_part1_UK/suspicious_glaucoma/image/5245.jpg,Glaucoma,6,train,c2c7393942c6cf39
T3_LAG,/kaggle/input/datasets/rayeedaabir/lag-database-part1-uk/LAG_database_part1_UK/suspicious_glaucoma/image/5246.jpg,Glaucoma,6,val,884f67559c1d791a
T3_LAG,/kaggle/input/datasets/rayeedaabir/lag-database-part1-uk/LAG_database_part1_UK/suspicious_glaucoma/image/5248.jpg,Glaucoma,6,train,dde931a7509d0437
T3_LAG,/kaggle/input/datasets/rayeedaabir/lag-database-part1-uk/LAG_database_part1_UK/suspicious_glaucoma/image/5255.jpg,Glaucoma,6,train,9292696d6d9695b1
T3_LAG,/kaggle/input/datasets/rayeedaabir/lag-database-part1-uk/LAG_database_part1_UK/suspicious_glaucoma/image/5259.jpg,Glaucoma,6,train,93a66d9b13c96534
T3_LAG,/kaggle/input/datasets/rayeedaabir/lag-database-part1-uk/LAG_database_part1_UK/suspicious_glaucoma/image/5260.jpg,Glaucoma,6,train,d6b0694d96926d69
T3_LAG,/kaggle/input/datasets/rayeedaabir/lag-database-part1-uk/LAG_database_part1_UK/suspicious_glaucoma/image/5263.jpg,Glaucoma,6,train,c3713c9cc38b3556
T3_LAG,/kaggle/input/datasets/rayeedaabir/lag-database-part1-uk/LAG_database_part1_UK/suspicious_glaucoma/image/5264.jpg,Glaucoma,6,test,81e7383c18e7c3e6
T3_LAG,/kaggle/input/datasets/rayeedaabir/lag-database-part1-uk/LAG_database_part1_UK/suspicious_glaucoma/image/5267.jpg,Glaucoma,6,train,ccdc33730cdc0d33
T3_LAG,/kaggle/input/datasets/rayeedaabir/lag-database-part1-uk/LAG_database_part1_UK/suspicious_glaucoma/image/5268.jpg,Glaucoma,6,train,9b9b642c9b9b6462
T3_LAG,/kaggle/input/datasets/rayeedaabir/lag-database-part1-uk/LAG_database_part1_UK/suspicious_glaucoma/image/5269.jpg,Glaucoma,6,test,80f9171f0fe0e1f1
T3_LAG,/kaggle/input/datasets/rayeedaabir/lag-database-part1-uk/LAG_database_part1_UK/suspicious_glaucoma/image/5274.jpg,Glaucoma,6,train,c6ff307846cf2131
T3_LAG,/kaggle/input/datasets/rayeedaabir/lag-database-part1-uk/LAG_database_part1_UK/suspicious_glaucoma/image/5276.jpg,Glaucoma,6,train,c1c13c3e53e1e13e
T3_LAG,/kaggle/input/datasets/rayeedaabir/lag-database-part1-uk/LAG_database_part1_UK/suspicious_glaucoma/image/5283.jpg,Glaucoma,6,train,86ef383903c78739
T3_LAG,/kaggle/input/datasets/rayeedaabir/lag-database-part1-uk/LAG_database_part1_UK/suspicious_glaucoma/image/5293.jpg,Glaucoma,6,train,c09f307903ef0779
T3_LAG,/kaggle/input/datasets/rayeedaabir/lag-database-part1-uk/LAG_database_part1_UK/suspicious_glaucoma/image/5295.jpg,Glaucoma,6,train,c0c87f371696e8e1
T3_LAG,/kaggle/input/datasets/rayeedaabir/lag-database-part1-uk/LAG_database_part1_UK/suspicious_glaucoma/image/5297.jpg,Glaucoma,6,train,c6cf3139c6cf0139
T3_LAG,/kaggle/input/datasets/rayeedaabir/lag-database-part1-uk/LAG_database_part1_UK/suspicious_glaucoma/image/5300.jpg,Glaucoma,6,val,9495691d96d56b4a
T3_LAG,/kaggle/input/datasets/rayeedaabir/lag-database-part1-uk/LAG_database_part1_UK/suspicious_glaucoma/image/5301.jpg,Glaucoma,6,val,c3e33c3c52c3a53c
T3_LAG,/kaggle/input/datasets/rayeedaabir/lag-database-part1-uk/LAG_database_part1_UK/suspicious_glaucoma/image/5307.jpg,Glaucoma,6,train,974b556d5415da91
T3_LAG,/kaggle/input/datasets/rayeedaabir/lag-database-part1-uk/LAG_database_part1_UK/suspicious_glaucoma/image/5310.jpg,Glaucoma,6,train,d39264669b9b6564
T3_LAG,/kaggle/input/datasets/rayeedaabir/lag-database-part1-uk/LAG_database_part1_UK/suspicious_glaucoma/image/5312.jpg,Glaucoma,6,train,c0311f1f70e13e1f
T3_LAG,/kaggle/input/datasets/rayeedaabir/lag-database-part1-uk/LAG_database_part1_UK/suspicious_glaucoma/image/5313.jpg,Glaucoma,6,train,c1e13c1ee3e13d1a
T3_LAG,/kaggle/input/datasets/rayeedaabir/lag-database-part1-uk/LAG_database_part1_UK/suspicious_glaucoma/image/5315.jpg,Glaucoma,6,val,83e7383c42c7a73c
T3_LAG,/kaggle/input/datasets/rayeedaabir/lag-database-part1-uk/LAG_database_part1_UK/suspicious_glaucoma/image/5318.jpg,Glaucoma,6,train,9577554a55a9554a
T3_LAG,/kaggle/input/datasets/rayeedaabir/lag-database-part1-uk/LAG_database_part1_UK/suspicious_glaucoma/image/5320.jpg,Glaucoma,6,train,93d36c6c0793996c
T3_LAG,/kaggle/input/datasets/rayeedaabir/lag-database-part1-uk/LAG_database_part1_UK/suspicious_glaucoma/image/5321.jpg,Glaucoma,6,test,91aa5565d2956e65
T3_LAG,/kaggle/input/datasets/rayeedaabir/lag-database-part1-uk/LAG_database_part1_UK/suspicious_glaucoma/image/5326.jpg,Glaucoma,6,test,9b93646c159bd564
T3_LAG,/kaggle/input/datasets/rayeedaabir/lag-database-part1-uk/LAG_database_part1_UK/suspicious_glaucoma/image/5328.jpg,Glaucoma,6,train,c9eb366649994c36
T3_LAG,/kaggle/input/datasets/rayeedaabir/lag-database-part1-uk/LAG_database_part1_UK/suspicious_glaucoma/image/5333.jpg,Glaucoma,6,train,939a6d6c519a746c
T3_LAG,/kaggle/input/datasets/rayeedaabir/lag-database-part1-uk/LAG_database_part1_UK/suspicious_glaucoma/image/5337.jpg,Glaucoma,6,val,d3e2649b916c659a
T3_LAG,/kaggle/input/datasets/rayeedaabir/lag-database-part1-uk/LAG_database_part1_UK/suspicious_glaucoma/image/5341.jpg,Glaucoma,6,train,86cf3139cec73138
T3_LAG,/kaggle/input/datasets/rayeedaabir/lag-database-part1-uk/LAG_database_part1_UK/suspicious_glaucoma/image/5344.jpg,Glaucoma,6,test,ce4f303bc2cf0339
T3_LAG,/kaggle/input/datasets/rayeedaabir/lag-database-part1-uk/LAG_database_part1_UK/suspicious_glaucoma/image/5346.jpg,Glaucoma,6,train,c13b1e69e5191c57
T3_LAG,/kaggle/input/datasets/rayeedaabir/lag-database-part1-uk/LAG_database_part1_UK/suspicious_glaucoma/image/5347.jpg,Glaucoma,6,train,85a5333b999cc34b
T3_LAG,/kaggle/input/datasets/rayeedaabir/lag-database-part1-uk/LAG_database_part1_UK/suspicious_glaucoma/image/5358.jpg,Glaucoma,6,train,c7de3830c7c73838
T3_LAG,/kaggle/input/datasets/rayeedaabir/lag-database-part1-uk/LAG_database_part1_UK/suspicious_glaucoma/image/5363.jpg,Glaucoma,6,test,c19e3c7141af1c6b
T3_LAG,/kaggle/input/datasets/rayeedaabir/lag-database-part1-uk/LAG_database_part1_UK/suspicious_glaucoma/image/5368.jpg,Glaucoma,6,val,c0e13e1e40e1e73f
T3_LAG,/kaggle/input/datasets/rayeedaabir/lag-database-part1-uk/LAG_database_part1_UK/suspicious_glaucoma/image/5375.jpg,Glaucoma,6,train,95a555d556956a49
T3_LAG,/kaggle/input/datasets/rayeedaabir/lag-database-part1-uk/LAG_database_part1_UK/suspicious_glaucoma/image/5382.jpg,Glaucoma,6,train,d5b54ada34b54a4a
T3_LAG,/kaggle/input/datasets/rayeedaabir/lag-database-part1-uk/LAG_database_part1_UK/suspicious_glaucoma/image/5386.jpg,Glaucoma,6,test,d23f6d9292686d19
T3_LAG,/kaggle/input/datasets/rayeedaabir/lag-database-part1-uk/LAG_database_part1_UK/suspicious_glaucoma/image/5395.jpg,Glaucoma,6,val,d3e26d2d1399646c
T3_LAG,/kaggle/input/datasets/rayeedaabir/lag-database-part1-uk/LAG_database_part1_UK/suspicious_glaucoma/image/5404.jpg,Glaucoma,6,train,fcf560ce007b01cf
T3_LAG,/kaggle/input/datasets/rayeedaabir/lag-database-part1-uk/LAG_database_part1_UK/suspicious_glaucoma/image/5405.jpg,Glaucoma,6,train,87ce30315bcec639
T3_LAG,/kaggle/input/datasets/rayeedaabir/lag-database-part1-uk/LAG_database_part1_UK/suspicious_glaucoma/image/5406.jpg,Glaucoma,6,train,95696ab5b54a48b5
T3_LAG,/kaggle/input/datasets/rayeedaabir/lag-database-part1-uk/LAG_database_part1_UK/suspicious_glaucoma/image/5409.jpg,Glaucoma,6,train,d52b52bc55c25a35
T3_LAG,/kaggle/input/datasets/rayeedaabir/lag-database-part1-uk/LAG_database_part1_UK/suspicious_glaucoma/image/5412.jpg,Glaucoma,6,train,86de313148ce8f73
T3_LAG,/kaggle/input/datasets/rayeedaabir/lag-database-part1-uk/LAG_database_part1_UK/suspicious_glaucoma/image/5421.jpg,Glaucoma,6,train,c13b3ee4e1d21e4c
T3_LAG,/kaggle/input/datasets/rayeedaabir/lag-database-part1-uk/LAG_database_part1_UK/suspicious_glaucoma/image/5433.jpg,Glaucoma,6,train,8697387986c71379
T3_LAG,/kaggle/input/datasets/rayeedaabir/lag-database-part1-uk/LAG_database_part1_UK/suspicious_glaucoma/image/5437.jpg,Glaucoma,6,train,c0213e5ae19f3cf1
T3_LAG,/kaggle/input/datasets/rayeedaabir/lag-database-part1-uk/LAG_database_part1_UK/suspicious_glaucoma/image/5441.jpg,Glaucoma,6,train,804f033f0fbc3f38
T3_LAG,/kaggle/input/datasets/rayeedaabir/lag-database-part1-uk/LAG_database_part1_UK/suspicious_glaucoma/image/5452.jpg,Glaucoma,6,train,92cf28bb46ce3139
T3_LAG,/kaggle/input/datasets/rayeedaabir/lag-database-part1-uk/LAG_database_part1_UK/suspicious_glaucoma/image/5458.jpg,Glaucoma,6,train,c07c1b1f20f0e0ff
T3_LAG,/kaggle/input/datasets/rayeedaabir/lag-database-part1-uk/LAG_database_part1_UK/suspicious_glaucoma/image/5460.jpg,Glaucoma,6,val,ce873138cec73338
T3_LAG,/kaggle/input/datasets/rayeedaabir/lag-database-part1-uk/LAG_database_part1_UK/suspicious_glaucoma/image/5464.jpg,Glaucoma,6,test,d1bd64f911c676c0
T3_LAG,/kaggle/input/datasets/rayeedaabir/lag-database-part1-uk/LAG_database_part1_UK/suspicious_glaucoma/image/5467.jpg,Glaucoma,6,train,d2956d4592926d6d
T3_LAG,/kaggle/input/datasets/rayeedaabir/lag-database-part1-uk/LAG_database_part1_UK/suspicious_glaucoma/image/5479.jpg,Glaucoma,6,test,9581656d12d76c6d
T3_LAG,/kaggle/input/datasets/rayeedaabir/lag-database-part1-uk/LAG_database_part1_UK/suspicious_glaucoma/image/5483.jpg,Glaucoma,6,train,c1ea1cbc43c31f3c
T3_LAG,/kaggle/input/datasets/rayeedaabir/lag-database-part1-uk/LAG_database_part1_UK/suspicious_glaucoma/image/5485.jpg,Glaucoma,6,test,c3df383ec0e3303c
T3_LAG,/kaggle/input/datasets/rayeedaabir/lag-database-part1-uk/LAG_database_part1_UK/suspicious_glaucoma/image/5486.jpg,Glaucoma,6,train,d527549d517640dd
T3_LAG,/kaggle/input/datasets/rayeedaabir/lag-database-part1-uk/LAG_database_part1_UK/suspicious_glaucoma/image/5488.jpg,Glaucoma,6,val,9399646c13da6de4
T3_LAG,/kaggle/input/datasets/rayeedaabir/lag-database-part1-uk/LAG_database_part1_UK/suspicious_glaucoma/image/5491.jpg,Glaucoma,6,test,c7c7383c41c7c33c
T3_LAG,/kaggle/input/datasets/rayeedaabir/lag-database-part1-uk/LAG_database_part1_UK/suspicious_glaucoma/image/5494.jpg,Glaucoma,6,test,d09f07f8f00f07f0
T3_LAG,/kaggle/input/datasets/rayeedaabir/lag-database-part1-uk/LAG_database_part1_UK/suspicious_glaucoma/image/5498.jpg,Glaucoma,6,test,92726d9312ed6d92
T3_LAG,/kaggle/input/datasets/rayeedaabir/lag-database-part1-uk/LAG_database_part1_UK/suspicious_glaucoma/image/5499.jpg,Glaucoma,6,train,c13c1ee1e11e1ee3
T3_LAG,/kaggle/input/datasets/rayeedaabir/lag-database-part1-uk/LAG_database_part1_UK/suspicious_glaucoma/image/5500.jpg,Glaucoma,6,train,d19b556566647a92
T3_LAG,/kaggle/input/datasets/rayeedaabir/lag-database-part1-uk/LAG_database_part1_UK/suspicious_glaucoma/image/5511.jpg,Glaucoma,6,test,d326652d92996c6d
T3_LAG,/kaggle/input/datasets/rayeedaabir/lag-database-part1-uk/LAG_database_part1_UK/suspicious_glaucoma/image/5517.jpg,Glaucoma,6,test,91956e4c13da7566
T3_LAG,/kaggle/input/datasets/rayeedaabir/lag-database-part1-uk/LAG_database_part1_UK/suspicious_glaucoma/image/5520.jpg,Glaucoma,6,train,c6473939c4ce3726
T3_LAG,/kaggle/input/datasets/rayeedaabir/lag-database-part1-uk/LAG_database_part1_UK/suspicious_glaucoma/image/5525.jpg,Glaucoma,6,val,86c7393941cd2377
T3_LAG,/kaggle/input/datasets/rayeedaabir/lag-database-part1-uk/LAG_database_part1_UK/suspicious_glaucoma/image/5527.jpg,Glaucoma,6,test,c0610f1ff3e02f1e
T3_LAG,/kaggle/input/datasets/rayeedaabir/lag-database-part1-uk/LAG_database_part1_UK/suspicious_glaucoma/image/5533.jpg,Glaucoma,6,train,80b3243e18ff43e7
T3_LAG,/kaggle/input/datasets/rayeedaabir/lag-database-part1-uk/LAG_database_part1_UK/suspicious_glaucoma/image/5539.jpg,Glaucoma,6,train,96e16d96926c6d91
T3_LAG,/kaggle/input/datasets/rayeedaabir/lag-database-part1-uk/LAG_database_part1_UK/suspicious_glaucoma/image/5541.jpg,Glaucoma,6,val,d3976d6d1492740e
T3_LAG,/kaggle/input/datasets/rayeedaabir/lag-database-part1-uk/LAG_database_part1_UK/suspicious_glaucoma/image/5542.jpg,Glaucoma,6,train,c1c33e1c41e1e33f
T3_LAG,/kaggle/input/datasets/rayeedaabir/lag-database-part1-uk/LAG_database_part1_UK/suspicious_glaucoma/image/5546.jpg,Glaucoma,6,val,83c7383c45c73b39
T3_LAG,/kaggle/input/datasets/rayeedaabir/lag-database-part1-uk/LAG_database_part1_UK/suspicious_glaucoma/image/5548.jpg,Glaucoma,6,train,95944b6b95b49569
T3_LAG,/kaggle/input/datasets/rayeedaabir/lag-database-part1-uk/LAG_database_part1_UK/suspicious_glaucoma/image/5552.jpg,Glaucoma,6,train,c17b10fe03cf0373
T3_LAG,/kaggle/input/datasets/rayeedaabir/lag-database-part1-uk/LAG_database_part1_UK/suspicious_glaucoma/image/5555.jpg,Glaucoma,6,train,8c2d33b34dcc2727
T3_LAG,/kaggle/input/datasets/rayeedaabir/lag-database-part1-uk/LAG_database_part1_UK/suspicious_glaucoma/image/5562.jpg,Glaucoma,6,val,d5ce5a35065439b5
T3_LAG,/kaggle/input/datasets/rayeedaabir/lag-database-part1-uk/LAG_database_part1_UK/suspicious_glaucoma/image/5563.jpg,Glaucoma,6,train,c6c5551e556917d2
T3_LAG,/kaggle/input/datasets/rayeedaabir/lag-database-part1-uk/LAG_database_part1_UK/suspicious_glaucoma/image/5565.jpg,Glaucoma,6,train,c3b73c5c43c3383a
T3_LAG,/kaggle/input/datasets/rayeedaabir/lag-database-part1-uk/LAG_database_part1_UK/suspicious_glaucoma/image/5573.jpg,Glaucoma,6,test,86ef383147c73938
T3_LAG,/kaggle/input/datasets/rayeedaabir/lag-database-part1-uk/LAG_database_part1_UK/suspicious_glaucoma/image/5575.jpg,Glaucoma,6,train,93a96593d3655691
T3_LAG,/kaggle/input/datasets/rayeedaabir/lag-database-part1-uk/LAG_database_part1_UK/suspicious_glaucoma/image/5576.jpg,Glaucoma,6,train,d732456d56935265
T3_LAG,/kaggle/input/datasets/rayeedaabir/lag-database-part1-uk/LAG_database_part1_UK/suspicious_glaucoma/image/5578.jpg,Glaucoma,6,train,d595557554d44a6a
T3_LAG,/kaggle/input/datasets/rayeedaabir/lag-database-part1-uk/LAG_database_part1_UK/suspicious_glaucoma/image/5580.jpg,Glaucoma,6,train,84ce213102cfcfbf
T3_LAG,/kaggle/input/datasets/rayeedaabir/lag-database-part1-uk/LAG_database_part1_UK/suspicious_glaucoma/image/5581.jpg,Glaucoma,6,train,817920cf43bc3de3
T3_LAG,/kaggle/input/datasets/rayeedaabir/lag-database-part1-uk/LAG_database_part1_UK/suspicious_glaucoma/image/5583.jpg,Glaucoma,6,train,c47f030764fe130f
T3_LAG,/kaggle/input/datasets/rayeedaabir/lag-database-part1-uk/LAG_database_part1_UK/suspicious_glaucoma/image/5590.jpg,Glaucoma,6,train,d924669b99216de6
T3_LAG,/kaggle/input/datasets/rayeedaabir/lag-database-part1-uk/LAG_database_part1_UK/suspicious_glaucoma/image/5594.jpg,Glaucoma,6,train,c3bc38c7c33838c7
T3_LAG,/kaggle/input/datasets/rayeedaabir/lag-database-part1-uk/LAG_database_part1_UK/suspicious_glaucoma/image/5601.jpg,Glaucoma,6,train,d1c974645599db25
T3_LAG,/kaggle/input/datasets/rayeedaabir/lag-database-part1-uk/LAG_database_part1_UK/suspicious_glaucoma/image/5612.jpg,Glaucoma,6,train,f63f807980ef007b
T3_LAG,/kaggle/input/datasets/rayeedaabir/lag-database-part1-uk/LAG_database_part1_UK/suspicious_glaucoma/image/5616.jpg,Glaucoma,6,train,d6a86da692e96d12
T3_LAG,/kaggle/input/datasets/rayeedaabir/lag-database-part1-uk/LAG_database_part1_UK/suspicious_glaucoma/image/5629.jpg,Glaucoma,6,train,c2cf303820cfc7cf
T3_LAG,/kaggle/input/datasets/rayeedaabir/lag-database-part1-uk/LAG_database_part1_UK/suspicious_glaucoma/image/5634.jpg,Glaucoma,6,train,83d738b4c3c7383c
T3_LAG,/kaggle/input/datasets/rayeedaabir/lag-database-part1-uk/LAG_database_part1_UK/suspicious_glaucoma/image/5639.jpg,Glaucoma,6,train,950b5464dd99db64
T3_LAG,/kaggle/input/datasets/rayeedaabir/lag-database-part1-uk/LAG_database_part1_UK/suspicious_glaucoma/image/5642.jpg,Glaucoma,6,train,c07f007c03f2cff8
T3_LAG,/kaggle/input/datasets/rayeedaabir/lag-database-part1-uk/LAG_database_part1_UK/suspicious_glaucoma/image/5645.jpg,Glaucoma,6,train,c77438c3c78e3871
T3_LAG,/kaggle/input/datasets/rayeedaabir/lag-database-part1-uk/LAG_database_part1_UK/suspicious_glaucoma/image/5647.jpg,Glaucoma,6,train,c01f106b43b41f7f
T3_LAG,/kaggle/input/datasets/rayeedaabir/lag-database-part1-uk/LAG_database_part1_UK/suspicious_glaucoma/image/5656.jpg,Glaucoma,6,val,d2926d6d92936d64
T3_LAG,/kaggle/input/datasets/rayeedaabir/lag-database-part1-uk/LAG_database_part1_UK/suspicious_glaucoma/image/5657.jpg,Glaucoma,6,train,84c7387946cf833b
T3_LAG,/kaggle/input/datasets/rayeedaabir/lag-database-part1-uk/LAG_database_part1_UK/suspicious_glaucoma/image/5658.jpg,Glaucoma,6,train,d747783f00cfc0b4
T3_LAG,/kaggle/input/datasets/rayeedaabir/lag-database-part1-uk/LAG_database_part1_UK/suspicious_glaucoma/image/5663.jpg,Glaucoma,6,train,c05b3f38e0c91e37
T3_LAG,/kaggle/input/datasets/rayeedaabir/lag-database-part1-uk/LAG_database_part1_UK/suspicious_glaucoma/image/5664.jpg,Glaucoma,6,test,c0ef173f50e0151f
T3_LAG,/kaggle/input/datasets/rayeedaabir/lag-database-part1-uk/LAG_database_part1_UK/suspicious_glaucoma/image/5665.jpg,Glaucoma,6,train,94b66b4948b4b7a5
T3_LAG,/kaggle/input/datasets/rayeedaabir/lag-database-part1-uk/LAG_database_part1_UK/suspicious_glaucoma/image/5670.jpg,Glaucoma,6,train,9369659ad3696592
T3_LAG,/kaggle/input/datasets/rayeedaabir/lag-database-part1-uk/LAG_database_part1_UK/suspicious_glaucoma/image/5671.jpg,Glaucoma,6,val,c1a33c23c23f1d5d
T3_LAG,/kaggle/input/datasets/rayeedaabir/lag-database-part1-uk/LAG_database_part1_UK/suspicious_glaucoma/image/5672.jpg,Glaucoma,6,val,953a4d99354c55ad
T3_LAG,/kaggle/input/datasets/rayeedaabir/lag-database-part1-uk/LAG_database_part1_UK/suspicious_glaucoma/image/5676.jpg,Glaucoma,6,train,d1ea7511556556d1
T3_LAG,/kaggle/input/datasets/rayeedaabir/lag-database-part1-uk/LAG_database_part1_UK/suspicious_glaucoma/image/5682.jpg,Glaucoma,6,val,d189746655995b66
T3_LAG,/kaggle/input/datasets/rayeedaabir/lag-database-part1-uk/LAG_database_part1_UK/suspicious_glaucoma/image/5684.jpg,Glaucoma,6,test,d3166dc893936c6c
T3_LAG,/kaggle/input/datasets/rayeedaabir/lag-database-part1-uk/LAG_database_part1_UK/suspicious_glaucoma/image/5689.jpg,Glaucoma,6,train,8d7632c9c97e0e31
T3_LAG,/kaggle/input/datasets/rayeedaabir/lag-database-part1-uk/LAG_database_part1_UK/suspicious_glaucoma/image/5694.jpg,Glaucoma,6,test,c3b23cecc3c13c3c
T3_LAG,/kaggle/input/datasets/rayeedaabir/lag-database-part1-uk/LAG_database_part1_UK/suspicious_glaucoma/image/5695.jpg,Glaucoma,6,train,fc780707f8f80707
T3_LAG,/kaggle/input/datasets/rayeedaabir/lag-database-part1-uk/LAG_database_part1_UK/suspicious_glaucoma/image/5705.jpg,Glaucoma,6,train,d999266699991967
T3_LAG,/kaggle/input/datasets/rayeedaabir/lag-database-part1-uk/LAG_database_part1_UK/suspicious_glaucoma/image/5713.jpg,Glaucoma,6,train,87cf383831c2c7c7
T3_LAG,/kaggle/input/datasets/rayeedaabir/lag-database-part1-uk/LAG_database_part1_UK/suspicious_glaucoma/image/5714.jpg,Glaucoma,6,train,952975e45499da35
T3_LAG,/kaggle/input/datasets/rayeedaabir/lag-database-part1-uk/LAG_database_part1_UK/suspicious_glaucoma/image/5718.jpg,Glaucoma,6,train,d92d6499998267e5
T3_LAG,/kaggle/input/datasets/rayeedaabir/lag-database-part1-uk/LAG_database_part1_UK/suspicious_glaucoma/image/5721.jpg,Glaucoma,6,val,956e49cb16b64969
T3_LAG,/kaggle/input/datasets/rayeedaabir/lag-database-part1-uk/LAG_database_part1_UK/suspicious_glaucoma/image/5723.jpg,Glaucoma,6,train,97e9753d92956841
T3_LAG,/kaggle/input/datasets/rayeedaabir/lag-database-part1-uk/LAG_database_part1_UK/suspicious_glaucoma/image/5727.jpg,Glaucoma,6,train,d3926d6c5592556c
T3_LAG,/kaggle/input/datasets/rayeedaabir/lag-database-part1-uk/LAG_database_part1_UK/suspicious_glaucoma/image/5736.jpg,Glaucoma,6,val,d2926d6d1693b364
T3_LAG,/kaggle/input/datasets/rayeedaabir/lag-database-part1-uk/LAG_database_part1_UK/suspicious_glaucoma/image/5743.jpg,Glaucoma,6,test,946b652f56954969
T3_LAG,/kaggle/input/datasets/rayeedaabir/lag-database-part1-uk/LAG_database_part1_UK/suspicious_glaucoma/image/5747.jpg,Glaucoma,6,train,d2926c641393dd6d
T3_LAG,/kaggle/input/datasets/rayeedaabir/lag-database-part1-uk/LAG_database_part1_UK/suspicious_glaucoma/image/5748.jpg,Glaucoma,6,test,c3df383c42e7013d
T3_LAG,/kaggle/input/datasets/rayeedaabir/lag-database-part1-uk/LAG_database_part1_UK/suspicious_glaucoma/image/5749.jpg,Glaucoma,6,train,cc99377706e0383e
T3_LAG,/kaggle/input/datasets/rayeedaabir/lag-database-part1-uk/LAG_database_part1_UK/suspicious_glaucoma/image/5750.jpg,Glaucoma,6,train,d32d65b3934d6491
T3_LAG,/kaggle/input/datasets/rayeedaabir/lag-database-part1-uk/LAG_database_part1_UK/suspicious_glaucoma/image/5757.jpg,Glaucoma,6,train,92966d696d939668
T3_LAG,/kaggle/input/datasets/rayeedaabir/lag-database-part1-uk/LAG_database_part1_UK/suspicious_glaucoma/image/5764.jpg,Glaucoma,6,train,96966d6955969662
T3_LAG,/kaggle/input/datasets/rayeedaabir/lag-database-part1-uk/LAG_database_part1_UK/suspicious_glaucoma/image/5768.jpg,Glaucoma,6,train,d2286d929bec6c93
T3_LAG,/kaggle/input/datasets/rayeedaabir/lag-database-part1-uk/LAG_database_part1_UK/suspicious_glaucoma/image/5769.jpg,Glaucoma,6,train,d92566de986171cc
T3_LAG,/kaggle/input/datasets/rayeedaabir/lag-database-part1-uk/LAG_database_part1_UK/suspicious_glaucoma/image/5773.jpg,Glaucoma,6,train,c397387c43c71738
T3_LAG,/kaggle/input/datasets/rayeedaabir/lag-database-part1-uk/LAG_database_part1_UK/suspicious_glaucoma/image/5780.jpg,Glaucoma,6,test,d53447ce36b04a6b
T3_LAG,/kaggle/input/datasets/rayeedaabir/lag-database-part1-uk/LAG_database_part1_UK/suspicious_glaucoma/image/5785.jpg,Glaucoma,6,train,95356a4a95966a4f
T3_LAG,/kaggle/input/datasets/rayeedaabir/lag-database-part1-uk/LAG_database_part1_UK/suspicious_glaucoma/image/5786.jpg,Glaucoma,6,train,c14f203e01e7c77e
T3_LAG,/kaggle/input/datasets/rayeedaabir/lag-database-part1-uk/LAG_database_part1_UK/suspicious_glaucoma/image/5796.jpg,Glaucoma,6,train,d157652613fa643a
T3_LAG,/kaggle/input/datasets/rayeedaabir/lag-database-part1-uk/LAG_database_part1_UK/suspicious_glaucoma/image/5797.jpg,Glaucoma,6,train,92926d6d9292f66c
T3_LAG,/kaggle/input/datasets/rayeedaabir/lag-database-part1-uk/LAG_database_part1_UK/suspicious_glaucoma/image/5798.jpg,Glaucoma,6,train,d53945d8526e4ab5
T3_LAG,/kaggle/input/datasets/rayeedaabir/lag-database-part1-uk/LAG_database_part1_UK/suspicious_glaucoma/image/5807.jpg,Glaucoma,6,train,d69269691696556d
T3_LAG,/kaggle/input/datasets/rayeedaabir/lag-database-part1-uk/LAG_database_part1_UK/suspicious_glaucoma/image/5808.jpg,Glaucoma,6,train,decf303b84ce2139
T3_LAG,/kaggle/input/datasets/rayeedaabir/lag-database-part1-uk/LAG_database_part1_UK/suspicious_glaucoma/image/5811.jpg,Glaucoma,6,train,962669de94917978
T3_LAG,/kaggle/input/datasets/rayeedaabir/lag-database-part1-uk/LAG_database_part1_UK/suspicious_glaucoma/image/5825.jpg,Glaucoma,6,train,c0c42d3d3da2e3e3
T3_LAG,/kaggle/input/datasets/rayeedaabir/lag-database-part1-uk/LAG_database_part1_UK/suspicious_glaucoma/image/5826.jpg,Glaucoma,6,train,c767383cc6c79138
T3_LAG,/kaggle/input/datasets/rayeedaabir/lag-database-part1-uk/LAG_database_part1_UK/suspicious_glaucoma/image/5835.jpg,Glaucoma,6,val,c181141e5c6b63ff
T3_LAG,/kaggle/input/datasets/rayeedaabir/lag-database-part1-uk/LAG_database_part1_UK/suspicious_glaucoma/image/5848.jpg,Glaucoma,6,test,919a76e6286d1b4b
T3_LAG,/kaggle/input/datasets/rayeedaabir/lag-database-part1-uk/LAG_database_part1_UK/suspicious_glaucoma/image/5849.jpg,Glaucoma,6,train,c6ff38cec63110c6
